{"type": "FeatureCollection", "features": [{"type": "Feature", "geometry": {"type": "MultiPolygon", "coordinates": [[[[3.3992343, 45.1712511], [3.3991891, 45.1712082], [3.3992554, 45.1711702], [3.399299, 45.1712169], [3.3992343, 45.1712511]]]]}, "properties": {"type": "01", "nom": null, "commune": "43031", "created": "2014-08-08", "updated": "2018-06-12"}}, {"type": "Feature", "geometry": {"type": "MultiPolygon", "coordinates": [[[[3.4093606, 45.1519378], [3.4093977, 45.1520197], [3.4094293, 45.1520126], [3.40945, 45.1520588], [3.4092875, 45.1520957], [3.4092295, 45.1519674], [3.4093606, 45.1519378]]]]}, "properties": {"type": "01", "nom": null, "commune": "43118", "created": "2014-08-07", "updated": "2018-06-12"}}, {"type": "Feature", "geometry": {"type": "MultiPolygon", "coordinates": [[[[3.3943393, 45.1420804], [3.3942861, 45.1420516], [3.3943342, 45.1420185], [3.3943787, 45.1420508], [3.3943393, 45.1420804]]]]}, "properties": {"type": "01", "nom": null, "commune": "43175", "created": "2015-01-14", "updated": "2018-06-12"}}, {"type": "Feature", "geometry": {"type": "MultiPolygon", "coordinates": [[[[3.400505, 45.1714084], [3.4004184, 45.1713203], [3.4005041, 45.1712781], [3.4005901, 45.1713656], [3.400505, 45.1714084]]]]}, "properties": {"type": "01", "nom": null, "commune": "43031", "created": "2014-08-08", "updated": "2018-06-12"}}, {"type": "Feature", "geometry": {"type": "MultiPolygon", "coordinates": [[[[3.4090767, 45.1517158], [3.4091083, 45.1517636], [3.409072, 45.1517756], [3.4090404, 45.1517279], [3.4090767, 45.1517158]]]]}, "properties": {"type": "01", "nom": null, "commune": "43118", "created": "2014-08-07", "updated": "2018-06-12"}}, {"type": "Feature", "geometry": {"type": "MultiPolygon", "coordinates": [[[[3.3945742, 45.1439556], [3.3945082, 45.1439401], [3.3945306, 45.143901], [3.394593, 45.1439156], [3.3945742, 45.1439556]]]]}, "properties": {"type": "01", "nom": null, "commune": "43175", "created": "2015-01-14", "updated": "2018-06-12"}}, {"type": "Feature", "geometry": {"type": "MultiPolygon", "coordinates": [[[[3.4090789, 45.1728181], [3.4090394, 45.1728464], [3.408985, 45.1728853], [3.4089045, 45.1728356], [3.4090003, 45.1727631], [3.4090789, 45.1728181]]]]}, "properties": {"type": "02", "nom": null, "commune": "43031", "created": "2014-08-08", "updated": "2018-06-12"}}, {"type": "Feature", "geometry": {"type": "MultiPolygon", "coordinates": [[[[3.409673, 45.1525705], [3.4097088, 45.1526285], [3.4096187, 45.1526566], [3.4096675, 45.1527355], [3.4095776, 45.1527633], [3.4094927, 45.1526263], [3.409673, 45.1525705]]]]}, "properties": {"type": "01", "nom": null, "commune": "43118", "created": "2014-08-07", "updated": "2018-06-12"}}, {"type": "Feature", "geometry": {"type": "MultiPolygon", "coordinates": [[[[3.4003956, 45.1441819], [3.4003725, 45.1442058], [3.4003403, 45.1441932], [3.4003599, 45.1441682], [3.4003956, 45.1441819]]]]}, "properties": {"type": "01", "nom": null, "commune": "43175", "created": "2015-01-14", "updated": "2018-06-12"}}, {"type": "Feature", "geometry": {"type": "MultiPolygon", "coordinates": [[[[3.4090631, 45.1726504], [3.4091255, 45.1726006], [3.4091422, 45.1726286], [3.4092825, 45.1727044], [3.4092773, 45.1727088], [3.4093305, 45.1727398], [3.4092942, 45.1727711], [3.4092419, 45.1727398], [3.4092182, 45.1727596], [3.4090728, 45.1726823], [3.4090909, 45.1726678], [3.4090631, 45.1726504]]]]}, "properties": {"type": "01", "nom": null, "commune": "43031", "created": "2014-08-08", "updated": "2018-06-12"}}, {"type": "Feature", "geometry": {"type": "MultiPolygon", "coordinates": [[[[3.4111214, 45.1554753], [3.4111734, 45.1556292], [3.4110059, 45.1556577], [3.4109856, 45.1555978], [3.4110637, 45.1555847], [3.4110314, 45.1554897], [3.4111214, 45.1554753]]]]}, "properties": {"type": "01", "nom": null, "commune": "43118", "created": "2014-08-07", "updated": "2018-06-12"}}, {"type": "Feature", "geometry": {"type": "MultiPolygon", "coordinates": [[[[3.3998792, 45.1425678], [3.3999369, 45.1424873], [3.3999906, 45.1425057], [3.3999361, 45.1425865], [3.3998792, 45.1425678]]]]}, "properties": {"type": "03", "nom": null, "commune": "43175", "created": "2025-09-12", "updated": "2025-09-12"}}, {"type": "Feature", "geometry": {"type": "MultiPolygon", "coordinates": [[[[3.4086855, 45.1731301], [3.4086632, 45.1731143], [3.4086819, 45.1731022], [3.4087034, 45.1731176], [3.4086855, 45.1731301]]]]}, "properties": {"type": "01", "nom": null, "commune": "43031", "created": "2014-08-08", "updated": "2018-06-12"}}, {"type": "Feature", "geometry": {"type": "MultiPolygon", "coordinates": [[[[3.410192, 45.1557779], [3.4103531, 45.1557446], [3.4103489, 45.1557346], [3.4104088, 45.1557221], [3.4104401, 45.1557979], [3.410219, 45.1558438], [3.410192, 45.1557779]]]]}, "properties": {"type": "01", "nom": null, "commune": "43118", "created": "2014-08-07", "updated": "2018-06-12"}}, {"type": "Feature", "geometry": {"type": "MultiPolygon", "coordinates": [[[[3.4004752, 45.1427316], [3.40039, 45.1427319], [3.4003879, 45.1427119], [3.4003692, 45.1426115], [3.4004533, 45.1426031], [3.4004739, 45.1427017], [3.4004752, 45.1427316]]]]}, "properties": {"type": "03", "nom": null, "commune": "43175", "created": "2025-09-12", "updated": "2025-09-12"}}, {"type": "Feature", "geometry": {"type": "MultiPolygon", "coordinates": [[[[3.4094368, 45.1733002], [3.4094854, 45.1732756], [3.4095009, 45.1732843], [3.409455, 45.1733108], [3.4094368, 45.1733002]]]]}, "properties": {"type": "02", "nom": null, "commune": "43031", "created": "2014-08-08", "updated": "2018-06-12"}}, {"type": "Feature", "geometry": {"type": "MultiPolygon", "coordinates": [[[[3.4106997, 45.1540729], [3.410543, 45.154074], [3.4105419, 45.1539838], [3.4106453, 45.1539832], [3.4106445, 45.1539245], [3.4107018, 45.1539243], [3.4106997, 45.1540729]]]]}, "properties": {"type": "01", "nom": null, "commune": "43118", "created": "2014-08-07", "updated": "2018-06-12"}}, {"type": "Feature", "geometry": {"type": "MultiPolygon", "coordinates": [[[[3.4036183, 45.1453299], [3.4034458, 45.1453656], [3.4034086, 45.1452535], [3.4035333, 45.1452327], [3.4035709, 45.1452319], [3.4035781, 45.1452673], [3.4036058, 45.145287], [3.4036183, 45.1453299]]]]}, "properties": {"type": "02", "nom": null, "commune": "43175", "created": "2015-01-14", "updated": "2018-06-12"}}, {"type": "Feature", "geometry": {"type": "MultiPolygon", "coordinates": [[[[3.4092889, 45.1732892], [3.4093188, 45.1732596], [3.4093743, 45.173294], [3.4093414, 45.173322], [3.4092889, 45.1732892]]]]}, "properties": {"type": "02", "nom": null, "commune": "43031", "created": "2014-08-08", "updated": "2018-06-12"}}, {"type": "Feature", "geometry": {"type": "MultiPolygon", "coordinates": [[[[3.4101819, 45.1544282], [3.4101078, 45.1544203], [3.4101244, 45.1543245], [3.4102088, 45.1543335], [3.4101942, 45.1544025], [3.4101876, 45.1544018], [3.4101819, 45.1544282]]]]}, "properties": {"type": "01", "nom": null, "commune": "43118", "created": "2014-08-07", "updated": "2018-06-12"}}, {"type": "Feature", "geometry": {"type": "MultiPolygon", "coordinates": [[[[3.4034458, 45.1453656], [3.4036183, 45.1453299], [3.4036062, 45.1454823], [3.4036007, 45.1454899], [3.4035604, 45.1454874], [3.4035395, 45.1455671], [3.4034237, 45.1455848], [3.4033437, 45.1456117], [3.4033236, 45.145549], [3.403461, 45.1455158], [3.4034648, 45.1454643], [3.4034458, 45.1453656]]]]}, "properties": {"type": "01", "nom": null, "commune": "43175", "created": "2015-01-14", "updated": "2018-06-12"}}, {"type": "Feature", "geometry": {"type": "MultiPolygon", "coordinates": [[[[3.4089783, 45.1732565], [3.4090483, 45.1732202], [3.40907, 45.1732375], [3.4090114, 45.1732697], [3.4089783, 45.1732565]]]]}, "properties": {"type": "02", "nom": null, "commune": "43031", "created": "2014-08-08", "updated": "2018-06-12"}}, {"type": "Feature", "geometry": {"type": "MultiPolygon", "coordinates": [[[[3.4105795, 45.1546708], [3.4105057, 45.1546685], [3.4105075, 45.1546395], [3.4105005, 45.1546393], [3.4105053, 45.1545645], [3.4105928, 45.1545673], [3.4105882, 45.1546411], [3.4105814, 45.1546409], [3.4105795, 45.1546708]]]]}, "properties": {"type": "01", "nom": null, "commune": "43118", "created": "2014-08-07", "updated": "2018-06-12"}}, {"type": "Feature", "geometry": {"type": "MultiPolygon", "coordinates": [[[[3.4029506, 45.1435957], [3.4031267, 45.1437798], [3.4029681, 45.1438595], [3.4027375, 45.1436198], [3.4029506, 45.1435957]]]]}, "properties": {"type": "01", "nom": null, "commune": "43175", "created": "2015-01-14", "updated": "2018-06-12"}}, {"type": "Feature", "geometry": {"type": "MultiPolygon", "coordinates": [[[[3.4089084, 45.1733611], [3.4088381, 45.1733349], [3.4088609, 45.1733045], [3.4089338, 45.1733317], [3.4089084, 45.1733611]]]]}, "properties": {"type": "02", "nom": null, "commune": "43031", "created": "2014-08-08", "updated": "2018-06-12"}}, {"type": "Feature", "geometry": {"type": "MultiPolygon", "coordinates": [[[[3.4099362, 45.1546398], [3.409948, 45.1545647], [3.4100764, 45.1545748], [3.4100603, 45.1546778], [3.409922, 45.1546671], [3.4099237, 45.1546394], [3.4099362, 45.1546398]]]]}, "properties": {"type": "01", "nom": null, "commune": "43118", "created": "2014-08-07", "updated": "2018-06-12"}}, {"type": "Feature", "geometry": {"type": "MultiPolygon", "coordinates": [[[[3.4028431, 45.1434835], [3.4029506, 45.1435957], [3.4027375, 45.1436198], [3.4026462, 45.1435249], [3.4028431, 45.1434835]]]]}, "properties": {"type": "01", "nom": null, "commune": "43175", "created": "2015-01-14", "updated": "2018-06-12"}}, {"type": "Feature", "geometry": {"type": "MultiPolygon", "coordinates": [[[[3.408762, 45.1732121], [3.4087007, 45.1731891], [3.408709, 45.1731757], [3.4087719, 45.1731976], [3.408762, 45.1732121]]]]}, "properties": {"type": "02", "nom": null, "commune": "43031", "created": "2014-08-08", "updated": "2018-06-12"}}, {"type": "Feature", "geometry": {"type": "MultiPolygon", "coordinates": [[[[3.4098431, 45.1550059], [3.409841, 45.1549872], [3.4098931, 45.1549843], [3.4098951, 45.1550031], [3.4098431, 45.1550059]]]]}, "properties": {"type": "01", "nom": null, "commune": "43118", "created": "2017-03-28", "updated": "2018-06-12"}}, {"type": "Feature", "geometry": {"type": "MultiPolygon", "coordinates": [[[[3.4027679, 45.143405], [3.4028431, 45.1434835], [3.4026462, 45.1435249], [3.4026025, 45.1434796], [3.4027679, 45.143405]]]]}, "properties": {"type": "01", "nom": null, "commune": "43175", "created": "2015-01-14", "updated": "2018-06-12"}}, {"type": "Feature", "geometry": {"type": "MultiPolygon", "coordinates": [[[[3.4090394, 45.1728464], [3.4090792, 45.1728752], [3.4090321, 45.1729144], [3.408985, 45.1728853], [3.4090394, 45.1728464]]]]}, "properties": {"type": "02", "nom": null, "commune": "43031", "created": "2014-08-08", "updated": "2018-06-12"}}, {"type": "Feature", "geometry": {"type": "MultiPolygon", "coordinates": [[[[3.4100608, 45.1550012], [3.4099813, 45.1550067], [3.4099777, 45.1549792], [3.4098942, 45.1549848], [3.4098857, 45.1549202], [3.4098941, 45.1549197], [3.4099436, 45.1549164], [3.4099369, 45.1548649], [3.410042, 45.154858], [3.4100608, 45.1550012]]]]}, "properties": {"type": "01", "nom": null, "commune": "43118", "created": "2017-03-28", "updated": "2018-06-12"}}, {"type": "Feature", "geometry": {"type": "MultiPolygon", "coordinates": [[[[3.4025636, 45.1433191], [3.4024966, 45.1433732], [3.4024603, 45.1433494], [3.4025636, 45.1433191]]]]}, "properties": {"type": "01", "nom": null, "commune": "43175", "created": "2015-01-14", "updated": "2018-06-12"}}, {"type": "Feature", "geometry": {"type": "MultiPolygon", "coordinates": [[[[3.4085629, 45.1729498], [3.4086414, 45.1730014], [3.408599, 45.1730342], [3.408521, 45.1729831], [3.4085629, 45.1729498]]]]}, "properties": {"type": "02", "nom": null, "commune": "43031", "created": "2014-08-08", "updated": "2018-06-12"}}, {"type": "Feature", "geometry": {"type": "MultiPolygon", "coordinates": [[[[3.4102285, 45.1548771], [3.4101881, 45.1548845], [3.4101757, 45.1548504], [3.4102163, 45.1548432], [3.4102285, 45.1548771]]]]}, "properties": {"type": "01", "nom": null, "commune": "43118", "created": "2017-03-28", "updated": "2018-06-12"}}, {"type": "Feature", "geometry": {"type": "MultiPolygon", "coordinates": [[[[3.4023712, 45.143174], [3.4025771, 45.1433082], [3.4025636, 45.1433191], [3.4024603, 45.1433494], [3.4022376, 45.1432033], [3.4023712, 45.143174]]]]}, "properties": {"type": "01", "nom": null, "commune": "43175", "created": "2015-01-14", "updated": "2018-06-12"}}, {"type": "Feature", "geometry": {"type": "MultiPolygon", "coordinates": [[[[3.4089786, 45.1727002], [3.4089156, 45.1726645], [3.4089511, 45.1726382], [3.4090111, 45.1726714], [3.4089786, 45.1727002]]]]}, "properties": {"type": "01", "nom": null, "commune": "43031", "created": "2014-08-08", "updated": "2018-06-12"}}, {"type": "Feature", "geometry": {"type": "MultiPolygon", "coordinates": [[[[3.4099369, 45.1548649], [3.4099436, 45.1549164], [3.4098941, 45.1549197], [3.4098874, 45.1548682], [3.4099369, 45.1548649]]]]}, "properties": {"type": "02", "nom": null, "commune": "43118", "created": "2017-03-28", "updated": "2018-06-12"}}, {"type": "Feature", "geometry": {"type": "MultiPolygon", "coordinates": [[[[3.4021639, 45.1430387], [3.4023712, 45.143174], [3.4022376, 45.1432033], [3.4020784, 45.1430988], [3.4021639, 45.1430387]]]]}, "properties": {"type": "01", "nom": null, "commune": "43175", "created": "2015-01-14", "updated": "2018-06-12"}}, {"type": "Feature", "geometry": {"type": "MultiPolygon", "coordinates": [[[[3.4092081, 45.1725735], [3.4092896, 45.1726212], [3.4093428, 45.1726523], [3.4092825, 45.1727044], [3.4091422, 45.1726286], [3.4092081, 45.1725735]]]]}, "properties": {"type": "01", "nom": null, "commune": "43031", "created": "2014-08-08", "updated": "2018-06-12"}}, {"type": "Feature", "geometry": {"type": "MultiPolygon", "coordinates": [[[[3.4101157, 45.1548249], [3.4101232, 45.1548501], [3.4101097, 45.1548521], [3.4100623, 45.1548478], [3.4100637, 45.1548406], [3.4100136, 45.1548361], [3.4100172, 45.1548166], [3.4101157, 45.1548249]]]]}, "properties": {"type": "02", "nom": null, "commune": "43118", "created": "2017-03-28", "updated": "2018-06-12"}}, {"type": "Feature", "geometry": {"type": "MultiPolygon", "coordinates": [[[[3.4032614, 45.1446666], [3.4032193, 45.1446239], [3.4032775, 45.1445942], [3.4033394, 45.1446561], [3.4032854, 45.1446844], [3.4032641, 45.1446652], [3.4032614, 45.1446666]]]]}, "properties": {"type": "03", "nom": null, "commune": "43175", "created": "2025-09-12", "updated": "2025-09-12"}}, {"type": "Feature", "geometry": {"type": "MultiPolygon", "coordinates": [[[[3.4091735, 45.1725566], [3.409148, 45.1725771], [3.4090732, 45.1725163], [3.4090249, 45.1725461], [3.4089691, 45.1725008], [3.4090606, 45.172459], [3.4091735, 45.1725566]]]]}, "properties": {"type": "01", "nom": null, "commune": "43031", "created": "2014-08-08", "updated": "2018-06-12"}}, {"type": "Feature", "geometry": {"type": "MultiPolygon", "coordinates": [[[[3.4099223, 45.1548085], [3.4099726, 45.1548128], [3.4099691, 45.154833], [3.4099189, 45.1548287], [3.4099223, 45.1548085]]]]}, "properties": {"type": "02", "nom": null, "commune": "43118", "created": "2017-03-28", "updated": "2018-06-12"}}, {"type": "Feature", "geometry": {"type": "MultiPolygon", "coordinates": [[[[3.4053765, 45.1452737], [3.405309, 45.1453875], [3.4051945, 45.1453477], [3.405235, 45.1453003], [3.4052851, 45.1452346], [3.4053765, 45.1452737]]]]}, "properties": {"type": "01", "nom": null, "commune": "43175", "created": "2015-01-14", "updated": "2018-06-12"}}, {"type": "Feature", "geometry": {"type": "MultiPolygon", "coordinates": [[[[3.4092658, 45.1728941], [3.4093151, 45.172852], [3.4093491, 45.1728719], [3.4093516, 45.1728825], [3.4093116, 45.1729213], [3.4092658, 45.1728941]]]]}, "properties": {"type": "01", "nom": null, "commune": "43031", "created": "2014-08-08", "updated": "2018-06-12"}}, {"type": "Feature", "geometry": {"type": "MultiPolygon", "coordinates": [[[[3.4106603, 45.1536645], [3.4106312, 45.1536622], [3.410643, 45.153588], [3.4106973, 45.1535923], [3.4106693, 45.1536082], [3.4106603, 45.1536645]]]]}, "properties": {"type": "02", "nom": null, "commune": "43118", "created": "2017-03-28", "updated": "2018-06-12"}}, {"type": "Feature", "geometry": {"type": "MultiPolygon", "coordinates": [[[[3.4037562, 45.1441322], [3.4036075, 45.1440455], [3.403699, 45.1439735], [3.4037837, 45.1440224], [3.4037673, 45.1440387], [3.4038213, 45.1440719], [3.4037562, 45.1441322]]]]}, "properties": {"type": "01", "nom": null, "commune": "43175", "created": "2015-01-14", "updated": "2018-06-12"}}, {"type": "Feature", "geometry": {"type": "MultiPolygon", "coordinates": [[[[3.4091266, 45.1728507], [3.4090792, 45.1728752], [3.4090394, 45.1728464], [3.4090789, 45.1728181], [3.4090003, 45.1727631], [3.4090678, 45.1727205], [3.4092004, 45.1728068], [3.4091408, 45.1728592], [3.4091266, 45.1728507]]]]}, "properties": {"type": "01", "nom": null, "commune": "43031", "created": "2014-08-08", "updated": "2018-06-12"}}, {"type": "Feature", "geometry": {"type": "MultiPolygon", "coordinates": [[[[3.4106603, 45.1536645], [3.4106922, 45.153667], [3.4106883, 45.1536913], [3.4106564, 45.1536887], [3.4106603, 45.1536645]]]]}, "properties": {"type": "02", "nom": null, "commune": "43118", "created": "2017-03-28", "updated": "2018-06-12"}}, {"type": "Feature", "geometry": {"type": "MultiPolygon", "coordinates": [[[[3.4037081, 45.1446046], [3.4035767, 45.1446114], [3.4035672, 45.1444898], [3.4036745, 45.1444908], [3.4036817, 45.1445614], [3.4037035, 45.1445603], [3.4037081, 45.1446046]]]]}, "properties": {"type": "01", "nom": null, "commune": "43175", "created": "2015-01-14", "updated": "2018-06-12"}}, {"type": "Feature", "geometry": {"type": "MultiPolygon", "coordinates": [[[[3.4089098, 45.1730593], [3.4090051, 45.17298], [3.4091371, 45.1730548], [3.4090609, 45.1731061], [3.4090023, 45.1730929], [3.408955, 45.1730777], [3.4089098, 45.1730593]]]]}, "properties": {"type": "01", "nom": null, "commune": "43031", "created": "2014-08-08", "updated": "2018-06-12"}}, {"type": "Feature", "geometry": {"type": "MultiPolygon", "coordinates": [[[[3.4107659, 45.1535977], [3.4107398, 45.1537613], [3.410573, 45.153748], [3.4105834, 45.1536828], [3.4106883, 45.1536913], [3.4106922, 45.153667], [3.4106603, 45.1536645], [3.4106693, 45.1536082], [3.4106973, 45.1535923], [3.4107659, 45.1535977]]]]}, "properties": {"type": "01", "nom": null, "commune": "43118", "created": "2017-03-28", "updated": "2018-06-12"}}, {"type": "Feature", "geometry": {"type": "MultiPolygon", "coordinates": [[[[3.4041357, 45.1440432], [3.4041849, 45.1440121], [3.4042127, 45.1440331], [3.4042478, 45.1440097], [3.4043306, 45.1440644], [3.4042743, 45.144107], [3.404231, 45.1440784], [3.4042149, 45.1440905], [3.4041357, 45.1440432]]]]}, "properties": {"type": "01", "nom": null, "commune": "43175", "created": "2015-01-14", "updated": "2018-06-12"}}, {"type": "Feature", "geometry": {"type": "MultiPolygon", "coordinates": [[[[3.4086425, 45.172869], [3.408661, 45.1728587], [3.4086115, 45.1728233], [3.4086852, 45.1727789], [3.4088694, 45.1729258], [3.4088042, 45.1729749], [3.4087513, 45.1729398], [3.4087254, 45.1729434], [3.4086425, 45.172869]]]]}, "properties": {"type": "01", "nom": null, "commune": "43031", "created": "2014-08-08", "updated": "2018-06-12"}}, {"type": "Feature", "geometry": {"type": "MultiPolygon", "coordinates": [[[[3.4101021, 45.1555013], [3.4100462, 45.1555091], [3.4100317, 45.1554571], [3.4100879, 45.1554493], [3.4101021, 45.1555013]]]]}, "properties": {"type": "02", "nom": null, "commune": "43118", "created": "2017-03-28", "updated": "2018-06-12"}}, {"type": "Feature", "geometry": {"type": "MultiPolygon", "coordinates": [[[[3.4045068, 45.1442906], [3.4045655, 45.1443204], [3.4046362, 45.1442508], [3.4049029, 45.1443841], [3.4047933, 45.144494], [3.4044668, 45.1443309], [3.4045068, 45.1442906]]]]}, "properties": {"type": "01", "nom": null, "commune": "43175", "created": "2015-01-14", "updated": "2018-06-12"}}, {"type": "Feature", "geometry": {"type": "MultiPolygon", "coordinates": [[[[3.4085954, 45.1728953], [3.4085456, 45.1729195], [3.4084941, 45.1728691], [3.4085431, 45.172844], [3.4085954, 45.1728953]]]]}, "properties": {"type": "01", "nom": null, "commune": "43031", "created": "2014-08-08", "updated": "2018-06-12"}}, {"type": "Feature", "geometry": {"type": "MultiPolygon", "coordinates": [[[[3.4113232, 45.1555767], [3.4113501, 45.1556326], [3.411273, 45.1556512], [3.411246, 45.1555954], [3.4113232, 45.1555767]]]]}, "properties": {"type": "03", "nom": null, "commune": "43118", "created": "2025-09-12", "updated": "2025-09-12"}}, {"type": "Feature", "geometry": {"type": "MultiPolygon", "coordinates": [[[[3.4046498, 45.1445849], [3.404677, 45.1445322], [3.4046813, 45.1445287], [3.4047237, 45.1445511], [3.4047628, 45.1445764], [3.4047935, 45.1446007], [3.4048079, 45.1446117], [3.4048029, 45.14464], [3.4047524, 45.1446454], [3.4046378, 45.1446216], [3.4046275, 45.1446381], [3.4044769, 45.1446399], [3.404471, 45.1445762], [3.4045943, 45.1445706], [3.4046498, 45.1445849]]]]}, "properties": {"type": "01", "nom": null, "commune": "43175", "created": "2015-01-14", "updated": "2018-06-12"}}, {"type": "Feature", "geometry": {"type": "MultiPolygon", "coordinates": [[[[3.4086837, 45.1729684], [3.4086414, 45.1730014], [3.4085629, 45.1729498], [3.4086068, 45.1729148], [3.4086837, 45.1729684]]]]}, "properties": {"type": "01", "nom": null, "commune": "43031", "created": "2014-08-08", "updated": "2018-06-12"}}, {"type": "Feature", "geometry": {"type": "MultiPolygon", "coordinates": [[[[3.4101163, 45.1550952], [3.410243, 45.1550863], [3.4102548, 45.1551695], [3.410128, 45.1551785], [3.4101163, 45.1550952]]]]}, "properties": {"type": "03", "nom": null, "commune": "43118", "created": "2025-09-12", "updated": "2025-09-12"}}, {"type": "Feature", "geometry": {"type": "MultiPolygon", "coordinates": [[[[3.4047871, 45.1442782], [3.4047566, 45.1442567], [3.4047604, 45.1442537], [3.4048024, 45.1442209], [3.4048351, 45.1442439], [3.4047871, 45.1442782]]]]}, "properties": {"type": "01", "nom": null, "commune": "43175", "created": "2015-01-14", "updated": "2018-06-12"}}, {"type": "Feature", "geometry": {"type": "MultiPolygon", "coordinates": [[[[3.4085961, 45.1732782], [3.4085619, 45.1732641], [3.4085796, 45.1732395], [3.4084102, 45.173142], [3.4084689, 45.1730838], [3.408658, 45.1731971], [3.4085961, 45.1732782]]]]}, "properties": {"type": "01", "nom": null, "commune": "43031", "created": "2014-08-08", "updated": "2018-06-12"}}, {"type": "Feature", "geometry": {"type": "MultiPolygon", "coordinates": [[[[3.4100841, 45.1554358], [3.4102965, 45.1554063], [3.4103183, 45.1554855], [3.4101059, 45.1555149], [3.4100841, 45.1554358]]]]}, "properties": {"type": "01", "nom": null, "commune": "43118", "created": "2017-03-28", "updated": "2018-06-12"}}, {"type": "Feature", "geometry": {"type": "MultiPolygon", "coordinates": [[[[3.4047072, 45.1445082], [3.404824, 45.1445766], [3.4047935, 45.1446007], [3.4047628, 45.1445764], [3.4047237, 45.1445511], [3.4046813, 45.1445287], [3.4047072, 45.1445082]]]]}, "properties": {"type": "01", "nom": null, "commune": "43175", "created": "2015-01-14", "updated": "2018-06-12"}}, {"type": "Feature", "geometry": {"type": "MultiPolygon", "coordinates": [[[[3.408829, 45.173237], [3.4087779, 45.1733123], [3.4086537, 45.1732659], [3.4087007, 45.1731891], [3.408762, 45.1732121], [3.408829, 45.173237]]]]}, "properties": {"type": "01", "nom": null, "commune": "43031", "created": "2014-08-08", "updated": "2018-06-12"}}, {"type": "Feature", "geometry": {"type": "MultiPolygon", "coordinates": [[[[3.4109133, 45.1553797], [3.4109463, 45.1554791], [3.4107318, 45.1555146], [3.4107053, 45.1554343], [3.4108199, 45.1554163], [3.4108132, 45.1553963], [3.4109133, 45.1553797]]]]}, "properties": {"type": "03", "nom": null, "commune": "43118", "created": "2025-09-12", "updated": "2025-09-12"}}, {"type": "Feature", "geometry": {"type": "MultiPolygon", "coordinates": [[[[3.4050059, 45.144747], [3.4048168, 45.1447431], [3.4048057, 45.1446787], [3.4048864, 45.1446693], [3.4049772, 45.1446456], [3.4050059, 45.144747]]]]}, "properties": {"type": "01", "nom": null, "commune": "43175", "created": "2015-01-14", "updated": "2018-06-12"}}, {"type": "Feature", "geometry": {"type": "MultiPolygon", "coordinates": [[[[3.4087362, 45.1733736], [3.4087597, 45.173339], [3.4087779, 45.1733123], [3.4088381, 45.1733349], [3.4089084, 45.1733611], [3.4088966, 45.1733757], [3.4088726, 45.1733993], [3.4088445, 45.1734204], [3.4087832, 45.173394], [3.4087466, 45.1733781], [3.4087362, 45.1733736]]]]}, "properties": {"type": "01", "nom": null, "commune": "43031", "created": "2014-08-08", "updated": "2018-06-12"}}, {"type": "Feature", "geometry": {"type": "MultiPolygon", "coordinates": [[[[3.4106394, 45.155798], [3.4106559, 45.1558287], [3.4106096, 45.1558381], [3.4105945, 45.1558101], [3.4106394, 45.155798]]]]}, "properties": {"type": "01", "nom": null, "commune": "43118", "created": "2014-08-07", "updated": "2018-06-12"}}, {"type": "Feature", "geometry": {"type": "MultiPolygon", "coordinates": [[[[3.4046659, 45.144744], [3.4047063, 45.1446745], [3.4048057, 45.1446787], [3.4048168, 45.1447431], [3.4048198, 45.1447606], [3.4046659, 45.144744]]]]}, "properties": {"type": "01", "nom": null, "commune": "43175", "created": "2015-01-14", "updated": "2018-06-12"}}, {"type": "Feature", "geometry": {"type": "MultiPolygon", "coordinates": [[[[3.4090337, 45.1735391], [3.4089126, 45.1734868], [3.4089576, 45.1734346], [3.4090102, 45.1734529], [3.4090472, 45.1734082], [3.4091225, 45.173438], [3.4090337, 45.1735391]]]]}, "properties": {"type": "01", "nom": null, "commune": "43031", "created": "2014-08-08", "updated": "2018-06-12"}}, {"type": "Feature", "geometry": {"type": "MultiPolygon", "coordinates": [[[[3.4182657, 45.1636594], [3.4182004, 45.163572], [3.4182665, 45.1635471], [3.4182915, 45.1635842], [3.4183089, 45.1635775], [3.4183226, 45.1635963], [3.4183041, 45.1636056], [3.4182657, 45.1636594]]]]}, "properties": {"type": "01", "nom": null, "commune": "43118", "created": "2014-08-07", "updated": "2018-06-12"}}, {"type": "Feature", "geometry": {"type": "MultiPolygon", "coordinates": [[[[3.4047063, 45.1446745], [3.4046659, 45.144744], [3.4046584, 45.1447571], [3.4046411, 45.1447568], [3.4045672, 45.1447552], [3.4045678, 45.1447381], [3.4044852, 45.1447364], [3.4044612, 45.1446823], [3.4045613, 45.1446685], [3.4047063, 45.1446745]]]]}, "properties": {"type": "01", "nom": null, "commune": "43175", "created": "2015-01-14", "updated": "2018-06-12"}}, {"type": "Feature", "geometry": {"type": "MultiPolygon", "coordinates": [[[[3.4093406, 45.1734116], [3.4093596, 45.1734236], [3.4092641, 45.1735071], [3.4092589, 45.173504], [3.4091838, 45.1734599], [3.4092809, 45.1733734], [3.4092866, 45.1733771], [3.4093406, 45.1734116]]]]}, "properties": {"type": "01", "nom": null, "commune": "43031", "created": "2014-08-08", "updated": "2018-06-12"}}, {"type": "Feature", "geometry": {"type": "MultiPolygon", "coordinates": [[[[3.4181674, 45.1635254], [3.4182348, 45.1635002], [3.4182665, 45.1635471], [3.4182004, 45.163572], [3.4181867, 45.1635538], [3.4181674, 45.1635254]]]]}, "properties": {"type": "01", "nom": null, "commune": "43118", "created": "2014-08-07", "updated": "2018-06-12"}}, {"type": "Feature", "geometry": {"type": "MultiPolygon", "coordinates": [[[[3.4053693, 45.1446245], [3.4054072, 45.144665], [3.4053445, 45.1446794], [3.4053231, 45.1446393], [3.4053693, 45.1446245]]]]}, "properties": {"type": "01", "nom": null, "commune": "43175", "created": "2015-01-14", "updated": "2018-06-12"}}, {"type": "Feature", "geometry": {"type": "MultiPolygon", "coordinates": [[[[3.4089375, 45.1732095], [3.4089956, 45.1731781], [3.4090483, 45.1732202], [3.4089783, 45.1732565], [3.4089375, 45.1732095]]]]}, "properties": {"type": "01", "nom": null, "commune": "43031", "created": "2014-08-08", "updated": "2018-06-12"}}, {"type": "Feature", "geometry": {"type": "MultiPolygon", "coordinates": [[[[3.4181229, 45.1635422], [3.4181674, 45.1635254], [3.4181867, 45.1635538], [3.4181416, 45.1635703], [3.4181229, 45.1635422]]]]}, "properties": {"type": "01", "nom": null, "commune": "43118", "created": "2014-08-07", "updated": "2018-06-12"}}, {"type": "Feature", "geometry": {"type": "MultiPolygon", "coordinates": [[[[3.4056303, 45.1444758], [3.4055198, 45.144499], [3.4055035, 45.1444653], [3.4055739, 45.1444476], [3.4056116, 45.1444383], [3.4056303, 45.1444758]]]]}, "properties": {"type": "01", "nom": null, "commune": "43175", "created": "2015-01-14", "updated": "2018-06-12"}}, {"type": "Feature", "geometry": {"type": "MultiPolygon", "coordinates": [[[[3.4090653, 45.1731403], [3.4091149, 45.1731858], [3.4090483, 45.1732202], [3.4089956, 45.1731781], [3.4090653, 45.1731403]]]]}, "properties": {"type": "01", "nom": null, "commune": "43031", "created": "2014-08-08", "updated": "2018-06-12"}}, {"type": "Feature", "geometry": {"type": "MultiPolygon", "coordinates": [[[[3.4180738, 45.1632015], [3.4180947, 45.163264], [3.4179594, 45.1632888], [3.4179377, 45.1632244], [3.4180738, 45.1632015]]]]}, "properties": {"type": "02", "nom": null, "commune": "43118", "created": "2014-08-07", "updated": "2018-06-12"}}, {"type": "Feature", "geometry": {"type": "MultiPolygon", "coordinates": [[[[3.4056303, 45.1444758], [3.4056642, 45.1445439], [3.4056749, 45.1446145], [3.4055791, 45.1446307], [3.4055694, 45.1445787], [3.4055499, 45.1445694], [3.405528, 45.1445182], [3.4055244, 45.1445096], [3.4055198, 45.144499], [3.4056303, 45.1444758]]]]}, "properties": {"type": "01", "nom": null, "commune": "43175", "created": "2015-01-14", "updated": "2018-06-12"}}, {"type": "Feature", "geometry": {"type": "MultiPolygon", "coordinates": [[[[3.4090483, 45.1732202], [3.4091149, 45.1731858], [3.4090653, 45.1731403], [3.4091708, 45.1730832], [3.409256, 45.1731556], [3.4092196, 45.1731956], [3.4092236, 45.1732103], [3.4091421, 45.1732953], [3.40907, 45.1732375], [3.4090483, 45.1732202]]]]}, "properties": {"type": "01", "nom": null, "commune": "43031", "created": "2014-08-08", "updated": "2018-06-12"}}, {"type": "Feature", "geometry": {"type": "MultiPolygon", "coordinates": [[[[3.4181477, 45.1634216], [3.4180114, 45.1634446], [3.4179594, 45.1632888], [3.4180947, 45.163264], [3.4181477, 45.1634216]]]]}, "properties": {"type": "02", "nom": null, "commune": "43118", "created": "2014-08-07", "updated": "2018-06-12"}}, {"type": "Feature", "geometry": {"type": "MultiPolygon", "coordinates": [[[[3.4054781, 45.1447264], [3.4055099, 45.1446435], [3.4055841, 45.1446608], [3.4056517, 45.1446473], [3.4055783, 45.1447585], [3.4055717, 45.1447579], [3.4054748, 45.1447346], [3.4054781, 45.1447264]]]]}, "properties": {"type": "01", "nom": null, "commune": "43175", "created": "2015-01-14", "updated": "2018-06-12"}}, {"type": "Feature", "geometry": {"type": "MultiPolygon", "coordinates": [[[[3.4092315, 45.1732533], [3.4092889, 45.1732892], [3.4092365, 45.1733451], [3.4091898, 45.1733154], [3.4092315, 45.1732533]]]]}, "properties": {"type": "01", "nom": null, "commune": "43031", "created": "2014-08-08", "updated": "2018-06-12"}}, {"type": "Feature", "geometry": {"type": "MultiPolygon", "coordinates": [[[[3.4185097, 45.1636749], [3.4184072, 45.163589], [3.4184564, 45.1635578], [3.41857, 45.1636448], [3.4185115, 45.1636759], [3.4185097, 45.1636749]]]]}, "properties": {"type": "02", "nom": null, "commune": "43118", "created": "2014-08-07", "updated": "2018-06-12"}}, {"type": "Feature", "geometry": {"type": "MultiPolygon", "coordinates": [[[[3.4053153, 45.1447932], [3.4054301, 45.1446894], [3.4054509, 45.1447114], [3.4054348, 45.1447361], [3.405487, 45.1447599], [3.4055654, 45.1447718], [3.405522, 45.1448668], [3.4054774, 45.1448538], [3.4054351, 45.1448374], [3.4053949, 45.1448174], [3.4053784, 45.1448346], [3.4053689, 45.1448283], [3.4053377, 45.1448077], [3.4053153, 45.1447932]]]]}, "properties": {"type": "01", "nom": null, "commune": "43175", "created": "2015-01-14", "updated": "2018-06-12"}}, {"type": "Feature", "geometry": {"type": "MultiPolygon", "coordinates": [[[[3.4093414, 45.173322], [3.4092809, 45.1733734], [3.4092365, 45.1733451], [3.4092889, 45.1732892], [3.4093414, 45.173322]]]]}, "properties": {"type": "01", "nom": null, "commune": "43031", "created": "2014-08-08", "updated": "2018-06-12"}}, {"type": "Feature", "geometry": {"type": "MultiPolygon", "coordinates": [[[[3.4168546, 45.1646429], [3.4168349, 45.1646462], [3.4168176, 45.1645985], [3.4168385, 45.1645948], [3.4168546, 45.1646429]]]]}, "properties": {"type": "02", "nom": null, "commune": "43118", "created": "2014-08-07", "updated": "2018-06-12"}}, {"type": "Feature", "geometry": {"type": "MultiPolygon", "coordinates": [[[[3.4051118, 45.1443943], [3.4050825, 45.1444152], [3.4050492, 45.1443918], [3.405078, 45.144373], [3.4051118, 45.1443943]]]]}, "properties": {"type": "01", "nom": null, "commune": "43175", "created": "2015-01-14", "updated": "2018-06-12"}}, {"type": "Feature", "geometry": {"type": "MultiPolygon", "coordinates": [[[[3.4093414, 45.173322], [3.4093743, 45.173294], [3.4094316, 45.1733242], [3.4093951, 45.1733593], [3.4093668, 45.1733863], [3.4093406, 45.1734116], [3.4092866, 45.1733771], [3.4092809, 45.1733734], [3.4093414, 45.173322]]]]}, "properties": {"type": "01", "nom": null, "commune": "43031", "created": "2014-08-08", "updated": "2018-06-12"}}, {"type": "Feature", "geometry": {"type": "MultiPolygon", "coordinates": [[[[3.417756, 45.1640758], [3.4177206, 45.1640616], [3.4177173, 45.1640464], [3.4177392, 45.1640413], [3.417756, 45.1640758]]]]}, "properties": {"type": "02", "nom": null, "commune": "43118", "created": "2014-08-07", "updated": "2018-06-12"}}, {"type": "Feature", "geometry": {"type": "MultiPolygon", "coordinates": [[[[3.4045519, 45.1448373], [3.4046098, 45.1448389], [3.4046104, 45.1448263], [3.4046384, 45.1448276], [3.4046675, 45.1448289], [3.404664, 45.144896], [3.4046144, 45.144902], [3.4046007, 45.144906], [3.4045486, 45.1449013], [3.4045519, 45.1448373]]]]}, "properties": {"type": "01", "nom": null, "commune": "43175", "created": "2015-01-14", "updated": "2018-06-12"}}, {"type": "Feature", "geometry": {"type": "MultiPolygon", "coordinates": [[[[3.4093932, 45.1731332], [3.4093349, 45.1731875], [3.4092873, 45.1731554], [3.4093554, 45.1731051], [3.4093728, 45.1731011], [3.409397, 45.173117], [3.4093932, 45.1731332]]]]}, "properties": {"type": "01", "nom": null, "commune": "43031", "created": "2014-08-08", "updated": "2018-06-12"}}, {"type": "Feature", "geometry": {"type": "MultiPolygon", "coordinates": [[[[3.4176099, 45.1640757], [3.4175754, 45.16406], [3.4176168, 45.163976], [3.4176455, 45.1639831], [3.4176438, 45.1640365], [3.4176099, 45.1640757]]]]}, "properties": {"type": "02", "nom": null, "commune": "43118", "created": "2014-08-07", "updated": "2018-06-12"}}, {"type": "Feature", "geometry": {"type": "MultiPolygon", "coordinates": [[[[3.4045525, 45.1448235], [3.4045519, 45.1448373], [3.4045486, 45.1449013], [3.4044823, 45.1448955], [3.4044774, 45.144891], [3.4044727, 45.1448521], [3.4044742, 45.1448189], [3.4045525, 45.1448235]]]]}, "properties": {"type": "01", "nom": null, "commune": "43175", "created": "2015-01-14", "updated": "2018-06-12"}}, {"type": "Feature", "geometry": {"type": "MultiPolygon", "coordinates": [[[[3.4094593, 45.1730858], [3.4095722, 45.173152], [3.4095177, 45.1732003], [3.4094051, 45.1731387], [3.4094593, 45.1730858]]]]}, "properties": {"type": "01", "nom": null, "commune": "43031", "created": "2014-08-08", "updated": "2018-06-12"}}, {"type": "Feature", "geometry": {"type": "MultiPolygon", "coordinates": [[[[3.4178052, 45.1642689], [3.4177746, 45.1642788], [3.4177555, 45.1642495], [3.4177858, 45.164238], [3.4178052, 45.1642689]]]]}, "properties": {"type": "01", "nom": null, "commune": "43118", "created": "2014-08-07", "updated": "2018-06-12"}}, {"type": "Feature", "geometry": {"type": "MultiPolygon", "coordinates": [[[[3.4051012, 45.1449353], [3.405033, 45.1449705], [3.4050051, 45.1449336], [3.4049373, 45.1448496], [3.4050217, 45.1448144], [3.4050972, 45.1449056], [3.4050789, 45.1449132], [3.4051012, 45.1449353]]]]}, "properties": {"type": "01", "nom": null, "commune": "43175", "created": "2015-01-14", "updated": "2018-06-12"}}, {"type": "Feature", "geometry": {"type": "MultiPolygon", "coordinates": [[[[3.4093239, 45.1732334], [3.4093526, 45.1731993], [3.4094051, 45.1731387], [3.4095177, 45.1732003], [3.4095882, 45.1732389], [3.4095223, 45.1732964], [3.4095009, 45.1732843], [3.4094854, 45.1732756], [3.4094368, 45.1733002], [3.4093239, 45.1732334]]]]}, "properties": {"type": "01", "nom": null, "commune": "43031", "created": "2014-08-08", "updated": "2018-06-12"}}, {"type": "Feature", "geometry": {"type": "MultiPolygon", "coordinates": [[[[3.4178759, 45.1645038], [3.4177716, 45.1645418], [3.417748, 45.164516], [3.4177863, 45.1645015], [3.4178555, 45.1644756], [3.4178759, 45.1645038]]]]}, "properties": {"type": "01", "nom": null, "commune": "43118", "created": "2014-08-07", "updated": "2018-06-12"}}, {"type": "Feature", "geometry": {"type": "MultiPolygon", "coordinates": [[[[3.4051012, 45.1449353], [3.4051206, 45.1449252], [3.4051995, 45.1450361], [3.4050731, 45.1450594], [3.4050178, 45.1449783], [3.405033, 45.1449705], [3.4051012, 45.1449353]]]]}, "properties": {"type": "01", "nom": null, "commune": "43175", "created": "2015-01-14", "updated": "2018-06-12"}}, {"type": "Feature", "geometry": {"type": "MultiPolygon", "coordinates": [[[[3.4095223, 45.1732964], [3.4095882, 45.1732389], [3.4096507, 45.1731846], [3.4097147, 45.1732191], [3.4096735, 45.1732597], [3.4096295, 45.1732963], [3.4095815, 45.1733303], [3.4095223, 45.1732964]]]]}, "properties": {"type": "01", "nom": null, "commune": "43031", "created": "2014-08-08", "updated": "2018-06-12"}}, {"type": "Feature", "geometry": {"type": "MultiPolygon", "coordinates": [[[[3.4177542, 45.1644098], [3.4177137, 45.1644316], [3.417678, 45.1644481], [3.4176304, 45.1643993], [3.4176651, 45.1643806], [3.4176108, 45.1643294], [3.4176474, 45.1643077], [3.4177247, 45.1643816], [3.4177542, 45.1644098]]]]}, "properties": {"type": "01", "nom": null, "commune": "43118", "created": "2014-08-07", "updated": "2018-06-12"}}, {"type": "Feature", "geometry": {"type": "MultiPolygon", "coordinates": [[[[3.404928, 45.1448646], [3.4049438, 45.1449156], [3.4048635, 45.1449195], [3.4048564, 45.1449048], [3.4048047, 45.1449069], [3.4047981, 45.1448795], [3.4048393, 45.1448745], [3.404928, 45.1448646]]]]}, "properties": {"type": "01", "nom": null, "commune": "43175", "created": "2015-01-14", "updated": "2018-06-12"}}, {"type": "Feature", "geometry": {"type": "MultiPolygon", "coordinates": [[[[3.4096447, 45.1729036], [3.4096278, 45.1729123], [3.4095727, 45.1729408], [3.4095096, 45.1728592], [3.4096282, 45.1727985], [3.409682, 45.1728509], [3.4096212, 45.1728808], [3.4096447, 45.1729036]]]]}, "properties": {"type": "01", "nom": null, "commune": "43031", "created": "2014-08-08", "updated": "2018-06-12"}}, {"type": "Feature", "geometry": {"type": "MultiPolygon", "coordinates": [[[[3.4177277, 45.1643406], [3.4177504, 45.1643692], [3.4177247, 45.1643816], [3.4176474, 45.1643077], [3.4176366, 45.1642963], [3.4177555, 45.1642495], [3.4177746, 45.1642788], [3.4178052, 45.1642689], [3.4178111, 45.1643141], [3.4177277, 45.1643406]]]]}, "properties": {"type": "01", "nom": null, "commune": "43118", "created": "2014-08-07", "updated": "2018-06-12"}}, {"type": "Feature", "geometry": {"type": "MultiPolygon", "coordinates": [[[[3.4048811, 45.144956], [3.4048153, 45.1449512], [3.4048127, 45.1449399], [3.4048047, 45.1449069], [3.4048564, 45.1449048], [3.4048635, 45.1449195], [3.4048811, 45.144956]]]]}, "properties": {"type": "01", "nom": null, "commune": "43175", "created": "2015-01-14", "updated": "2018-06-12"}}, {"type": "Feature", "geometry": {"type": "MultiPolygon", "coordinates": [[[[3.409622, 45.1730043], [3.4097128, 45.1729569], [3.40979, 45.1730307], [3.4097002, 45.1730765], [3.409622, 45.1730043]]]]}, "properties": {"type": "01", "nom": null, "commune": "43031", "created": "2014-08-08", "updated": "2018-06-12"}}, {"type": "Feature", "geometry": {"type": "MultiPolygon", "coordinates": [[[[3.4168349, 45.1646462], [3.4168546, 45.1646429], [3.4168385, 45.1645948], [3.4169098, 45.1645819], [3.4169463, 45.1646828], [3.4168543, 45.1646994], [3.4168349, 45.1646462]]]]}, "properties": {"type": "01", "nom": null, "commune": "43118", "created": "2014-08-07", "updated": "2018-06-12"}}, {"type": "Feature", "geometry": {"type": "MultiPolygon", "coordinates": [[[[3.4047981, 45.1448795], [3.4048047, 45.1449069], [3.4048127, 45.1449399], [3.4047932, 45.1449431], [3.4047731, 45.1448826], [3.4047981, 45.1448795]]]]}, "properties": {"type": "01", "nom": null, "commune": "43175", "created": "2015-01-14", "updated": "2018-06-12"}}, {"type": "Feature", "geometry": {"type": "MultiPolygon", "coordinates": [[[[3.4096278, 45.1729123], [3.4096431, 45.1729263], [3.4097174, 45.1728857], [3.4097298, 45.1728972], [3.4097652, 45.1729295], [3.4097128, 45.1729569], [3.409622, 45.1730043], [3.4095727, 45.1729408], [3.4096278, 45.1729123]]]]}, "properties": {"type": "01", "nom": null, "commune": "43031", "created": "2014-08-08", "updated": "2018-06-12"}}, {"type": "Feature", "geometry": {"type": "MultiPolygon", "coordinates": [[[[3.4173357, 45.1641396], [3.4173259, 45.1641762], [3.4173201, 45.164196], [3.4172278, 45.1641778], [3.4172413, 45.1641297], [3.4172443, 45.164122], [3.4173357, 45.1641396]]]]}, "properties": {"type": "01", "nom": null, "commune": "43118", "created": "2014-08-07", "updated": "2018-06-12"}}, {"type": "Feature", "geometry": {"type": "MultiPolygon", "coordinates": [[[[3.4048153, 45.1449512], [3.4048811, 45.144956], [3.404902, 45.1449993], [3.404816, 45.1450109], [3.4048061, 45.1449869], [3.4047938, 45.144957], [3.4048161, 45.1449542], [3.4048153, 45.1449512]]]]}, "properties": {"type": "01", "nom": null, "commune": "43175", "created": "2015-01-14", "updated": "2018-06-12"}}, {"type": "Feature", "geometry": {"type": "MultiPolygon", "coordinates": [[[[3.4096705, 45.1733864], [3.4096037, 45.1733474], [3.4096641, 45.1732977], [3.4097652, 45.1733593], [3.4097067, 45.1734075], [3.4096705, 45.1733864]]]]}, "properties": {"type": "01", "nom": null, "commune": "43031", "created": "2014-08-08", "updated": "2018-06-12"}}, {"type": "Feature", "geometry": {"type": "MultiPolygon", "coordinates": [[[[3.4172139, 45.1642619], [3.4172278, 45.1641778], [3.4173201, 45.164196], [3.417304, 45.1642594], [3.4173081, 45.1642691], [3.4172139, 45.1642619]]]]}, "properties": {"type": "01", "nom": null, "commune": "43118", "created": "2014-08-07", "updated": "2018-06-12"}}, {"type": "Feature", "geometry": {"type": "MultiPolygon", "coordinates": [[[[3.4048463, 45.1450846], [3.404816, 45.1450109], [3.404902, 45.1449993], [3.4049104, 45.1450168], [3.4049341, 45.1450694], [3.4048463, 45.1450846]]]]}, "properties": {"type": "01", "nom": null, "commune": "43175", "created": "2015-01-14", "updated": "2018-06-12"}}, {"type": "Feature", "geometry": {"type": "MultiPolygon", "coordinates": [[[[3.4097652, 45.1733593], [3.409789, 45.1733398], [3.409943, 45.1734263], [3.4098597, 45.1734966], [3.4097902, 45.1734562], [3.4097067, 45.1734075], [3.4097652, 45.1733593]]]]}, "properties": {"type": "01", "nom": null, "commune": "43031", "created": "2014-08-08", "updated": "2018-06-12"}}, {"type": "Feature", "geometry": {"type": "MultiPolygon", "coordinates": [[[[3.417539, 45.1643565], [3.4173641, 45.1644031], [3.4173285, 45.1643164], [3.4173269, 45.1643127], [3.4175434, 45.1643052], [3.4175613, 45.1643505], [3.417539, 45.1643565]]]]}, "properties": {"type": "01", "nom": null, "commune": "43118", "created": "2014-08-07", "updated": "2018-06-12"}}, {"type": "Feature", "geometry": {"type": "MultiPolygon", "coordinates": [[[[3.404816, 45.1450109], [3.4048463, 45.1450846], [3.4047944, 45.1450916], [3.4047554, 45.1449974], [3.4048061, 45.1449869], [3.404816, 45.1450109]]]]}, "properties": {"type": "01", "nom": null, "commune": "43175", "created": "2015-01-14", "updated": "2018-06-12"}}, {"type": "Feature", "geometry": {"type": "MultiPolygon", "coordinates": [[[[3.40979, 45.1730307], [3.4097128, 45.1729569], [3.4097652, 45.1729295], [3.4097758, 45.172924], [3.409807, 45.1729501], [3.4098779, 45.1730098], [3.409887, 45.1730174], [3.40979, 45.1730307]]]]}, "properties": {"type": "02", "nom": null, "commune": "43031", "created": "2014-08-08", "updated": "2018-06-12"}}, {"type": "Feature", "geometry": {"type": "MultiPolygon", "coordinates": [[[[3.4174666, 45.1644745], [3.4174376, 45.1644287], [3.4175803, 45.16439], [3.4176315, 45.1644455], [3.4175664, 45.1644974], [3.4175351, 45.1645073], [3.4174979, 45.1645212], [3.4174666, 45.1644745]]]]}, "properties": {"type": "01", "nom": null, "commune": "43118", "created": "2014-08-07", "updated": "2018-06-12"}}, {"type": "Feature", "geometry": {"type": "MultiPolygon", "coordinates": [[[[3.4047938, 45.144957], [3.4048061, 45.1449869], [3.4047554, 45.1449974], [3.4047944, 45.1450916], [3.4046522, 45.1451107], [3.4046193, 45.14498], [3.4047741, 45.1449596], [3.4047938, 45.144957]]]]}, "properties": {"type": "01", "nom": null, "commune": "43175", "created": "2015-01-14", "updated": "2018-06-12"}}, {"type": "Feature", "geometry": {"type": "MultiPolygon", "coordinates": [[[[3.4100196, 45.1730746], [3.4100657, 45.1731178], [3.4100299, 45.1731375], [3.4099796, 45.1730951], [3.4100196, 45.1730746]]]]}, "properties": {"type": "02", "nom": null, "commune": "43031", "created": "2014-08-08", "updated": "2018-06-12"}}, {"type": "Feature", "geometry": {"type": "MultiPolygon", "coordinates": [[[[3.4177333, 45.1644577], [3.4177446, 45.1644537], [3.4177863, 45.1645015], [3.417748, 45.164516], [3.4177716, 45.1645418], [3.4178759, 45.1645038], [3.4179115, 45.1645488], [3.4178129, 45.1645844], [3.4177961, 45.1645676], [3.4177508, 45.1645714], [3.4177214, 45.1645836], [3.417751, 45.1646194], [3.4176769, 45.1646663], [3.417624, 45.1646035], [3.4176698, 45.1645812], [3.4176529, 45.1645511], [3.4176727, 45.164544], [3.4176358, 45.1644925], [3.4177333, 45.1644577]]]]}, "properties": {"type": "01", "nom": null, "commune": "43118", "created": "2014-08-07", "updated": "2018-06-12"}}, {"type": "Feature", "geometry": {"type": "MultiPolygon", "coordinates": [[[[3.4047163, 45.1452166], [3.4046814, 45.1451732], [3.4047955, 45.1451312], [3.4048209, 45.1451614], [3.4047163, 45.1452166]]]]}, "properties": {"type": "01", "nom": null, "commune": "43175", "created": "2015-01-14", "updated": "2018-06-12"}}, {"type": "Feature", "geometry": {"type": "MultiPolygon", "coordinates": [[[[3.409925, 45.1731648], [3.4099931, 45.1731924], [3.4099172, 45.1732446], [3.4098535, 45.1732068], [3.409925, 45.1731648]]]]}, "properties": {"type": "02", "nom": null, "commune": "43031", "created": "2014-08-08", "updated": "2018-06-12"}}, {"type": "Feature", "geometry": {"type": "MultiPolygon", "coordinates": [[[[3.417954, 45.1643904], [3.417922, 45.1643504], [3.4178583, 45.1643769], [3.4178315, 45.1642786], [3.4178847, 45.1642437], [3.4179626, 45.1643052], [3.4179937, 45.1643013], [3.4180556, 45.1643496], [3.4180245, 45.1643726], [3.417954, 45.1643904]]]]}, "properties": {"type": "01", "nom": null, "commune": "43118", "created": "2014-08-07", "updated": "2018-06-12"}}, {"type": "Feature", "geometry": {"type": "MultiPolygon", "coordinates": [[[[3.4048209, 45.1451614], [3.4048655, 45.145202], [3.4047826, 45.1452493], [3.4047376, 45.145275], [3.4046938, 45.1452399], [3.4046751, 45.1452342], [3.4046444, 45.1451971], [3.4046814, 45.1451732], [3.4047163, 45.1452166], [3.4048209, 45.1451614]]]]}, "properties": {"type": "01", "nom": null, "commune": "43175", "created": "2015-01-14", "updated": "2018-06-12"}}, {"type": "Feature", "geometry": {"type": "MultiPolygon", "coordinates": [[[[3.4098656, 45.1731148], [3.409795, 45.1731571], [3.409732, 45.1731043], [3.4098071, 45.1730656], [3.4098656, 45.1731148]]]]}, "properties": {"type": "01", "nom": null, "commune": "43031", "created": "2014-08-08", "updated": "2018-06-12"}}, {"type": "Feature", "geometry": {"type": "MultiPolygon", "coordinates": [[[[3.417685, 45.1639643], [3.4176942, 45.1639785], [3.4176774, 45.1640001], [3.4177088, 45.1640123], [3.4177173, 45.1640464], [3.4177206, 45.1640616], [3.417756, 45.1640758], [3.4177345, 45.1641291], [3.4177938, 45.1641651], [3.4177336, 45.1642122], [3.4176673, 45.1641698], [3.4176202, 45.1641433], [3.4176607, 45.1640988], [3.4176099, 45.1640757], [3.4176438, 45.1640365], [3.4176455, 45.1639831], [3.4176525, 45.1639742], [3.4176637, 45.1639677], [3.4176774, 45.1639645], [3.417685, 45.1639643]]]]}, "properties": {"type": "01", "nom": null, "commune": "43118", "created": "2014-08-07", "updated": "2018-06-12"}}, {"type": "Feature", "geometry": {"type": "MultiPolygon", "coordinates": [[[[3.4047376, 45.145275], [3.4047826, 45.1452493], [3.4048377, 45.1452859], [3.4048443, 45.1452815], [3.4048944, 45.1453204], [3.4048539, 45.1453467], [3.4048045, 45.1453786], [3.4047437, 45.1453448], [3.4047313, 45.1453223], [3.4047663, 45.145298], [3.4047376, 45.145275]]]]}, "properties": {"type": "01", "nom": null, "commune": "43175", "created": "2015-01-14", "updated": "2018-06-12"}}, {"type": "Feature", "geometry": {"type": "MultiPolygon", "coordinates": [[[[3.409682, 45.1728509], [3.4096282, 45.1727985], [3.4096144, 45.1727851], [3.4096757, 45.172751], [3.4097459, 45.1728193], [3.409682, 45.1728509]]]]}, "properties": {"type": "01", "nom": null, "commune": "43031", "created": "2014-08-08", "updated": "2018-06-12"}}, {"type": "Feature", "geometry": {"type": "MultiPolygon", "coordinates": [[[[3.4178145, 45.1639893], [3.4178299, 45.1639851], [3.4178642, 45.16404], [3.4178012, 45.1640585], [3.4177674, 45.1640041], [3.4177792, 45.1639985], [3.4177766, 45.1639916], [3.4177794, 45.1639847], [3.4177866, 45.1639798], [3.4177964, 45.1639782], [3.4178059, 45.1639803], [3.4178127, 45.1639855], [3.4178145, 45.1639893]]]]}, "properties": {"type": "01", "nom": null, "commune": "43118", "created": "2014-08-07", "updated": "2018-06-12"}}, {"type": "Feature", "geometry": {"type": "MultiPolygon", "coordinates": [[[[3.4046354, 45.1453252], [3.4045592, 45.1452538], [3.4046152, 45.1452147], [3.4046965, 45.1452874], [3.4046354, 45.1453252]]]]}, "properties": {"type": "01", "nom": null, "commune": "43175", "created": "2015-01-14", "updated": "2018-06-12"}}, {"type": "Feature", "geometry": {"type": "MultiPolygon", "coordinates": [[[[3.4097652, 45.1729295], [3.4097298, 45.1728972], [3.4097969, 45.172862], [3.4098335, 45.1728939], [3.4097758, 45.172924], [3.4097652, 45.1729295]]]]}, "properties": {"type": "01", "nom": null, "commune": "43031", "created": "2014-08-08", "updated": "2018-06-12"}}, {"type": "Feature", "geometry": {"type": "MultiPolygon", "coordinates": [[[[3.4178938, 45.1637962], [3.4179945, 45.1637661], [3.4180324, 45.1638294], [3.4180475, 45.1638545], [3.4180406, 45.1638577], [3.4179863, 45.1638733], [3.4179705, 45.1638474], [3.4179314, 45.1638594], [3.4178938, 45.1637962]]]]}, "properties": {"type": "01", "nom": null, "commune": "43118", "created": "2014-08-07", "updated": "2018-06-12"}}, {"type": "Feature", "geometry": {"type": "MultiPolygon", "coordinates": [[[[3.4048265, 45.1454106], [3.4047599, 45.1454665], [3.404666, 45.1454037], [3.4046399, 45.1454234], [3.4045731, 45.1453608], [3.4045017, 45.1452936], [3.4045592, 45.1452538], [3.4046354, 45.1453252], [3.4046312, 45.1453277], [3.4046725, 45.1453721], [3.4047254, 45.1453474], [3.4048265, 45.1454106]]]]}, "properties": {"type": "01", "nom": null, "commune": "43175", "created": "2015-01-14", "updated": "2018-06-12"}}, {"type": "Feature", "geometry": {"type": "MultiPolygon", "coordinates": [[[[3.4098634, 45.17292], [3.409807, 45.1729501], [3.4097758, 45.172924], [3.4098335, 45.1728939], [3.4098634, 45.17292]]]]}, "properties": {"type": "01", "nom": null, "commune": "43031", "created": "2014-08-08", "updated": "2018-06-12"}}, {"type": "Feature", "geometry": {"type": "MultiPolygon", "coordinates": [[[[3.4180081, 45.1636317], [3.4181564, 45.1635926], [3.4181649, 45.1635902], [3.4182468, 45.1636993], [3.4181582, 45.1637579], [3.4181241, 45.1636818], [3.4180506, 45.1636948], [3.4180081, 45.1636317]]]]}, "properties": {"type": "01", "nom": null, "commune": "43118", "created": "2014-08-07", "updated": "2018-06-12"}}, {"type": "Feature", "geometry": {"type": "MultiPolygon", "coordinates": [[[[3.4045862, 45.1454636], [3.4045367, 45.1455008], [3.4043814, 45.1453815], [3.4044297, 45.1453468], [3.4045208, 45.145401], [3.4045862, 45.1454636]]]]}, "properties": {"type": "01", "nom": null, "commune": "43175", "created": "2015-01-14", "updated": "2018-06-12"}}, {"type": "Feature", "geometry": {"type": "MultiPolygon", "coordinates": [[[[3.4099405, 45.1729004], [3.4098985, 45.1728597], [3.4099486, 45.1728342], [3.4100053, 45.1728675], [3.4099405, 45.1729004]]]]}, "properties": {"type": "01", "nom": null, "commune": "43031", "created": "2014-08-08", "updated": "2018-06-12"}}, {"type": "Feature", "geometry": {"type": "MultiPolygon", "coordinates": [[[[3.4182574, 45.1641513], [3.4183361, 45.164206], [3.4183755, 45.1642573], [3.4184466, 45.1643132], [3.4184, 45.1643429], [3.4182077, 45.1641986], [3.4182574, 45.1641513]]]]}, "properties": {"type": "01", "nom": null, "commune": "43118", "created": "2014-08-07", "updated": "2018-06-12"}}, {"type": "Feature", "geometry": {"type": "MultiPolygon", "coordinates": [[[[3.4054924, 45.1452611], [3.4056031, 45.1453032], [3.405547, 45.1454077], [3.4054364, 45.1453629], [3.4054924, 45.1452611]]]]}, "properties": {"type": "01", "nom": null, "commune": "43175", "created": "2015-01-14", "updated": "2018-06-12"}}, {"type": "Feature", "geometry": {"type": "MultiPolygon", "coordinates": [[[[3.410037, 45.1728514], [3.4100053, 45.1728675], [3.4099486, 45.1728342], [3.4099955, 45.1728104], [3.410037, 45.1728514]]]]}, "properties": {"type": "01", "nom": null, "commune": "43031", "created": "2014-08-08", "updated": "2018-06-12"}}, {"type": "Feature", "geometry": {"type": "MultiPolygon", "coordinates": [[[[3.4181192, 45.1638637], [3.4183576, 45.1639849], [3.4182963, 45.1640453], [3.4180677, 45.163929], [3.4181192, 45.1638637]]]]}, "properties": {"type": "01", "nom": null, "commune": "43118", "created": "2014-08-07", "updated": "2018-06-12"}}, {"type": "Feature", "geometry": {"type": "MultiPolygon", "coordinates": [[[[3.4056006, 45.1450224], [3.4056374, 45.1450301], [3.4056874, 45.1450406], [3.4056994, 45.1450431], [3.4056623, 45.1451315], [3.4056934, 45.1451401], [3.4056031, 45.1453032], [3.4054924, 45.1452611], [3.4055321, 45.1451769], [3.4056006, 45.1450224]]]]}, "properties": {"type": "01", "nom": null, "commune": "43175", "created": "2015-01-14", "updated": "2018-06-12"}}, {"type": "Feature", "geometry": {"type": "MultiPolygon", "coordinates": [[[[3.4185097, 45.1636749], [3.4185115, 45.1636759], [3.4186006, 45.1637225], [3.4185594, 45.163769], [3.4184487, 45.1637132], [3.4185097, 45.1636749]]]]}, "properties": {"type": "01", "nom": null, "commune": "43118", "created": "2014-08-07", "updated": "2018-06-12"}}, {"type": "Feature", "geometry": {"type": "MultiPolygon", "coordinates": [[[[3.4051188, 45.1451318], [3.4051502, 45.1451672], [3.4051795, 45.1451542], [3.405233, 45.1451958], [3.4051484, 45.145245], [3.4050888, 45.1452797], [3.4050065, 45.1451705], [3.4049317, 45.1451095], [3.4050237, 45.145095], [3.4050683, 45.1451546], [3.4051188, 45.1451318]]]]}, "properties": {"type": "01", "nom": null, "commune": "43175", "created": "2015-01-14", "updated": "2018-06-12"}}, {"type": "Feature", "geometry": {"type": "MultiPolygon", "coordinates": [[[[3.4103824, 45.1728325], [3.4103236, 45.1728673], [3.4103437, 45.1728843], [3.4103294, 45.1728928], [3.4102725, 45.1729267], [3.4099422, 45.1726606], [3.4100809, 45.1725783], [3.4102498, 45.1727207], [3.4103824, 45.1728325]]]]}, "properties": {"type": "01", "nom": null, "commune": "43031", "created": "2014-08-08", "updated": "2018-06-12"}}, {"type": "Feature", "geometry": {"type": "MultiPolygon", "coordinates": [[[[3.4100397, 45.1729839], [3.4100033, 45.1730038], [3.4100096, 45.1730145], [3.4100585, 45.1730548], [3.4100196, 45.1730746], [3.4099796, 45.1730951], [3.409887, 45.1730174], [3.4098779, 45.1730098], [3.4100011, 45.1729447], [3.4100397, 45.1729839]]]]}, "properties": {"type": "01", "nom": null, "commune": "43031", "created": "2014-08-08", "updated": "2018-06-12"}}, {"type": "Feature", "geometry": {"type": "MultiPolygon", "coordinates": [[[[3.4184487, 45.1637132], [3.4185594, 45.163769], [3.4185103, 45.1638241], [3.418457, 45.1637986], [3.4183975, 45.1638609], [3.4182218, 45.1637769], [3.4182641, 45.1637337], [3.4183596, 45.1637823], [3.4183665, 45.1637742], [3.4183898, 45.1637514], [3.4184174, 45.1637309], [3.4184487, 45.1637132]]]]}, "properties": {"type": "01", "nom": null, "commune": "43118", "created": "2014-08-07", "updated": "2018-06-12"}}, {"type": "Feature", "geometry": {"type": "MultiPolygon", "coordinates": [[[[3.4049317, 45.1451095], [3.4050065, 45.1451705], [3.4049719, 45.145199], [3.4049294, 45.1452343], [3.404814, 45.1451281], [3.4049317, 45.1451095]]]]}, "properties": {"type": "01", "nom": null, "commune": "43175", "created": "2015-01-14", "updated": "2018-06-12"}}, {"type": "Feature", "geometry": {"type": "MultiPolygon", "coordinates": [[[[3.4100657, 45.1731178], [3.4100196, 45.1730746], [3.4100585, 45.1730548], [3.4101076, 45.1730948], [3.4100657, 45.1731178]]]]}, "properties": {"type": "01", "nom": null, "commune": "43031", "created": "2014-08-08", "updated": "2018-06-12"}}, {"type": "Feature", "geometry": {"type": "MultiPolygon", "coordinates": [[[[3.418536, 45.163517], [3.4186133, 45.1635793], [3.4186006, 45.1636256], [3.41857, 45.1636448], [3.4184564, 45.1635578], [3.418536, 45.163517]]]]}, "properties": {"type": "01", "nom": null, "commune": "43118", "created": "2014-08-07", "updated": "2018-06-12"}}, {"type": "Feature", "geometry": {"type": "MultiPolygon", "coordinates": [[[[3.4053784, 45.1448346], [3.4054875, 45.1449062], [3.4053547, 45.1449897], [3.4052666, 45.1449098], [3.4052781, 45.1449033], [3.4053124, 45.1448808], [3.4053429, 45.1448558], [3.4053689, 45.1448283], [3.4053784, 45.1448346]]]]}, "properties": {"type": "01", "nom": null, "commune": "43175", "created": "2015-01-14", "updated": "2018-06-12"}}, {"type": "Feature", "geometry": {"type": "MultiPolygon", "coordinates": [[[[3.4100911, 45.1732308], [3.4100158, 45.1733031], [3.4099172, 45.1732446], [3.4099931, 45.1731924], [3.4100065, 45.1731832], [3.4100911, 45.1732308]]]]}, "properties": {"type": "01", "nom": null, "commune": "43031", "created": "2014-08-08", "updated": "2018-06-12"}}, {"type": "Feature", "geometry": {"type": "MultiPolygon", "coordinates": [[[[3.4185402, 45.1634485], [3.4184081, 45.1635113], [3.4182235, 45.1634166], [3.4182779, 45.1633887], [3.4183271, 45.1634337], [3.4183688, 45.1634109], [3.4183956, 45.1634355], [3.4184761, 45.1633914], [3.4185402, 45.1634485]]]]}, "properties": {"type": "01", "nom": null, "commune": "43118", "created": "2014-08-07", "updated": "2018-06-12"}}, {"type": "Feature", "geometry": {"type": "MultiPolygon", "coordinates": [[[[3.4054875, 45.1449062], [3.4053784, 45.1448346], [3.4053949, 45.1448174], [3.4054351, 45.1448374], [3.4054774, 45.1448538], [3.405522, 45.1448668], [3.4054875, 45.1449062]]]]}, "properties": {"type": "01", "nom": null, "commune": "43175", "created": "2015-01-14", "updated": "2018-06-12"}}, {"type": "Feature", "geometry": {"type": "MultiPolygon", "coordinates": [[[[3.410293, 45.1733248], [3.4101404, 45.1734155], [3.4101369, 45.1734175], [3.4100944, 45.1733861], [3.410064, 45.1733512], [3.4100809, 45.1733417], [3.4102229, 45.1732609], [3.410293, 45.1733248]]]]}, "properties": {"type": "01", "nom": null, "commune": "43031", "created": "2014-08-08", "updated": "2018-06-12"}}, {"type": "Feature", "geometry": {"type": "MultiPolygon", "coordinates": [[[[3.4199275, 45.1642848], [3.4199688, 45.164263], [3.4199953, 45.164288], [3.419958, 45.1643078], [3.4199275, 45.1642848]]]]}, "properties": {"type": "01", "nom": null, "commune": "43118", "created": "2014-08-07", "updated": "2018-06-12"}}, {"type": "Feature", "geometry": {"type": "MultiPolygon", "coordinates": [[[[3.4061014, 45.1449364], [3.4057393, 45.1449215], [3.4056764, 45.1449188], [3.4057118, 45.1448185], [3.4060941, 45.1448298], [3.4061014, 45.1449364]]]]}, "properties": {"type": "01", "nom": null, "commune": "43175", "created": "2015-01-14", "updated": "2018-06-12"}}, {"type": "Feature", "geometry": {"type": "MultiPolygon", "coordinates": [[[[3.410575, 45.1732834], [3.410558, 45.1733404], [3.4104112, 45.1733184], [3.4104283, 45.1732614], [3.410575, 45.1732834]]]]}, "properties": {"type": "01", "nom": null, "commune": "43031", "created": "2014-08-08", "updated": "2018-06-12"}}, {"type": "Feature", "geometry": {"type": "MultiPolygon", "coordinates": [[[[3.4185748, 45.1641761], [3.4185952, 45.1641573], [3.4186187, 45.1641677], [3.4185962, 45.1641879], [3.4185748, 45.1641761]]]]}, "properties": {"type": "01", "nom": null, "commune": "43118", "created": "2014-08-07", "updated": "2018-06-12"}}, {"type": "Feature", "geometry": {"type": "MultiPolygon", "coordinates": [[[[3.4044161, 45.1451334], [3.4044576, 45.1451103], [3.4045291, 45.1451727], [3.4044395, 45.1452275], [3.4043663, 45.145161], [3.4044161, 45.1451334]]]]}, "properties": {"type": "01", "nom": null, "commune": "43175", "created": "2015-01-14", "updated": "2018-06-12"}}, {"type": "Feature", "geometry": {"type": "MultiPolygon", "coordinates": [[[[3.4092966, 45.1735423], [3.4093349, 45.1735645], [3.4092886, 45.1736041], [3.4092501, 45.1735816], [3.4092966, 45.1735423]]]]}, "properties": {"type": "02", "nom": null, "commune": "43031", "created": "2014-08-08", "updated": "2018-06-12"}}, {"type": "Feature", "geometry": {"type": "MultiPolygon", "coordinates": [[[[3.4186133, 45.1635793], [3.4186402, 45.1636009], [3.4186006, 45.1636256], [3.4186133, 45.1635793]]]]}, "properties": {"type": "01", "nom": null, "commune": "43118", "created": "2014-08-07", "updated": "2018-06-12"}}, {"type": "Feature", "geometry": {"type": "MultiPolygon", "coordinates": [[[[3.4043663, 45.145161], [3.404362, 45.1451572], [3.4042832, 45.1450858], [3.4042596, 45.145049], [3.4043605, 45.14502], [3.4043988, 45.1450979], [3.4044161, 45.1451334], [3.4043663, 45.145161]]]]}, "properties": {"type": "01", "nom": null, "commune": "43175", "created": "2015-01-14", "updated": "2018-06-12"}}, {"type": "Feature", "geometry": {"type": "MultiPolygon", "coordinates": [[[[3.4087832, 45.173394], [3.408766, 45.1734138], [3.4087294, 45.173398], [3.4087466, 45.1733781], [3.4087832, 45.173394]]]]}, "properties": {"type": "01", "nom": null, "commune": "43031", "created": "2014-08-08", "updated": "2018-06-12"}}, {"type": "Feature", "geometry": {"type": "MultiPolygon", "coordinates": [[[[3.4123212, 45.1457957], [3.4123203, 45.145795], [3.4123172, 45.145789], [3.4123166, 45.1457826], [3.4123187, 45.1457764], [3.4123234, 45.1457709], [3.41233, 45.1457666], [3.4123382, 45.1457639], [3.4123432, 45.1457632], [3.4123521, 45.1457634], [3.4123604, 45.1457655], [3.4123674, 45.1457692], [3.4123727, 45.1457742], [3.4123754, 45.1457802], [3.4123756, 45.1457864], [3.4123731, 45.1457924], [3.4123648, 45.1457986], [3.4123563, 45.1458017], [3.412347, 45.1458029], [3.4123375, 45.1458023], [3.4123287, 45.1457998], [3.4123212, 45.1457957]]]]}, "properties": {"type": "01", "nom": null, "commune": "43118", "created": "2014-08-08", "updated": "2018-06-12"}}, {"type": "Feature", "geometry": {"type": "MultiPolygon", "coordinates": [[[[3.4044508, 45.1451001], [3.4044407, 45.1450845], [3.4044264, 45.1450628], [3.4043957, 45.1450731], [3.4043826, 45.1450479], [3.4044935, 45.1449956], [3.4045058, 45.1450113], [3.4045249, 45.1450033], [3.4045415, 45.1450297], [3.4045233, 45.1450383], [3.4045348, 45.1450579], [3.4044508, 45.1451001]]]]}, "properties": {"type": "01", "nom": null, "commune": "43175", "created": "2015-01-14", "updated": "2018-06-12"}}, {"type": "Feature", "geometry": {"type": "MultiPolygon", "coordinates": [[[[3.4093805, 45.1733935], [3.4093668, 45.1733863], [3.4093951, 45.1733593], [3.4094087, 45.1733664], [3.4093805, 45.1733935]]]]}, "properties": {"type": "02", "nom": null, "commune": "43031", "created": "2014-08-08", "updated": "2018-06-12"}}, {"type": "Feature", "geometry": {"type": "MultiPolygon", "coordinates": [[[[3.4123413, 45.1458702], [3.412392, 45.145863], [3.412403, 45.1459022], [3.4123825, 45.145905], [3.4123865, 45.145919], [3.4123586, 45.1459229], [3.4123413, 45.1458702]]]]}, "properties": {"type": "01", "nom": null, "commune": "43118", "created": "2014-08-08", "updated": "2018-06-12"}}, {"type": "Feature", "geometry": {"type": "MultiPolygon", "coordinates": [[[[3.4044508, 45.1451001], [3.4045348, 45.1450579], [3.4045824, 45.1451399], [3.4045291, 45.1451727], [3.4044576, 45.1451103], [3.4044508, 45.1451001]]]]}, "properties": {"type": "01", "nom": null, "commune": "43175", "created": "2015-01-14", "updated": "2018-06-12"}}, {"type": "Feature", "geometry": {"type": "MultiPolygon", "coordinates": [[[[3.4092589, 45.173504], [3.4092106, 45.173543], [3.4091397, 45.1734992], [3.4091838, 45.1734599], [3.4092589, 45.173504]]]]}, "properties": {"type": "01", "nom": null, "commune": "43031", "created": "2014-08-08", "updated": "2018-06-12"}}, {"type": "Feature", "geometry": {"type": "MultiPolygon", "coordinates": [[[[3.4129215, 45.1458676], [3.4129641, 45.1459133], [3.4128861, 45.1459494], [3.4128811, 45.1459443], [3.4128216, 45.1459741], [3.4127748, 45.1459272], [3.4128011, 45.1459153], [3.4128083, 45.1459225], [3.4129215, 45.1458676]]]]}, "properties": {"type": "03", "nom": null, "commune": "43118", "created": "2025-09-29", "updated": "2025-09-29"}}, {"type": "Feature", "geometry": {"type": "MultiPolygon", "coordinates": [[[[3.4042543, 45.1450958], [3.4041854, 45.1451223], [3.4041718, 45.1451248], [3.4041422, 45.1450598], [3.4042198, 45.1450548], [3.4042543, 45.1450958]]]]}, "properties": {"type": "01", "nom": null, "commune": "43175", "created": "2015-01-14", "updated": "2018-06-12"}}, {"type": "Feature", "geometry": {"type": "MultiPolygon", "coordinates": [[[[3.4094497, 45.1736317], [3.4094035, 45.1736713], [3.4092886, 45.1736041], [3.4093349, 45.1735645], [3.4094497, 45.1736317]]]]}, "properties": {"type": "01", "nom": null, "commune": "43031", "created": "2014-08-08", "updated": "2018-06-12"}}, {"type": "Feature", "geometry": {"type": "MultiPolygon", "coordinates": [[[[3.413954, 45.1498208], [3.413915, 45.1497915], [3.4139496, 45.1497691], [3.4139877, 45.1497985], [3.413954, 45.1498208]]]]}, "properties": {"type": "02", "nom": null, "commune": "43118", "created": "2014-08-08", "updated": "2018-06-12"}}, {"type": "Feature", "geometry": {"type": "MultiPolygon", "coordinates": [[[[3.4041854, 45.1451223], [3.4042543, 45.1450958], [3.4042972, 45.1451699], [3.4042492, 45.1452058], [3.4042272, 45.1451774], [3.4041626, 45.1451804], [3.4041628, 45.145164], [3.4042095, 45.1451543], [3.4041854, 45.1451223]]]]}, "properties": {"type": "01", "nom": null, "commune": "43175", "created": "2015-01-14", "updated": "2018-06-12"}}, {"type": "Feature", "geometry": {"type": "MultiPolygon", "coordinates": [[[[3.4099908, 45.173801], [3.4099465, 45.1738312], [3.4098075, 45.1737291], [3.4098518, 45.173699], [3.4099459, 45.1737682], [3.4099908, 45.173801]]]]}, "properties": {"type": "02", "nom": null, "commune": "43031", "created": "2014-08-08", "updated": "2018-06-12"}}, {"type": "Feature", "geometry": {"type": "MultiPolygon", "coordinates": [[[[3.4139874, 45.1498457], [3.413954, 45.1498208], [3.4139877, 45.1497985], [3.4140167, 45.1498209], [3.4139874, 45.1498457]]]]}, "properties": {"type": "01", "nom": null, "commune": "43118", "created": "2014-08-08", "updated": "2018-06-12"}}, {"type": "Feature", "geometry": {"type": "MultiPolygon", "coordinates": [[[[3.404344, 45.1452271], [3.404286, 45.1452536], [3.4042492, 45.1452058], [3.4042972, 45.1451699], [3.404344, 45.1452271]]]]}, "properties": {"type": "01", "nom": null, "commune": "43175", "created": "2015-01-14", "updated": "2018-06-12"}}, {"type": "Feature", "geometry": {"type": "MultiPolygon", "coordinates": [[[[3.4101734, 45.1736148], [3.4100851, 45.1736743], [3.4099906, 45.1736049], [3.4100787, 45.1735452], [3.4101734, 45.1736148]]]]}, "properties": {"type": "02", "nom": null, "commune": "43031", "created": "2014-08-08", "updated": "2018-06-12"}}, {"type": "Feature", "geometry": {"type": "MultiPolygon", "coordinates": [[[[3.4157228, 45.149996], [3.4157297, 45.1500145], [3.4155808, 45.1500425], [3.4155739, 45.150024], [3.4157228, 45.149996]]]]}, "properties": {"type": "02", "nom": null, "commune": "43118", "created": "2014-08-08", "updated": "2018-06-12"}}, {"type": "Feature", "geometry": {"type": "MultiPolygon", "coordinates": [[[[3.4041874, 45.1452569], [3.4041387, 45.1452737], [3.4041231, 45.145239], [3.4041564, 45.1452243], [3.4041418, 45.1451985], [3.4041609, 45.1451906], [3.4041811, 45.1452136], [3.4042202, 45.145197], [3.4042505, 45.1452353], [3.4041874, 45.1452569]]]]}, "properties": {"type": "01", "nom": null, "commune": "43175", "created": "2015-01-14", "updated": "2018-06-12"}}, {"type": "Feature", "geometry": {"type": "MultiPolygon", "coordinates": [[[[3.4097689, 45.1734745], [3.4096849, 45.1734254], [3.4097067, 45.1734075], [3.4097902, 45.1734562], [3.4097689, 45.1734745]]]]}, "properties": {"type": "02", "nom": null, "commune": "43031", "created": "2014-08-08", "updated": "2018-06-12"}}, {"type": "Feature", "geometry": {"type": "MultiPolygon", "coordinates": [[[[3.4157297, 45.1500145], [3.4157546, 45.1500809], [3.4156056, 45.1501088], [3.4155808, 45.1500425], [3.4157297, 45.1500145]]]]}, "properties": {"type": "01", "nom": null, "commune": "43118", "created": "2014-08-08", "updated": "2018-06-12"}}, {"type": "Feature", "geometry": {"type": "MultiPolygon", "coordinates": [[[[3.4041874, 45.1452569], [3.4042505, 45.1452353], [3.4043052, 45.1453044], [3.4042533, 45.1453358], [3.4041874, 45.1452569]]]]}, "properties": {"type": "01", "nom": null, "commune": "43175", "created": "2015-01-14", "updated": "2018-06-12"}}, {"type": "Feature", "geometry": {"type": "MultiPolygon", "coordinates": [[[[3.4099906, 45.1736049], [3.4100851, 45.1736743], [3.4099459, 45.1737682], [3.4098518, 45.173699], [3.4099906, 45.1736049]]]]}, "properties": {"type": "01", "nom": null, "commune": "43031", "created": "2014-08-08", "updated": "2018-06-12"}}, {"type": "Feature", "geometry": {"type": "MultiPolygon", "coordinates": [[[[3.3972546, 45.1480297], [3.3971537, 45.1480276], [3.3971522, 45.1479643], [3.3972521, 45.1479664], [3.3972546, 45.1480297]]]]}, "properties": {"type": "01", "nom": null, "commune": "43118", "created": "2014-08-08", "updated": "2018-06-12"}}, {"type": "Feature", "geometry": {"type": "MultiPolygon", "coordinates": [[[[3.4041874, 45.1452569], [3.4042533, 45.1453358], [3.4041935, 45.1453616], [3.4041266, 45.1452777], [3.4041387, 45.1452737], [3.4041874, 45.1452569]]]]}, "properties": {"type": "01", "nom": null, "commune": "43175", "created": "2015-01-14", "updated": "2018-06-12"}}, {"type": "Feature", "geometry": {"type": "MultiPolygon", "coordinates": [[[[3.4108438, 45.1734999], [3.4105786, 45.1734721], [3.4105916, 45.1734098], [3.4108568, 45.1734375], [3.4108438, 45.1734999]]]]}, "properties": {"type": "01", "nom": null, "commune": "43031", "created": "2014-08-08", "updated": "2018-06-12"}}, {"type": "Feature", "geometry": {"type": "MultiPolygon", "coordinates": [[[[3.3969163, 45.1480251], [3.3969143, 45.1479652], [3.397097, 45.1479645], [3.3971028, 45.1480266], [3.396967, 45.1480238], [3.3969667, 45.1480329], [3.3969327, 45.1480324], [3.3969324, 45.1480248], [3.3969163, 45.1480251]]]]}, "properties": {"type": "01", "nom": null, "commune": "43118", "created": "2014-08-08", "updated": "2018-06-12"}}, {"type": "Feature", "geometry": {"type": "MultiPolygon", "coordinates": [[[[3.4040725, 45.1452348], [3.4040103, 45.145239], [3.4039964, 45.1452151], [3.403983, 45.1451923], [3.4040948, 45.1451548], [3.4041341, 45.1452148], [3.4040725, 45.1452348]]]]}, "properties": {"type": "01", "nom": null, "commune": "43175", "created": "2015-01-14", "updated": "2018-06-12"}}, {"type": "Feature", "geometry": {"type": "MultiPolygon", "coordinates": [[[[3.4075954, 45.1687771], [3.4076398, 45.1687204], [3.407744, 45.1687545], [3.4076986, 45.1688111], [3.4075954, 45.1687771]]]]}, "properties": {"type": "02", "nom": null, "commune": "43031", "created": "2014-08-08", "updated": "2018-06-12"}}, {"type": "Feature", "geometry": {"type": "MultiPolygon", "coordinates": [[[[3.3971537, 45.1480276], [3.3971028, 45.1480266], [3.397097, 45.1479645], [3.3971522, 45.1479643], [3.3971537, 45.1480276]]]]}, "properties": {"type": "02", "nom": null, "commune": "43118", "created": "2014-08-08", "updated": "2018-06-12"}}, {"type": "Feature", "geometry": {"type": "MultiPolygon", "coordinates": [[[[3.404113, 45.1452962], [3.4040389, 45.1453261], [3.4040251, 45.1453318], [3.4040112, 45.1453376], [3.4039729, 45.1452772], [3.4039518, 45.145244], [3.4039884, 45.1452404], [3.4040103, 45.145239], [3.4040725, 45.1452348], [3.4041056, 45.1452849], [3.404113, 45.1452962]]]]}, "properties": {"type": "01", "nom": null, "commune": "43175", "created": "2015-01-14", "updated": "2018-06-12"}}, {"type": "Feature", "geometry": {"type": "MultiPolygon", "coordinates": [[[[3.4082366, 45.1692342], [3.4082418, 45.1691981], [3.4084183, 45.1692163], [3.4084106, 45.1692559], [3.4082352, 45.1692441], [3.4082366, 45.1692342]]]]}, "properties": {"type": "01", "nom": null, "commune": "43031", "created": "2014-08-08", "updated": "2018-06-12"}}, {"type": "Feature", "geometry": {"type": "MultiPolygon", "coordinates": [[[[3.3982737, 45.1479576], [3.3982294, 45.1480371], [3.3980484, 45.147981], [3.3980981, 45.1479022], [3.3982737, 45.1479576]]]]}, "properties": {"type": "01", "nom": null, "commune": "43118", "created": "2014-08-08", "updated": "2018-06-12"}}, {"type": "Feature", "geometry": {"type": "MultiPolygon", "coordinates": [[[[3.4039042, 45.1453114], [3.4039486, 45.1453636], [3.403887, 45.1453977], [3.403839, 45.1453483], [3.403877, 45.145325], [3.4039042, 45.1453114]]]]}, "properties": {"type": "01", "nom": null, "commune": "43175", "created": "2015-01-14", "updated": "2018-06-12"}}, {"type": "Feature", "geometry": {"type": "MultiPolygon", "coordinates": [[[[3.4082352, 45.1692441], [3.4084106, 45.1692559], [3.4083985, 45.1693184], [3.408358, 45.1693144], [3.4082272, 45.1693004], [3.4082352, 45.1692441]]]]}, "properties": {"type": "01", "nom": null, "commune": "43031", "created": "2014-08-08", "updated": "2018-06-12"}}, {"type": "Feature", "geometry": {"type": "MultiPolygon", "coordinates": [[[[3.3979001, 45.1476562], [3.3978183, 45.1476596], [3.3978059, 45.1475491], [3.3978028, 45.1475393], [3.3979208, 45.1475299], [3.3979314, 45.1476326], [3.397898, 45.1476342], [3.3979001, 45.1476562]]]]}, "properties": {"type": "01", "nom": null, "commune": "43118", "created": "2014-08-08", "updated": "2018-06-12"}}, {"type": "Feature", "geometry": {"type": "MultiPolygon", "coordinates": [[[[3.4037634, 45.1451853], [3.4037155, 45.1451176], [3.4038048, 45.1450865], [3.403826, 45.145119], [3.4038092, 45.1451247], [3.4038347, 45.1451597], [3.4037634, 45.1451853]]]]}, "properties": {"type": "01", "nom": null, "commune": "43175", "created": "2015-01-14", "updated": "2018-06-12"}}, {"type": "Feature", "geometry": {"type": "MultiPolygon", "coordinates": [[[[3.4083561, 45.1693263], [3.4083492, 45.1693717], [3.4082317, 45.1693589], [3.4082519, 45.1693131], [3.4083561, 45.1693263]]]]}, "properties": {"type": "01", "nom": null, "commune": "43031", "created": "2014-08-08", "updated": "2018-06-12"}}, {"type": "Feature", "geometry": {"type": "MultiPolygon", "coordinates": [[[[3.3978059, 45.1475491], [3.3977009, 45.1475582], [3.3976933, 45.1475148], [3.397791, 45.1475031], [3.3978028, 45.1475393], [3.3978059, 45.1475491]]]]}, "properties": {"type": "01", "nom": null, "commune": "43118", "created": "2014-08-08", "updated": "2018-06-12"}}, {"type": "Feature", "geometry": {"type": "MultiPolygon", "coordinates": [[[[3.4038573, 45.1452278], [3.4038204, 45.1451785], [3.4038852, 45.145168], [3.4039267, 45.1452407], [3.4039199, 45.1452625], [3.4038912, 45.145273], [3.4038573, 45.1452278]]]]}, "properties": {"type": "01", "nom": null, "commune": "43175", "created": "2015-01-14", "updated": "2018-06-12"}}, {"type": "Feature", "geometry": {"type": "MultiPolygon", "coordinates": [[[[3.4082317, 45.1693589], [3.4083492, 45.1693717], [3.4083241, 45.1694252], [3.4082102, 45.1694118], [3.4082317, 45.1693589]]]]}, "properties": {"type": "01", "nom": null, "commune": "43031", "created": "2014-08-08", "updated": "2018-06-12"}}, {"type": "Feature", "geometry": {"type": "MultiPolygon", "coordinates": [[[[3.3980912, 45.1475619], [3.398077, 45.1476583], [3.3979812, 45.1476589], [3.3979797, 45.1476507], [3.3979952, 45.1475595], [3.3980912, 45.1475619]]]]}, "properties": {"type": "01", "nom": null, "commune": "43118", "created": "2014-08-08", "updated": "2018-06-12"}}, {"type": "Feature", "geometry": {"type": "MultiPolygon", "coordinates": [[[[3.4036755, 45.1453062], [3.4036633, 45.145291], [3.4038195, 45.1452404], [3.4038525, 45.1452874], [3.4037261, 45.1453341], [3.4037002, 45.1452976], [3.4036755, 45.1453062]]]]}, "properties": {"type": "01", "nom": null, "commune": "43175", "created": "2015-01-14", "updated": "2018-06-12"}}, {"type": "Feature", "geometry": {"type": "MultiPolygon", "coordinates": [[[[3.4082102, 45.1694118], [3.4083241, 45.1694252], [3.4082921, 45.1695507], [3.4082064, 45.1695368], [3.4082284, 45.169482], [3.4081877, 45.1694744], [3.4082102, 45.1694118]]]]}, "properties": {"type": "01", "nom": null, "commune": "43031", "created": "2014-08-08", "updated": "2018-06-12"}}, {"type": "Feature", "geometry": {"type": "MultiPolygon", "coordinates": [[[[3.3977718, 45.147932], [3.3976867, 45.1479398], [3.3976651, 45.1478326], [3.3977525, 45.1478283], [3.397758, 45.1478589], [3.3977718, 45.147932]]]]}, "properties": {"type": "01", "nom": null, "commune": "43118", "created": "2014-08-08", "updated": "2018-06-12"}}, {"type": "Feature", "geometry": {"type": "MultiPolygon", "coordinates": [[[[3.4040198, 45.1450887], [3.4040599, 45.1451486], [3.4039814, 45.1451681], [3.4039433, 45.1451151], [3.4040198, 45.1450887]]]]}, "properties": {"type": "01", "nom": null, "commune": "43175", "created": "2015-01-14", "updated": "2018-06-12"}}, {"type": "Feature", "geometry": {"type": "MultiPolygon", "coordinates": [[[[3.4085865, 45.1692481], [3.4084795, 45.1692545], [3.4084707, 45.1692012], [3.4086111, 45.1692091], [3.4086232, 45.1692452], [3.4085865, 45.1692481]]]]}, "properties": {"type": "01", "nom": null, "commune": "43031", "created": "2014-08-08", "updated": "2018-06-12"}}, {"type": "Feature", "geometry": {"type": "MultiPolygon", "coordinates": [[[[3.3983236, 45.147717], [3.3983241, 45.1477465], [3.39827, 45.147747], [3.3982695, 45.1477174], [3.3983236, 45.147717]]]]}, "properties": {"type": "01", "nom": null, "commune": "43118", "created": "2017-03-28", "updated": "2018-06-12"}}, {"type": "Feature", "geometry": {"type": "MultiPolygon", "coordinates": [[[[3.4040438, 45.1447488], [3.4040535, 45.1447841], [3.4039922, 45.1447927], [3.4039825, 45.1447571], [3.4040438, 45.1447488]]]]}, "properties": {"type": "01", "nom": null, "commune": "43175", "created": "2015-01-14", "updated": "2018-06-12"}}, {"type": "Feature", "geometry": {"type": "MultiPolygon", "coordinates": [[[[3.4085865, 45.1692481], [3.4086021, 45.1693036], [3.4085937, 45.1693037], [3.4084897, 45.1693026], [3.4084795, 45.1692545], [3.4085865, 45.1692481]]]]}, "properties": {"type": "01", "nom": null, "commune": "43031", "created": "2014-08-08", "updated": "2018-06-12"}}, {"type": "Feature", "geometry": {"type": "MultiPolygon", "coordinates": [[[[3.4008378, 45.1466579], [3.4008182, 45.1466419], [3.4008586, 45.1466172], [3.4008781, 45.1466332], [3.4008378, 45.1466579]]]]}, "properties": {"type": "01", "nom": null, "commune": "43118", "created": "2014-08-08", "updated": "2018-06-12"}}, {"type": "Feature", "geometry": {"type": "MultiPolygon", "coordinates": [[[[3.4040498, 45.1448242], [3.4039643, 45.1448367], [3.403957, 45.1448101], [3.4040422, 45.1447977], [3.4040498, 45.1448242]]]]}, "properties": {"type": "01", "nom": null, "commune": "43175", "created": "2015-01-14", "updated": "2018-06-12"}}, {"type": "Feature", "geometry": {"type": "MultiPolygon", "coordinates": [[[[3.4084897, 45.1693026], [3.4085937, 45.1693037], [3.4086073, 45.1693469], [3.4085442, 45.1693583], [3.4084976, 45.1693667], [3.4084897, 45.1693026]]]]}, "properties": {"type": "01", "nom": null, "commune": "43031", "created": "2014-08-08", "updated": "2018-06-12"}}, {"type": "Feature", "geometry": {"type": "MultiPolygon", "coordinates": [[[[3.4008182, 45.1466419], [3.4008378, 45.1466579], [3.4007979, 45.1466841], [3.4007776, 45.1466685], [3.4008182, 45.1466419]]]]}, "properties": {"type": "01", "nom": null, "commune": "43118", "created": "2014-08-08", "updated": "2018-06-12"}}, {"type": "Feature", "geometry": {"type": "MultiPolygon", "coordinates": [[[[3.4035333, 45.1452327], [3.4035292, 45.1452023], [3.4035646, 45.1451999], [3.4035709, 45.1452319], [3.4035333, 45.1452327]]]]}, "properties": {"type": "01", "nom": null, "commune": "43175", "created": "2015-01-14", "updated": "2018-06-12"}}, {"type": "Feature", "geometry": {"type": "MultiPolygon", "coordinates": [[[[3.4084117, 45.1691561], [3.4083946, 45.1691951], [3.4082214, 45.1691792], [3.4082322, 45.169112], [3.4083557, 45.1691398], [3.4084117, 45.1691561]]]]}, "properties": {"type": "01", "nom": null, "commune": "43031", "created": "2014-08-08", "updated": "2018-06-12"}}, {"type": "Feature", "geometry": {"type": "MultiPolygon", "coordinates": [[[[3.4034884, 45.1511001], [3.4035558, 45.1509724], [3.4036343, 45.1509931], [3.4036796, 45.1510051], [3.4036344, 45.151091], [3.4035815, 45.1510771], [3.4035595, 45.1511188], [3.4034884, 45.1511001]]]]}, "properties": {"type": "01", "nom": null, "commune": "43118", "created": "2014-08-08", "updated": "2018-06-12"}}, {"type": "Feature", "geometry": {"type": "MultiPolygon", "coordinates": [[[[3.4042966, 45.1446984], [3.4042282, 45.1445641], [3.4043138, 45.1445326], [3.4043705, 45.1447018], [3.4043024, 45.1447101], [3.4042966, 45.1446984]]]]}, "properties": {"type": "01", "nom": null, "commune": "43175", "created": "2015-01-14", "updated": "2018-06-12"}}, {"type": "Feature", "geometry": {"type": "MultiPolygon", "coordinates": [[[[3.4082947, 45.1690667], [3.4082934, 45.1690572], [3.4084259, 45.1690986], [3.4084235, 45.169109], [3.4083806, 45.1691038], [3.4083557, 45.1691398], [3.4082322, 45.169112], [3.4082385, 45.1690691], [3.4082947, 45.1690667]]]]}, "properties": {"type": "01", "nom": null, "commune": "43031", "created": "2014-08-08", "updated": "2018-06-12"}}, {"type": "Feature", "geometry": {"type": "MultiPolygon", "coordinates": [[[[3.4039814, 45.1515903], [3.4039053, 45.1515269], [3.4040262, 45.1514502], [3.4040429, 45.1514629], [3.4040862, 45.1514355], [3.4041367, 45.1514738], [3.4040424, 45.1515362], [3.4040547, 45.1515464], [3.4039814, 45.1515903]]]]}, "properties": {"type": "01", "nom": null, "commune": "43118", "created": "2014-08-08", "updated": "2018-06-12"}}, {"type": "Feature", "geometry": {"type": "MultiPolygon", "coordinates": [[[[3.4042761, 45.1448722], [3.4043643, 45.1448561], [3.4043715, 45.1448755], [3.4044189, 45.1448669], [3.4044499, 45.1449406], [3.4043349, 45.1449751], [3.404285, 45.1448877], [3.4042761, 45.1448722]]]]}, "properties": {"type": "01", "nom": null, "commune": "43175", "created": "2015-01-14", "updated": "2018-06-12"}}, {"type": "Feature", "geometry": {"type": "MultiPolygon", "coordinates": [[[[3.4084259, 45.1690986], [3.4082934, 45.1690572], [3.40824, 45.1690592], [3.4082456, 45.1690217], [3.4083379, 45.1690157], [3.4083566, 45.1690143], [3.4083463, 45.169059], [3.4084339, 45.1690645], [3.4084259, 45.1690986]]]]}, "properties": {"type": "01", "nom": null, "commune": "43031", "created": "2014-08-08", "updated": "2018-06-12"}}, {"type": "Feature", "geometry": {"type": "MultiPolygon", "coordinates": [[[[3.4035949, 45.1516303], [3.4036706, 45.1516474], [3.4036577, 45.1516777], [3.4035821, 45.15166], [3.4035949, 45.1516303]]]]}, "properties": {"type": "01", "nom": null, "commune": "43118", "created": "2014-08-08", "updated": "2018-06-12"}}, {"type": "Feature", "geometry": {"type": "MultiPolygon", "coordinates": [[[[3.4043826, 45.1450479], [3.4043671, 45.1450182], [3.4043605, 45.14502], [3.4043349, 45.1449751], [3.4044499, 45.1449406], [3.4044935, 45.1449956], [3.4043826, 45.1450479]]]]}, "properties": {"type": "01", "nom": null, "commune": "43175", "created": "2015-01-14", "updated": "2018-06-12"}}, {"type": "Feature", "geometry": {"type": "MultiPolygon", "coordinates": [[[[3.4082696, 45.1689807], [3.4083356, 45.1689756], [3.4083379, 45.1690157], [3.4082456, 45.1690217], [3.408251, 45.1689826], [3.4082696, 45.1689807]]]]}, "properties": {"type": "01", "nom": null, "commune": "43031", "created": "2014-08-08", "updated": "2018-06-12"}}, {"type": "Feature", "geometry": {"type": "MultiPolygon", "coordinates": [[[[3.4038443, 45.1518655], [3.4039036, 45.151868], [3.4039054, 45.1518466], [3.4040237, 45.1518515], [3.4040143, 45.1519658], [3.403896, 45.1519597], [3.4038998, 45.1519337], [3.4038389, 45.1519299], [3.4038443, 45.1518655]]]]}, "properties": {"type": "01", "nom": null, "commune": "43118", "created": "2014-08-08", "updated": "2018-06-12"}}, {"type": "Feature", "geometry": {"type": "MultiPolygon", "coordinates": [[[[3.4039729, 45.1452772], [3.4040112, 45.1453376], [3.4039486, 45.1453636], [3.4039042, 45.1453114], [3.4039729, 45.1452772]]]]}, "properties": {"type": "01", "nom": null, "commune": "43175", "created": "2015-01-14", "updated": "2018-06-12"}}, {"type": "Feature", "geometry": {"type": "MultiPolygon", "coordinates": [[[[3.4082613, 45.1689501], [3.4083338, 45.168938], [3.4083356, 45.1689756], [3.4082696, 45.1689807], [3.4082613, 45.1689501]]]]}, "properties": {"type": "01", "nom": null, "commune": "43031", "created": "2014-08-08", "updated": "2018-06-12"}}, {"type": "Feature", "geometry": {"type": "MultiPolygon", "coordinates": [[[[3.4041455, 45.1520678], [3.4041623, 45.1520153], [3.4042423, 45.152086], [3.4041959, 45.1521124], [3.4041455, 45.1520678]]]]}, "properties": {"type": "01", "nom": null, "commune": "43118", "created": "2014-08-08", "updated": "2018-06-12"}}, {"type": "Feature", "geometry": {"type": "MultiPolygon", "coordinates": [[[[3.4055563, 45.1443212], [3.4056542, 45.1444192], [3.4056116, 45.1444383], [3.4055739, 45.1444476], [3.4054877, 45.144361], [3.4055563, 45.1443212]]]]}, "properties": {"type": "02", "nom": null, "commune": "43175", "created": "2015-01-14", "updated": "2018-06-12"}}, {"type": "Feature", "geometry": {"type": "MultiPolygon", "coordinates": [[[[3.4082149, 45.168884], [3.4083268, 45.1688803], [3.4083338, 45.168938], [3.4082613, 45.1689501], [3.4082294, 45.1689556], [3.4082149, 45.168884]]]]}, "properties": {"type": "01", "nom": null, "commune": "43031", "created": "2014-08-08", "updated": "2018-06-12"}}, {"type": "Feature", "geometry": {"type": "MultiPolygon", "coordinates": [[[[3.404447, 45.1520949], [3.4042549, 45.1519983], [3.404308, 45.1519455], [3.4043537, 45.1519672], [3.4043868, 45.1519829], [3.4043979, 45.1519712], [3.4044698, 45.1520053], [3.4044811, 45.1519932], [3.4045271, 45.152015], [3.404447, 45.1520949]]]]}, "properties": {"type": "01", "nom": null, "commune": "43118", "created": "2014-08-08", "updated": "2018-06-12"}}, {"type": "Feature", "geometry": {"type": "MultiPolygon", "coordinates": [[[[3.4046362, 45.1442508], [3.4045655, 45.1443204], [3.4045068, 45.1442906], [3.4045763, 45.1442208], [3.4046362, 45.1442508]]]]}, "properties": {"type": "02", "nom": null, "commune": "43175", "created": "2015-01-14", "updated": "2018-06-12"}}, {"type": "Feature", "geometry": {"type": "MultiPolygon", "coordinates": [[[[3.4083596, 45.168833], [3.408365, 45.1688794], [3.4083268, 45.1688803], [3.4082149, 45.168884], [3.4082155, 45.1688437], [3.4083596, 45.168833]]]]}, "properties": {"type": "01", "nom": null, "commune": "43031", "created": "2014-08-08", "updated": "2018-06-12"}}, {"type": "Feature", "geometry": {"type": "MultiPolygon", "coordinates": [[[[3.4046051, 45.1521543], [3.4046496, 45.1522144], [3.4045483, 45.1522542], [3.404493, 45.1521797], [3.4044773, 45.1521843], [3.4044566, 45.1521491], [3.4045464, 45.1521158], [3.4045801, 45.1521632], [3.4046051, 45.1521543]]]]}, "properties": {"type": "01", "nom": null, "commune": "43118", "created": "2014-08-08", "updated": "2018-06-12"}}, {"type": "Feature", "geometry": {"type": "MultiPolygon", "coordinates": [[[[3.4041061, 45.1447289], [3.4041985, 45.1447141], [3.4042717, 45.1447025], [3.4043237, 45.144782], [3.404247, 45.1447906], [3.4041695, 45.1447954], [3.4041393, 45.1447962], [3.4041282, 45.1447738], [3.4041061, 45.1447289]]]]}, "properties": {"type": "02", "nom": null, "commune": "43175", "created": "2015-01-14", "updated": "2018-06-12"}}, {"type": "Feature", "geometry": {"type": "MultiPolygon", "coordinates": [[[[3.4083717, 45.1687935], [3.4083492, 45.1687969], [3.4082659, 45.1688123], [3.4082614, 45.1687475], [3.4083653, 45.1687394], [3.4083891, 45.1687894], [3.4083717, 45.1687935]]]]}, "properties": {"type": "01", "nom": null, "commune": "43031", "created": "2014-08-08", "updated": "2018-06-12"}}, {"type": "Feature", "geometry": {"type": "MultiPolygon", "coordinates": [[[[3.4042187, 45.1524701], [3.4042075, 45.152463], [3.4042668, 45.1524088], [3.4043533, 45.1524601], [3.4042348, 45.15256], [3.4041607, 45.152516], [3.4042187, 45.1524701]]]]}, "properties": {"type": "01", "nom": null, "commune": "43118", "created": "2014-08-08", "updated": "2018-06-12"}}, {"type": "Feature", "geometry": {"type": "MultiPolygon", "coordinates": [[[[3.4047564, 45.1448847], [3.4047741, 45.1449596], [3.4046193, 45.14498], [3.4046007, 45.144906], [3.4046144, 45.144902], [3.404664, 45.144896], [3.4047564, 45.1448847]]]]}, "properties": {"type": "02", "nom": null, "commune": "43175", "created": "2015-01-14", "updated": "2018-06-12"}}, {"type": "Feature", "geometry": {"type": "MultiPolygon", "coordinates": [[[[3.4086093, 45.168732], [3.4086215, 45.1688128], [3.4085186, 45.1688146], [3.4085131, 45.1687341], [3.4086093, 45.168732]]]]}, "properties": {"type": "01", "nom": null, "commune": "43031", "created": "2014-08-08", "updated": "2018-06-12"}}, {"type": "Feature", "geometry": {"type": "MultiPolygon", "coordinates": [[[[3.4035558, 45.1509724], [3.4036451, 45.1507971], [3.4037197, 45.1508199], [3.4036343, 45.1509931], [3.4035558, 45.1509724]]]]}, "properties": {"type": "02", "nom": null, "commune": "43118", "created": "2014-08-08", "updated": "2018-06-12"}}, {"type": "Feature", "geometry": {"type": "MultiPolygon", "coordinates": [[[[3.4051188, 45.1451318], [3.405082, 45.1450903], [3.405157, 45.1450859], [3.4051544, 45.1451157], [3.4051188, 45.1451318]]]]}, "properties": {"type": "02", "nom": null, "commune": "43175", "created": "2015-01-14", "updated": "2018-06-12"}}, {"type": "Feature", "geometry": {"type": "MultiPolygon", "coordinates": [[[[3.4085239, 45.1688744], [3.408521, 45.1688406], [3.408635, 45.1688377], [3.408637, 45.1689221], [3.408528, 45.1689283], [3.4085253, 45.1688916], [3.4085239, 45.1688744]]]]}, "properties": {"type": "01", "nom": null, "commune": "43031", "created": "2014-08-08", "updated": "2018-06-12"}}, {"type": "Feature", "geometry": {"type": "MultiPolygon", "coordinates": [[[[3.404308, 45.1519455], [3.4043278, 45.1519258], [3.4043728, 45.1519483], [3.4043537, 45.1519672], [3.404308, 45.1519455]]]]}, "properties": {"type": "02", "nom": null, "commune": "43118", "created": "2014-08-08", "updated": "2018-06-12"}}, {"type": "Feature", "geometry": {"type": "MultiPolygon", "coordinates": [[[[3.4052264, 45.1451227], [3.4051921, 45.1450762], [3.4052272, 45.1450663], [3.4052614, 45.1451122], [3.4052264, 45.1451227]]]]}, "properties": {"type": "02", "nom": null, "commune": "43175", "created": "2015-01-14", "updated": "2018-06-12"}}, {"type": "Feature", "geometry": {"type": "MultiPolygon", "coordinates": [[[[3.408689, 45.1689248], [3.408682, 45.1688357], [3.4087198, 45.168834], [3.4087321, 45.1689251], [3.408689, 45.1689248]]]]}, "properties": {"type": "01", "nom": null, "commune": "43031", "created": "2014-08-08", "updated": "2018-06-12"}}, {"type": "Feature", "geometry": {"type": "MultiPolygon", "coordinates": [[[[3.40457, 45.1521071], [3.4046051, 45.1521543], [3.4045801, 45.1521632], [3.4045464, 45.1521158], [3.40457, 45.1521071]]]]}, "properties": {"type": "02", "nom": null, "commune": "43118", "created": "2014-08-08", "updated": "2018-06-12"}}, {"type": "Feature", "geometry": {"type": "MultiPolygon", "coordinates": [[[[3.4043371, 45.1451706], [3.404362, 45.1451572], [3.4043663, 45.145161], [3.4044395, 45.1452275], [3.4044167, 45.1452415], [3.4043814, 45.1452099], [3.4043371, 45.1451706]]]]}, "properties": {"type": "02", "nom": null, "commune": "43175", "created": "2015-01-14", "updated": "2018-06-12"}}, {"type": "Feature", "geometry": {"type": "MultiPolygon", "coordinates": [[[[3.4087321, 45.1689251], [3.4087198, 45.168834], [3.4087874, 45.1688278], [3.4087764, 45.1689234], [3.4087321, 45.1689251]]]]}, "properties": {"type": "01", "nom": null, "commune": "43031", "created": "2014-08-08", "updated": "2018-06-12"}}, {"type": "Feature", "geometry": {"type": "MultiPolygon", "coordinates": [[[[3.404053, 45.1514102], [3.4040862, 45.1514355], [3.4040429, 45.1514629], [3.4040262, 45.1514502], [3.4040105, 45.1514382], [3.404053, 45.1514102]]]]}, "properties": {"type": "02", "nom": null, "commune": "43118", "created": "2014-08-08", "updated": "2018-06-12"}}, {"type": "Feature", "geometry": {"type": "MultiPolygon", "coordinates": [[[[3.405235, 45.1453003], [3.4051945, 45.1453477], [3.4050888, 45.1452797], [3.4051484, 45.145245], [3.405235, 45.1453003]]]]}, "properties": {"type": "02", "nom": null, "commune": "43175", "created": "2015-01-14", "updated": "2018-06-12"}}, {"type": "Feature", "geometry": {"type": "MultiPolygon", "coordinates": [[[[3.40878, 45.1691398], [3.4087504, 45.1690594], [3.4089708, 45.168997], [3.4090142, 45.1690739], [3.4088569, 45.1691193], [3.40878, 45.1691398]]]]}, "properties": {"type": "01", "nom": null, "commune": "43031", "created": "2014-08-08", "updated": "2018-06-12"}}, {"type": "Feature", "geometry": {"type": "MultiPolygon", "coordinates": [[[[3.4041066, 45.1553806], [3.4045872, 45.1548463], [3.4045624, 45.1548346], [3.4045918, 45.1548033], [3.4046153, 45.1548143], [3.4046215, 45.1548078], [3.4045457, 45.1547722], [3.4046255, 45.1546872], [3.404708, 45.154726], [3.4046675, 45.1547691], [3.4049335, 45.1548943], [3.4043836, 45.155507], [3.4041066, 45.1553806]]]]}, "properties": {"type": "01", "nom": null, "commune": "43118", "created": "2014-08-08", "updated": "2018-06-12"}}, {"type": "Feature", "geometry": {"type": "MultiPolygon", "coordinates": [[[[3.4056374, 45.1450301], [3.4056428, 45.1449458], [3.4057198, 45.1449661], [3.4056874, 45.1450406], [3.4056374, 45.1450301]]]]}, "properties": {"type": "02", "nom": null, "commune": "43175", "created": "2015-01-14", "updated": "2018-06-12"}}, {"type": "Feature", "geometry": {"type": "MultiPolygon", "coordinates": [[[[3.4084785, 45.16902], [3.4085275, 45.1690244], [3.4085691, 45.1690281], [3.4086454, 45.1690273], [3.4086556, 45.1690761], [3.4085812, 45.1690683], [3.4085787, 45.1690684], [3.4085591, 45.1691385], [3.4085619, 45.1691828], [3.4084566, 45.1691789], [3.4084785, 45.16902]]]]}, "properties": {"type": "01", "nom": null, "commune": "43031", "created": "2014-08-08", "updated": "2018-06-12"}}, {"type": "Feature", "geometry": {"type": "MultiPolygon", "coordinates": [[[[3.4032874, 45.1548935], [3.4033239, 45.1549137], [3.4033351, 45.1549608], [3.4032809, 45.1550138], [3.4031932, 45.1550221], [3.4031658, 45.1550518], [3.4030863, 45.1550103], [3.4031155, 45.1549835], [3.4030712, 45.1547825], [3.4032299, 45.1547649], [3.4032541, 45.1548747], [3.4032337, 45.1548919], [3.4032402, 45.1549075], [3.403277, 45.1549029], [3.4032874, 45.1548935]]]]}, "properties": {"type": "01", "nom": null, "commune": "43118", "created": "2014-08-08", "updated": "2018-06-12"}}, {"type": "Feature", "geometry": {"type": "MultiPolygon", "coordinates": [[[[3.404113, 45.1452962], [3.4041056, 45.1452849], [3.4041266, 45.1452777], [3.4041935, 45.1453616], [3.4041644, 45.1453739], [3.404113, 45.1452962]]]]}, "properties": {"type": "02", "nom": null, "commune": "43175", "created": "2015-01-14", "updated": "2018-06-12"}}, {"type": "Feature", "geometry": {"type": "MultiPolygon", "coordinates": [[[[3.4086787, 45.1690788], [3.4086858, 45.1690965], [3.4087109, 45.1691523], [3.4087137, 45.1691586], [3.4086456, 45.1691703], [3.4085845, 45.1691651], [3.4085812, 45.1690683], [3.4086556, 45.1690761], [3.4086787, 45.1690788]]]]}, "properties": {"type": "01", "nom": null, "commune": "43031", "created": "2014-08-08", "updated": "2018-06-12"}}, {"type": "Feature", "geometry": {"type": "MultiPolygon", "coordinates": [[[[3.4029988, 45.153722], [3.4030113, 45.1537436], [3.4030256, 45.1537475], [3.4030639, 45.1537581], [3.4030686, 45.1537491], [3.4031059, 45.153759], [3.4030608, 45.1538386], [3.4029466, 45.1538039], [3.402919, 45.1537551], [3.4029988, 45.153722]]]]}, "properties": {"type": "01", "nom": null, "commune": "43118", "created": "2014-08-08", "updated": "2018-06-12"}}, {"type": "Feature", "geometry": {"type": "MultiPolygon", "coordinates": [[[[3.4033241, 45.1463268], [3.4033551, 45.1463325], [3.4033482, 45.1463513], [3.4033171, 45.1463455], [3.4033241, 45.1463268]]]]}, "properties": {"type": "02", "nom": null, "commune": "43175", "created": "2016-05-20", "updated": "2018-06-12"}}, {"type": "Feature", "geometry": {"type": "MultiPolygon", "coordinates": [[[[3.4083381, 45.16855], [3.4083292, 45.1686089], [3.4083137, 45.1686092], [3.408286, 45.1686098], [3.4081719, 45.1686293], [3.4081715, 45.1685399], [3.4083381, 45.16855]]]]}, "properties": {"type": "01", "nom": null, "commune": "43031", "created": "2014-08-08", "updated": "2018-06-12"}}, {"type": "Feature", "geometry": {"type": "MultiPolygon", "coordinates": [[[[3.402919, 45.1537551], [3.4028847, 45.1536946], [3.4029694, 45.1536711], [3.4029988, 45.153722], [3.402919, 45.1537551]]]]}, "properties": {"type": "01", "nom": null, "commune": "43118", "created": "2014-08-08", "updated": "2018-06-12"}}, {"type": "Feature", "geometry": {"type": "MultiPolygon", "coordinates": [[[[3.4034789, 45.1457259], [3.4035238, 45.1456366], [3.4035655, 45.1456413], [3.4035572, 45.1455891], [3.4035907, 45.1455907], [3.4036519, 45.145598], [3.4036345, 45.1456422], [3.4036109, 45.1456887], [3.4035559, 45.1457557], [3.4034789, 45.1457259]]]]}, "properties": {"type": "01", "nom": null, "commune": "43175", "created": "2015-01-14", "updated": "2018-06-12"}}, {"type": "Feature", "geometry": {"type": "MultiPolygon", "coordinates": [[[[3.4084099, 45.1686054], [3.4083292, 45.1686089], [3.4083381, 45.16855], [3.4083727, 45.1685518], [3.4084193, 45.1685545], [3.4084099, 45.1686054]]]]}, "properties": {"type": "01", "nom": null, "commune": "43031", "created": "2014-08-08", "updated": "2018-06-12"}}, {"type": "Feature", "geometry": {"type": "MultiPolygon", "coordinates": [[[[3.40251, 45.1538716], [3.4025927, 45.1538403], [3.4026475, 45.1539128], [3.4027404, 45.1539316], [3.4027151, 45.1539948], [3.4025816, 45.1539679], [3.40251, 45.1538716]]]]}, "properties": {"type": "01", "nom": null, "commune": "43118", "created": "2014-08-08", "updated": "2018-06-12"}}, {"type": "Feature", "geometry": {"type": "MultiPolygon", "coordinates": [[[[3.403372, 45.1465427], [3.4033553, 45.1465415], [3.403357, 45.1465264], [3.403374, 45.1465275], [3.403372, 45.1465427]]]]}, "properties": {"type": "01", "nom": null, "commune": "43175", "created": "2015-01-14", "updated": "2018-06-12"}}, {"type": "Feature", "geometry": {"type": "MultiPolygon", "coordinates": [[[[3.4083292, 45.1686089], [3.4084099, 45.1686054], [3.4083941, 45.1686878], [3.4083309, 45.1686826], [3.4083137, 45.1686092], [3.4083292, 45.1686089]]]]}, "properties": {"type": "01", "nom": null, "commune": "43031", "created": "2014-08-08", "updated": "2018-06-12"}}, {"type": "Feature", "geometry": {"type": "MultiPolygon", "coordinates": [[[[3.4034618, 45.1558099], [3.4033667, 45.1555886], [3.4035594, 45.1555471], [3.4036529, 45.1557649], [3.4034618, 45.1558099]]]]}, "properties": {"type": "01", "nom": null, "commune": "43118", "created": "2014-08-08", "updated": "2018-06-12"}}, {"type": "Feature", "geometry": {"type": "MultiPolygon", "coordinates": [[[[3.4012789, 45.1465402], [3.4013412, 45.1465594], [3.401248, 45.1466461], [3.4012095, 45.146631], [3.4012693, 45.1465373], [3.4012789, 45.1465402]]]]}, "properties": {"type": "01", "nom": null, "commune": "43175", "created": "2015-01-14", "updated": "2018-06-12"}}, {"type": "Feature", "geometry": {"type": "MultiPolygon", "coordinates": [[[[3.4080353, 45.1686948], [3.4079608, 45.1686631], [3.4080086, 45.1686055], [3.4080896, 45.1686473], [3.4080998, 45.168652], [3.4080583, 45.1687036], [3.4080353, 45.1686948]]]]}, "properties": {"type": "01", "nom": null, "commune": "43031", "created": "2014-08-08", "updated": "2018-06-12"}}, {"type": "Feature", "geometry": {"type": "MultiPolygon", "coordinates": [[[[3.4034734, 45.1560838], [3.4034038, 45.1559088], [3.4035388, 45.155882], [3.4036084, 45.1560569], [3.4034734, 45.1560838]]]]}, "properties": {"type": "01", "nom": null, "commune": "43118", "created": "2014-08-08", "updated": "2018-06-12"}}, {"type": "Feature", "geometry": {"type": "MultiPolygon", "coordinates": [[[[3.4013445, 45.1463624], [3.4013113, 45.1464186], [3.4012787, 45.1464108], [3.4013062, 45.1463535], [3.4013445, 45.1463624]]]]}, "properties": {"type": "01", "nom": null, "commune": "43175", "created": "2015-01-14", "updated": "2018-06-12"}}, {"type": "Feature", "geometry": {"type": "MultiPolygon", "coordinates": [[[[3.4079608, 45.1686631], [3.4080353, 45.1686948], [3.4080129, 45.1687404], [3.407922, 45.1687083], [3.4079608, 45.1686631]]]]}, "properties": {"type": "01", "nom": null, "commune": "43031", "created": "2014-08-08", "updated": "2018-06-12"}}, {"type": "Feature", "geometry": {"type": "MultiPolygon", "coordinates": [[[[3.4033459, 45.1530178], [3.4033761, 45.1530344], [3.4033134, 45.1530918], [3.4032831, 45.1530765], [3.4033459, 45.1530178]]]]}, "properties": {"type": "02", "nom": null, "commune": "43118", "created": "2014-08-08", "updated": "2018-06-12"}}, {"type": "Feature", "geometry": {"type": "MultiPolygon", "coordinates": [[[[3.400816, 45.1462369], [3.4007487, 45.1462659], [3.4007185, 45.1462316], [3.4007526, 45.1462166], [3.4007854, 45.1462022], [3.400816, 45.1462369]]]]}, "properties": {"type": "01", "nom": null, "commune": "43175", "created": "2015-01-14", "updated": "2018-06-12"}}, {"type": "Feature", "geometry": {"type": "MultiPolygon", "coordinates": [[[[3.4078358, 45.1687888], [3.4078931, 45.1687174], [3.4080171, 45.1687581], [3.4080036, 45.1687916], [3.4079638, 45.1687786], [3.4079254, 45.1688197], [3.4078358, 45.1687888]]]]}, "properties": {"type": "01", "nom": null, "commune": "43031", "created": "2014-08-08", "updated": "2018-06-12"}}, {"type": "Feature", "geometry": {"type": "MultiPolygon", "coordinates": [[[[3.4033682, 45.152997], [3.4033459, 45.1530178], [3.4032546, 45.1529692], [3.4032772, 45.1529482], [3.4033682, 45.152997]]]]}, "properties": {"type": "02", "nom": null, "commune": "43118", "created": "2014-08-08", "updated": "2018-06-12"}}, {"type": "Feature", "geometry": {"type": "MultiPolygon", "coordinates": [[[[3.4017446, 45.1461616], [3.4016915, 45.1461843], [3.4016037, 45.1461296], [3.4016706, 45.146074], [3.4017446, 45.1461616]]]]}, "properties": {"type": "01", "nom": null, "commune": "43175", "created": "2015-01-14", "updated": "2018-06-12"}}, {"type": "Feature", "geometry": {"type": "MultiPolygon", "coordinates": [[[[3.4083241, 45.1683742], [3.4084069, 45.1683841], [3.4083866, 45.1684776], [3.4083187, 45.1684718], [3.4083241, 45.1683742]]]]}, "properties": {"type": "01", "nom": null, "commune": "43031", "created": "2014-08-08", "updated": "2018-06-12"}}, {"type": "Feature", "geometry": {"type": "MultiPolygon", "coordinates": [[[[3.4033407, 45.146182], [3.4033555, 45.1461483], [3.4034552, 45.146174], [3.4034482, 45.1462049], [3.4034408, 45.1462379], [3.4033294, 45.1462083], [3.4033407, 45.146182]]]]}, "properties": {"type": "01", "nom": null, "commune": "43175", "created": "2015-01-14", "updated": "2018-06-12"}}, {"type": "Feature", "geometry": {"type": "MultiPolygon", "coordinates": [[[[3.4030084, 45.1537179], [3.4029988, 45.153722], [3.4029694, 45.1536711], [3.4029797, 45.1536682], [3.4030084, 45.1537179]]]]}, "properties": {"type": "02", "nom": null, "commune": "43118", "created": "2014-08-08", "updated": "2018-06-12"}}, {"type": "Feature", "geometry": {"type": "MultiPolygon", "coordinates": [[[[3.4084428, 45.1684903], [3.4083827, 45.1684984], [3.4083866, 45.1684776], [3.4084069, 45.1683841], [3.4084139, 45.1683548], [3.4085059, 45.1683782], [3.4084428, 45.1684903]]]]}, "properties": {"type": "01", "nom": null, "commune": "43031", "created": "2014-08-08", "updated": "2018-06-12"}}, {"type": "Feature", "geometry": {"type": "MultiPolygon", "coordinates": [[[[3.4030113, 45.1537436], [3.4029988, 45.153722], [3.4030084, 45.1537179], [3.4030256, 45.1537475], [3.4030113, 45.1537436]]]]}, "properties": {"type": "02", "nom": null, "commune": "43118", "created": "2014-08-08", "updated": "2018-06-12"}}, {"type": "Feature", "geometry": {"type": "MultiPolygon", "coordinates": [[[[3.4033407, 45.146182], [3.4032854, 45.1461667], [3.4032946, 45.1461326], [3.4033555, 45.1461483], [3.4033407, 45.146182]]]]}, "properties": {"type": "01", "nom": null, "commune": "43175", "created": "2015-01-14", "updated": "2018-06-12"}}, {"type": "Feature", "geometry": {"type": "MultiPolygon", "coordinates": [[[[3.4086089, 45.1684869], [3.4085224, 45.1684769], [3.4085431, 45.16844], [3.4086337, 45.1684533], [3.4086535, 45.1684764], [3.4086089, 45.1684869]]]]}, "properties": {"type": "01", "nom": null, "commune": "43031", "created": "2014-08-08", "updated": "2018-06-12"}}, {"type": "Feature", "geometry": {"type": "MultiPolygon", "coordinates": [[[[3.4032874, 45.1548935], [3.403277, 45.1549029], [3.4032402, 45.1549075], [3.4032337, 45.1548919], [3.4032541, 45.1548747], [3.4032299, 45.1547649], [3.4033023, 45.1548068], [3.4033127, 45.1548534], [3.4032829, 45.1548803], [3.4032874, 45.1548935]]]]}, "properties": {"type": "02", "nom": null, "commune": "43118", "created": "2014-08-08", "updated": "2018-06-12"}}, {"type": "Feature", "geometry": {"type": "MultiPolygon", "coordinates": [[[[3.4032113, 45.1459342], [3.4031422, 45.145913], [3.4031893, 45.1458425], [3.4032259, 45.1457875], [3.4032938, 45.1458101], [3.4032709, 45.1458447], [3.4032113, 45.1459342]]]]}, "properties": {"type": "01", "nom": null, "commune": "43175", "created": "2015-01-14", "updated": "2018-06-12"}}, {"type": "Feature", "geometry": {"type": "MultiPolygon", "coordinates": [[[[3.4086668, 45.1685506], [3.4086781, 45.1686139], [3.4086026, 45.1686245], [3.4085983, 45.1685687], [3.4084604, 45.1685697], [3.4084609, 45.1685238], [3.4085274, 45.1685227], [3.4086034, 45.1685211], [3.4086047, 45.168552], [3.4086668, 45.1685506]]]]}, "properties": {"type": "01", "nom": null, "commune": "43031", "created": "2014-08-08", "updated": "2018-06-12"}}, {"type": "Feature", "geometry": {"type": "MultiPolygon", "coordinates": [[[[3.4032831, 45.1530765], [3.4032228, 45.1531329], [3.4031298, 45.153085], [3.4032546, 45.1529692], [3.4033459, 45.1530178], [3.4032831, 45.1530765]]]]}, "properties": {"type": "01", "nom": null, "commune": "43118", "created": "2014-08-08", "updated": "2018-06-12"}}, {"type": "Feature", "geometry": {"type": "MultiPolygon", "coordinates": [[[[3.4031838, 45.1457561], [3.4032349, 45.1457742], [3.4032259, 45.1457875], [3.4031893, 45.1458425], [3.4031785, 45.1458389], [3.4031353, 45.1458249], [3.4031463, 45.1458081], [3.4031838, 45.1457561]]]]}, "properties": {"type": "01", "nom": null, "commune": "43175", "created": "2015-01-14", "updated": "2018-06-12"}}, {"type": "Feature", "geometry": {"type": "MultiPolygon", "coordinates": [[[[3.4085983, 45.1685687], [3.4086026, 45.1686245], [3.4085057, 45.1686275], [3.4085056, 45.1686003], [3.4084601, 45.1685956], [3.4084604, 45.1685697], [3.4085983, 45.1685687]]]]}, "properties": {"type": "01", "nom": null, "commune": "43031", "created": "2014-08-08", "updated": "2018-06-12"}}, {"type": "Feature", "geometry": {"type": "MultiPolygon", "coordinates": [[[[3.4031604, 45.1538861], [3.4032271, 45.1538664], [3.4032465, 45.1538996], [3.4031799, 45.1539192], [3.4031604, 45.1538861]]]]}, "properties": {"type": "01", "nom": null, "commune": "43118", "created": "2014-08-08", "updated": "2018-06-12"}}, {"type": "Feature", "geometry": {"type": "MultiPolygon", "coordinates": [[[[3.4032709, 45.1458447], [3.4033229, 45.1458604], [3.4032616, 45.1459498], [3.4032113, 45.1459342], [3.4032709, 45.1458447]]]]}, "properties": {"type": "01", "nom": null, "commune": "43175", "created": "2015-01-14", "updated": "2018-06-12"}}, {"type": "Feature", "geometry": {"type": "MultiPolygon", "coordinates": [[[[3.4030767, 45.1554734], [3.4030571, 45.1554342], [3.4030966, 45.1554258], [3.4031134, 45.1554647], [3.4030767, 45.1554734]]]]}, "properties": {"type": "01", "nom": null, "commune": "43118", "created": "2014-08-08", "updated": "2018-06-12"}}, {"type": "Feature", "geometry": {"type": "MultiPolygon", "coordinates": [[[[3.4033229, 45.1458604], [3.4033717, 45.1458751], [3.4033119, 45.1459655], [3.4032616, 45.1459498], [3.4033229, 45.1458604]]]]}, "properties": {"type": "01", "nom": null, "commune": "43175", "created": "2015-01-14", "updated": "2018-06-12"}}, {"type": "Feature", "geometry": {"type": "MultiPolygon", "coordinates": [[[[3.4087456, 45.1685341], [3.4086962, 45.1684263], [3.408748, 45.1684144], [3.4087565, 45.1684329], [3.4087936, 45.1684244], [3.4088345, 45.1685246], [3.4088791, 45.1685154], [3.4088901, 45.1685424], [3.408848, 45.168551], [3.4088676, 45.1685992], [3.4088575, 45.1686029], [3.4087755, 45.1686105], [3.4087725, 45.1685994], [3.4087456, 45.1685341]]]]}, "properties": {"type": "01", "nom": null, "commune": "43031", "created": "2014-08-08", "updated": "2018-06-12"}}, {"type": "Feature", "geometry": {"type": "MultiPolygon", "coordinates": [[[[3.4089344, 45.1688148], [3.4088512, 45.1688332], [3.4088229, 45.1686662], [3.4089067, 45.1686476], [3.4089344, 45.1688148]]]]}, "properties": {"type": "01", "nom": null, "commune": "43031", "created": "2014-08-08", "updated": "2018-06-12"}}, {"type": "Feature", "geometry": {"type": "MultiPolygon", "coordinates": [[[[3.4036427, 45.1526429], [3.4035603, 45.1527305], [3.4034578, 45.1526822], [3.4035401, 45.1525968], [3.4036427, 45.1526429]]]]}, "properties": {"type": "03", "nom": null, "commune": "43118", "created": "2025-08-25", "updated": "2025-08-25"}}, {"type": "Feature", "geometry": {"type": "MultiPolygon", "coordinates": [[[[3.4034323, 45.1459348], [3.4034619, 45.1459438], [3.4034869, 45.1459513], [3.4034307, 45.1460022], [3.4033119, 45.1459655], [3.4033717, 45.1458751], [3.4034535, 45.1458998], [3.4034323, 45.1459348]]]]}, "properties": {"type": "01", "nom": null, "commune": "43175", "created": "2015-01-14", "updated": "2018-06-12"}}, {"type": "Feature", "geometry": {"type": "MultiPolygon", "coordinates": [[[[3.4084296, 45.168289], [3.4085482, 45.1683088], [3.4085059, 45.1683782], [3.4084139, 45.1683548], [3.4084296, 45.168289]]]]}, "properties": {"type": "01", "nom": null, "commune": "43031", "created": "2014-08-08", "updated": "2018-06-12"}}, {"type": "Feature", "geometry": {"type": "MultiPolygon", "coordinates": [[[[3.4046053, 45.1524776], [3.404675, 45.1524376], [3.4047911, 45.1525386], [3.404708, 45.1525864], [3.404631, 45.1525193], [3.4046443, 45.1525116], [3.4046053, 45.1524776]]]]}, "properties": {"type": "01", "nom": null, "commune": "43118", "created": "2014-08-08", "updated": "2018-06-12"}}, {"type": "Feature", "geometry": {"type": "MultiPolygon", "coordinates": [[[[3.4028311, 45.1458096], [3.4027778, 45.1457947], [3.4028325, 45.1457151], [3.4028869, 45.1457303], [3.4028439, 45.1457917], [3.4028311, 45.1458096]]]]}, "properties": {"type": "01", "nom": null, "commune": "43175", "created": "2015-01-14", "updated": "2018-06-12"}}, {"type": "Feature", "geometry": {"type": "MultiPolygon", "coordinates": [[[[3.4090664, 45.1686284], [3.4091509, 45.1685959], [3.4091832, 45.1686985], [3.4091, 45.1687336], [3.4090664, 45.1686284]]]]}, "properties": {"type": "01", "nom": null, "commune": "43031", "created": "2014-08-08", "updated": "2018-06-12"}}, {"type": "Feature", "geometry": {"type": "MultiPolygon", "coordinates": [[[[3.404219, 45.1526296], [3.4041073, 45.1527239], [3.4040622, 45.1526972], [3.404131, 45.1526383], [3.4041217, 45.1526327], [3.4041639, 45.152597], [3.404219, 45.1526296]]]]}, "properties": {"type": "01", "nom": null, "commune": "43118", "created": "2014-08-08", "updated": "2018-06-12"}}, {"type": "Feature", "geometry": {"type": "MultiPolygon", "coordinates": [[[[3.4029208, 45.145682], [3.4029787, 45.1457019], [3.4029499, 45.1457429], [3.4029009, 45.1458129], [3.4028439, 45.1457917], [3.4028869, 45.1457303], [3.4029208, 45.145682]]]]}, "properties": {"type": "01", "nom": null, "commune": "43175", "created": "2015-01-14", "updated": "2018-06-12"}}, {"type": "Feature", "geometry": {"type": "MultiPolygon", "coordinates": [[[[3.409298, 45.1686487], [3.4093878, 45.1687387], [3.4094574, 45.1688095], [3.4094411, 45.1688183], [3.4094026, 45.1688302], [3.4093598, 45.1688363], [3.4093541, 45.1688278], [3.4092987, 45.1687567], [3.4093254, 45.1687436], [3.4092596, 45.1686756], [3.4092817, 45.16866], [3.409298, 45.1686487]]]]}, "properties": {"type": "01", "nom": null, "commune": "43031", "created": "2014-08-08", "updated": "2018-06-12"}}, {"type": "Feature", "geometry": {"type": "MultiPolygon", "coordinates": [[[[3.4044944, 45.1530184], [3.4044021, 45.1530538], [3.4043728, 45.153013], [3.4043363, 45.1530293], [3.4042934, 45.1529716], [3.4043303, 45.1529569], [3.4043647, 45.1530002], [3.4044523, 45.1529654], [3.4044944, 45.1530184]]]]}, "properties": {"type": "01", "nom": null, "commune": "43118", "created": "2014-08-08", "updated": "2018-06-12"}}, {"type": "Feature", "geometry": {"type": "MultiPolygon", "coordinates": [[[[3.4031395, 45.1457625], [3.4030137, 45.1457192], [3.4030443, 45.1456774], [3.4031686, 45.1457203], [3.4031395, 45.1457625]]]]}, "properties": {"type": "01", "nom": null, "commune": "43175", "created": "2015-01-14", "updated": "2018-06-12"}}, {"type": "Feature", "geometry": {"type": "MultiPolygon", "coordinates": [[[[3.4091128, 45.168767], [3.4091585, 45.1687462], [3.4092106, 45.1688047], [3.4091881, 45.1688165], [3.4092402, 45.1688798], [3.4092133, 45.1688895], [3.4091872, 45.1688966], [3.4091604, 45.1689019], [3.4091327, 45.1688214], [3.4091472, 45.1688188], [3.4091128, 45.168767]]]]}, "properties": {"type": "01", "nom": null, "commune": "43031", "created": "2014-08-08", "updated": "2018-06-12"}}, {"type": "Feature", "geometry": {"type": "MultiPolygon", "coordinates": [[[[3.4041476, 45.1530995], [3.4041454, 45.1530961], [3.4041092, 45.1531096], [3.4040692, 45.1530539], [3.4041067, 45.1530405], [3.4041388, 45.1530853], [3.4042301, 45.1530525], [3.404268, 45.1531052], [3.4041751, 45.1531409], [3.4041476, 45.1530995]]]]}, "properties": {"type": "01", "nom": null, "commune": "43118", "created": "2014-08-08", "updated": "2018-06-12"}}, {"type": "Feature", "geometry": {"type": "MultiPolygon", "coordinates": [[[[3.4013448, 45.1459083], [3.4013936, 45.1459339], [3.4013524, 45.1459732], [3.4012985, 45.1459396], [3.4013448, 45.1459083]]]]}, "properties": {"type": "01", "nom": null, "commune": "43175", "created": "2015-01-14", "updated": "2018-06-12"}}, {"type": "Feature", "geometry": {"type": "MultiPolygon", "coordinates": [[[[3.4088804, 45.1689195], [3.4088775, 45.1688684], [3.4088782, 45.1688609], [3.4091327, 45.1688214], [3.4091604, 45.1689019], [3.4090887, 45.1689077], [3.4089846, 45.1689145], [3.4088804, 45.1689195]]]]}, "properties": {"type": "01", "nom": null, "commune": "43031", "created": "2014-08-08", "updated": "2018-06-12"}}, {"type": "Feature", "geometry": {"type": "MultiPolygon", "coordinates": [[[[3.4041454, 45.1530961], [3.4041476, 45.1530995], [3.4041113, 45.1531125], [3.4041092, 45.1531096], [3.4041454, 45.1530961]]]]}, "properties": {"type": "01", "nom": null, "commune": "43118", "created": "2014-08-08", "updated": "2018-06-12"}}, {"type": "Feature", "geometry": {"type": "MultiPolygon", "coordinates": [[[[3.4007998, 45.1465239], [3.4008044, 45.1464985], [3.4008488, 45.1465041], [3.4008446, 45.1465278], [3.4007998, 45.1465239]]]]}, "properties": {"type": "01", "nom": null, "commune": "43175", "created": "2015-01-14", "updated": "2018-06-12"}}, {"type": "Feature", "geometry": {"type": "MultiPolygon", "coordinates": [[[[3.4092668, 45.1687755], [3.4093298, 45.1688398], [3.4092402, 45.1688798], [3.4091881, 45.1688165], [3.4092106, 45.1688047], [3.4092668, 45.1687755]]]]}, "properties": {"type": "01", "nom": null, "commune": "43031", "created": "2014-08-08", "updated": "2018-06-12"}}, {"type": "Feature", "geometry": {"type": "MultiPolygon", "coordinates": [[[[3.4045507, 45.1528488], [3.4045883, 45.1528345], [3.4046229, 45.1528802], [3.4047127, 45.1528458], [3.4047531, 45.1528988], [3.4046596, 45.1529344], [3.4046303, 45.1528962], [3.4045953, 45.152907], [3.4045507, 45.1528488]]]]}, "properties": {"type": "01", "nom": null, "commune": "43118", "created": "2014-08-08", "updated": "2018-06-12"}}, {"type": "Feature", "geometry": {"type": "MultiPolygon", "coordinates": [[[[3.4031843, 45.1461614], [3.4031714, 45.1461877], [3.4031, 45.14617], [3.403113, 45.1461438], [3.4031843, 45.1461614]]]]}, "properties": {"type": "02", "nom": null, "commune": "43175", "created": "2016-05-20", "updated": "2018-06-12"}}, {"type": "Feature", "geometry": {"type": "MultiPolygon", "coordinates": [[[[3.4094994, 45.1687606], [3.4095095, 45.1687749], [3.4094574, 45.1688095], [3.4093878, 45.1687387], [3.4094627, 45.1687092], [3.4094994, 45.1687606]]]]}, "properties": {"type": "01", "nom": null, "commune": "43031", "created": "2014-08-08", "updated": "2018-06-12"}}, {"type": "Feature", "geometry": {"type": "MultiPolygon", "coordinates": [[[[3.4043861, 45.1538112], [3.404385, 45.1537232], [3.404357, 45.1536264], [3.4044148, 45.1536119], [3.4044041, 45.1535906], [3.4043539, 45.1536033], [3.4042854, 45.153467], [3.404261, 45.1534561], [3.4042719, 45.1534371], [3.4042501, 45.1533923], [3.404406, 45.1533389], [3.4044588, 45.1533921], [3.4044922, 45.1533808], [3.4044581, 45.1533308], [3.4044914, 45.1533193], [3.4044583, 45.1532708], [3.4045709, 45.1532323], [3.4046218, 45.153307], [3.4046862, 45.1532851], [3.4046589, 45.1532452], [3.4048412, 45.1531829], [3.4048796, 45.1533236], [3.4047784, 45.1533361], [3.4047851, 45.1533629], [3.4048788, 45.1533513], [3.404922, 45.1534398], [3.4048637, 45.1534476], [3.404878, 45.153479], [3.4049337, 45.1534776], [3.4049615, 45.153597], [3.4049006, 45.1535982], [3.4049064, 45.1536315], [3.4049644, 45.1536423], [3.4049495, 45.1537396], [3.4048751, 45.1537258], [3.404841, 45.1537374], [3.4048266, 45.1537169], [3.4047429, 45.1537029], [3.4047586, 45.1536056], [3.4048086, 45.1536134], [3.4048009, 45.1535761], [3.4047426, 45.1535746], [3.4047206, 45.1534816], [3.404796, 45.1534797], [3.4047838, 45.1534557], [3.4047639, 45.1534486], [3.4047846, 45.1534194], [3.4047524, 45.1533395], [3.4047285, 45.1533459], [3.4047159, 45.1533266], [3.4044732, 45.1534068], [3.4044948, 45.1534288], [3.4045488, 45.1535413], [3.4044974, 45.1535596], [3.4045056, 45.153592], [3.4045585, 45.1535805], [3.4045845, 45.1536712], [3.4045368, 45.153684], [3.4045401, 45.1537267], [3.4045969, 45.1537318], [3.4046015, 45.1538522], [3.4045185, 45.1538473], [3.4044862, 45.1538607], [3.404437, 45.1538147], [3.4043861, 45.1538112]]]]}, "properties": {"type": "01", "nom": null, "commune": "43118", "created": "2014-08-08", "updated": "2018-06-12"}}, {"type": "Feature", "geometry": {"type": "MultiPolygon", "coordinates": [[[[3.4007676, 45.1460522], [3.4007792, 45.1461094], [3.4006921, 45.1461183], [3.4006805, 45.146061], [3.4007676, 45.1460522]]]]}, "properties": {"type": "03", "nom": null, "commune": "43175", "created": "2025-09-12", "updated": "2025-09-12"}}, {"type": "Feature", "geometry": {"type": "MultiPolygon", "coordinates": [[[[3.4094627, 45.1687092], [3.4095333, 45.1686825], [3.4095661, 45.1687311], [3.4095078, 45.168757], [3.4094994, 45.1687606], [3.4094627, 45.1687092]]]]}, "properties": {"type": "01", "nom": null, "commune": "43031", "created": "2014-08-08", "updated": "2018-06-12"}}, {"type": "Feature", "geometry": {"type": "MultiPolygon", "coordinates": [[[[3.4053032, 45.1540201], [3.4053487, 45.1540587], [3.4053615, 45.1540521], [3.4053867, 45.1540743], [3.4054701, 45.1540952], [3.4054301, 45.1541709], [3.4053728, 45.1541557], [3.4053616, 45.1541768], [3.4053759, 45.1541805], [3.4053561, 45.1542183], [3.4052784, 45.1541976], [3.4052971, 45.1541622], [3.4053104, 45.1541657], [3.4053261, 45.1541359], [3.4053004, 45.1541135], [3.4052906, 45.1541192], [3.4052273, 45.1540648], [3.4053032, 45.1540201]]]]}, "properties": {"type": "01", "nom": null, "commune": "43118", "created": "2014-08-08", "updated": "2018-06-12"}}, {"type": "Feature", "geometry": {"type": "MultiPolygon", "coordinates": [[[[3.4012906, 45.1464536], [3.4013113, 45.1464186], [3.4013445, 45.1463624], [3.4014664, 45.1463902], [3.4013901, 45.1464916], [3.4013271, 45.1464675], [3.4012906, 45.1464536]]]]}, "properties": {"type": "01", "nom": null, "commune": "43175", "created": "2015-01-21", "updated": "2018-06-12"}}, {"type": "Feature", "geometry": {"type": "MultiPolygon", "coordinates": [[[[3.4094598, 45.1686539], [3.4094774, 45.1686782], [3.409451, 45.1686889], [3.4094316, 45.1686663], [3.4094598, 45.1686539]]]]}, "properties": {"type": "01", "nom": null, "commune": "43031", "created": "2014-08-08", "updated": "2018-06-12"}}, {"type": "Feature", "geometry": {"type": "MultiPolygon", "coordinates": [[[[3.4057111, 45.1541271], [3.4056572, 45.154076], [3.4057078, 45.1540516], [3.4056871, 45.154033], [3.4057206, 45.1540167], [3.4057932, 45.1540821], [3.4058811, 45.1541086], [3.4058475, 45.1541749], [3.4057886, 45.15416], [3.4057916, 45.1541539], [3.405773, 45.1541477], [3.4057609, 45.1541715], [3.4057141, 45.1541596], [3.405691, 45.1541377], [3.4057111, 45.1541271]]]]}, "properties": {"type": "01", "nom": null, "commune": "43118", "created": "2014-08-08", "updated": "2018-06-12"}}, {"type": "Feature", "geometry": {"type": "MultiPolygon", "coordinates": [[[[3.4045299, 45.1453953], [3.4046044, 45.14545], [3.4045862, 45.1454636], [3.4045208, 45.145401], [3.4045299, 45.1453953]]]]}, "properties": {"type": "02", "nom": null, "commune": "43175", "created": "2015-01-14", "updated": "2018-06-12"}}, {"type": "Feature", "geometry": {"type": "MultiPolygon", "coordinates": [[[[3.4096934, 45.1685348], [3.4097431, 45.1685827], [3.409565, 45.1686761], [3.4095169, 45.1686269], [3.4096934, 45.1685348]]]]}, "properties": {"type": "01", "nom": null, "commune": "43031", "created": "2014-08-08", "updated": "2018-06-12"}}, {"type": "Feature", "geometry": {"type": "MultiPolygon", "coordinates": [[[[3.4053547, 45.1544368], [3.4054304, 45.1543242], [3.405545, 45.1543628], [3.4054722, 45.1544763], [3.4053547, 45.1544368]]]]}, "properties": {"type": "01", "nom": null, "commune": "43118", "created": "2014-08-08", "updated": "2018-06-12"}}, {"type": "Feature", "geometry": {"type": "MultiPolygon", "coordinates": [[[[3.4046399, 45.1454234], [3.404666, 45.1454037], [3.4047599, 45.1454665], [3.4046989, 45.1455178], [3.4046944, 45.1455216], [3.4046044, 45.14545], [3.4046216, 45.145437], [3.4046399, 45.1454234]]]]}, "properties": {"type": "02", "nom": null, "commune": "43175", "created": "2015-01-14", "updated": "2018-06-12"}}, {"type": "Feature", "geometry": {"type": "MultiPolygon", "coordinates": [[[[3.4096654, 45.1688489], [3.409697, 45.1689075], [3.4095064, 45.1689715], [3.4094692, 45.1689171], [3.4095696, 45.1688812], [3.4096654, 45.1688489]]]]}, "properties": {"type": "01", "nom": null, "commune": "43031", "created": "2014-08-08", "updated": "2018-06-12"}}, {"type": "Feature", "geometry": {"type": "MultiPolygon", "coordinates": [[[[3.4051722, 45.1544328], [3.4050865, 45.1544157], [3.4051053, 45.1543635], [3.4051929, 45.1543808], [3.4051722, 45.1544328]]]]}, "properties": {"type": "01", "nom": null, "commune": "43118", "created": "2014-08-08", "updated": "2018-06-12"}}, {"type": "Feature", "geometry": {"type": "MultiPolygon", "coordinates": [[[[3.4045695, 45.1458139], [3.404548, 45.1458212], [3.4045174, 45.1457856], [3.4045511, 45.1457681], [3.4045915, 45.1458024], [3.4045815, 45.1458082], [3.4045695, 45.1458139]]]]}, "properties": {"type": "02", "nom": null, "commune": "43175", "created": "2015-01-14", "updated": "2018-06-12"}}, {"type": "Feature", "geometry": {"type": "MultiPolygon", "coordinates": [[[[3.4095748, 45.1687755], [3.4096164, 45.168824], [3.4095487, 45.1688591], [3.4095412, 45.1688507], [3.4095053, 45.1688091], [3.4095748, 45.1687755]]]]}, "properties": {"type": "01", "nom": null, "commune": "43031", "created": "2014-08-08", "updated": "2018-06-12"}}, {"type": "Feature", "geometry": {"type": "MultiPolygon", "coordinates": [[[[3.4036963, 45.155526], [3.4036699, 45.1554808], [3.4037259, 45.1554644], [3.4037523, 45.1555096], [3.4036963, 45.155526]]]]}, "properties": {"type": "01", "nom": null, "commune": "43118", "created": "2014-08-08", "updated": "2018-06-12"}}, {"type": "Feature", "geometry": {"type": "MultiPolygon", "coordinates": [[[[3.4044072, 45.1460162], [3.4043985, 45.1459865], [3.4044393, 45.1459839], [3.4044537, 45.1460127], [3.4044072, 45.1460162]]]]}, "properties": {"type": "02", "nom": null, "commune": "43175", "created": "2015-01-14", "updated": "2018-06-12"}}, {"type": "Feature", "geometry": {"type": "MultiPolygon", "coordinates": [[[[3.4091527, 45.1689784], [3.4091675, 45.1690452], [3.4091042, 45.1690439], [3.4090774, 45.1689312], [3.4091452, 45.1689213], [3.4091527, 45.1689784]]]]}, "properties": {"type": "01", "nom": null, "commune": "43031", "created": "2014-08-08", "updated": "2018-06-12"}}, {"type": "Feature", "geometry": {"type": "MultiPolygon", "coordinates": [[[[3.4042117, 45.1558897], [3.4041896, 45.1559361], [3.4041732, 45.1559329], [3.4040874, 45.1561137], [3.4039452, 45.1560799], [3.403957, 45.1560553], [3.4039248, 45.1560494], [3.4040418, 45.1558037], [3.4041987, 45.155841], [3.4041792, 45.1558819], [3.4042117, 45.1558897]]]]}, "properties": {"type": "01", "nom": null, "commune": "43118", "created": "2014-08-08", "updated": "2018-06-12"}}, {"type": "Feature", "geometry": {"type": "MultiPolygon", "coordinates": [[[[3.4050495, 45.1459648], [3.4049817, 45.1459175], [3.4050169, 45.1458906], [3.4050852, 45.14594], [3.4050495, 45.1459648]]]]}, "properties": {"type": "02", "nom": null, "commune": "43175", "created": "2015-01-14", "updated": "2018-06-12"}}, {"type": "Feature", "geometry": {"type": "MultiPolygon", "coordinates": [[[[3.4090281, 45.1690198], [3.4090001, 45.1689455], [3.4090774, 45.1689312], [3.4091042, 45.1690439], [3.4090362, 45.1690422], [3.4090281, 45.1690198]]]]}, "properties": {"type": "01", "nom": null, "commune": "43031", "created": "2014-08-08", "updated": "2018-06-12"}}, {"type": "Feature", "geometry": {"type": "MultiPolygon", "coordinates": [[[[3.4047092, 45.1558771], [3.4047941, 45.1557797], [3.4048136, 45.1557878], [3.4048382, 45.1557586], [3.4048671, 45.1557516], [3.4049199, 45.1557743], [3.4049285, 45.1557925], [3.4049225, 45.1557991], [3.4050157, 45.155841], [3.4049341, 45.155934], [3.404891, 45.1559135], [3.404862, 45.1559457], [3.4047092, 45.1558771]]]]}, "properties": {"type": "01", "nom": null, "commune": "43118", "created": "2014-08-08", "updated": "2018-06-12"}}, {"type": "Feature", "geometry": {"type": "MultiPolygon", "coordinates": [[[[3.4047408, 45.1457207], [3.4048025, 45.145778], [3.4047128, 45.1458316], [3.4046396, 45.1457745], [3.4046762, 45.1457532], [3.4047408, 45.1457207]]]]}, "properties": {"type": "02", "nom": null, "commune": "43175", "created": "2015-01-14", "updated": "2018-06-12"}}, {"type": "Feature", "geometry": {"type": "MultiPolygon", "coordinates": [[[[3.4095366, 45.1690297], [3.4095614, 45.1691773], [3.4094572, 45.1691844], [3.4094403, 45.1690358], [3.4094405, 45.169031], [3.4095366, 45.1690297]]]]}, "properties": {"type": "01", "nom": null, "commune": "43031", "created": "2014-08-08", "updated": "2018-06-12"}}, {"type": "Feature", "geometry": {"type": "MultiPolygon", "coordinates": [[[[3.405322, 45.1559014], [3.4052375, 45.1560431], [3.405124, 45.1560079], [3.4052262, 45.1558428], [3.4053142, 45.1558694], [3.4052979, 45.1558932], [3.405322, 45.1559014]]]]}, "properties": {"type": "01", "nom": null, "commune": "43118", "created": "2014-08-08", "updated": "2018-06-12"}}, {"type": "Feature", "geometry": {"type": "MultiPolygon", "coordinates": [[[[3.404672, 45.1456538], [3.4047796, 45.1456078], [3.4048515, 45.1456652], [3.4047408, 45.1457207], [3.404672, 45.1456538]]]]}, "properties": {"type": "02", "nom": null, "commune": "43175", "created": "2015-01-14", "updated": "2018-06-12"}}, {"type": "Feature", "geometry": {"type": "MultiPolygon", "coordinates": [[[[3.4094133, 45.1693808], [3.4094121, 45.1694149], [3.4093499, 45.169414], [3.4093512, 45.1693799], [3.4094133, 45.1693808]]]]}, "properties": {"type": "01", "nom": null, "commune": "43031", "created": "2014-08-08", "updated": "2018-06-12"}}, {"type": "Feature", "geometry": {"type": "MultiPolygon", "coordinates": [[[[3.4055813, 45.1554018], [3.4056022, 45.1554092], [3.4055379, 45.1554973], [3.4054213, 45.1554544], [3.4054442, 45.1554228], [3.4054553, 45.1554268], [3.4054731, 45.1554333], [3.4055007, 45.1553953], [3.4054838, 45.1553892], [3.4055192, 45.1553426], [3.4056012, 45.1553738], [3.4055813, 45.1554018]]]]}, "properties": {"type": "01", "nom": null, "commune": "43118", "created": "2014-08-08", "updated": "2018-06-12"}}, {"type": "Feature", "geometry": {"type": "MultiPolygon", "coordinates": [[[[3.4037921, 45.1460245], [3.4037833, 45.1460641], [3.4037473, 45.1460606], [3.4037561, 45.1460155], [3.4037921, 45.1460245]]]]}, "properties": {"type": "02", "nom": null, "commune": "43175", "created": "2015-01-14", "updated": "2018-06-12"}}, {"type": "Feature", "geometry": {"type": "MultiPolygon", "coordinates": [[[[3.4086832, 45.1692473], [3.4086651, 45.1691928], [3.4086456, 45.1691703], [3.4087137, 45.1691586], [3.4087417, 45.169221], [3.408805, 45.1692291], [3.4088011, 45.1692136], [3.4088676, 45.1691934], [3.4088854, 45.1693083], [3.4088491, 45.1693103], [3.4088549, 45.1693306], [3.4087453, 45.1693525], [3.4087345, 45.1693127], [3.4086852, 45.1693187], [3.4086832, 45.1692473]]]]}, "properties": {"type": "01", "nom": null, "commune": "43031", "created": "2014-08-08", "updated": "2018-06-12"}}, {"type": "Feature", "geometry": {"type": "MultiPolygon", "coordinates": [[[[3.4058331, 45.1552582], [3.4059481, 45.1553021], [3.4059105, 45.1553497], [3.4058908, 45.1553745], [3.4058995, 45.155378], [3.405871, 45.1554139], [3.4057824, 45.1553785], [3.4058339, 45.1553111], [3.4057983, 45.1552975], [3.4058331, 45.1552582]]]]}, "properties": {"type": "01", "nom": null, "commune": "43118", "created": "2014-08-08", "updated": "2018-06-12"}}, {"type": "Feature", "geometry": {"type": "MultiPolygon", "coordinates": [[[[3.4038063, 45.1460119], [3.4038883, 45.1460351], [3.4038729, 45.146089], [3.4037833, 45.1460641], [3.4037921, 45.1460245], [3.4037958, 45.1460089], [3.4038063, 45.1460119]]]]}, "properties": {"type": "02", "nom": null, "commune": "43175", "created": "2015-01-14", "updated": "2018-06-12"}}, {"type": "Feature", "geometry": {"type": "MultiPolygon", "coordinates": [[[[3.4086651, 45.1691928], [3.4086832, 45.1692473], [3.4086852, 45.1693187], [3.4086456, 45.1691703], [3.4086651, 45.1691928]]]]}, "properties": {"type": "01", "nom": null, "commune": "43031", "created": "2014-08-08", "updated": "2018-06-12"}}, {"type": "Feature", "geometry": {"type": "MultiPolygon", "coordinates": [[[[3.4062307, 45.1548129], [3.4060852, 45.1547516], [3.406169, 45.1546503], [3.4063281, 45.1547161], [3.406277, 45.1547778], [3.406264, 45.1547725], [3.4062307, 45.1548129]]]]}, "properties": {"type": "01", "nom": null, "commune": "43118", "created": "2014-08-08", "updated": "2018-06-12"}}, {"type": "Feature", "geometry": {"type": "MultiPolygon", "coordinates": [[[[3.4036327, 45.145931], [3.4036148, 45.1459291], [3.4036431, 45.1458828], [3.4036732, 45.1458928], [3.4037677, 45.1459248], [3.4037134, 45.1459619], [3.4036327, 45.145931]]]]}, "properties": {"type": "02", "nom": null, "commune": "43175", "created": "2015-01-14", "updated": "2018-06-12"}}, {"type": "Feature", "geometry": {"type": "MultiPolygon", "coordinates": [[[[3.4084123, 45.1690204], [3.4084435, 45.169024], [3.4084339, 45.1690645], [3.4083463, 45.169059], [3.4083566, 45.1690143], [3.4084123, 45.1690204]]]]}, "properties": {"type": "01", "nom": null, "commune": "43031", "created": "2014-08-08", "updated": "2018-06-12"}}, {"type": "Feature", "geometry": {"type": "MultiPolygon", "coordinates": [[[[3.4061494, 45.1545617], [3.4061456, 45.1545369], [3.4062315, 45.1545314], [3.4062389, 45.1545193], [3.4062557, 45.1544919], [3.4062705, 45.1544967], [3.4062939, 45.15446], [3.4063396, 45.1544747], [3.4063834, 45.1544887], [3.4063896, 45.1544834], [3.4063987, 45.15448], [3.406409, 45.1544796], [3.4064187, 45.1544821], [3.4064277, 45.1544983], [3.4064221, 45.1545076], [3.4063995, 45.154516], [3.4063916, 45.1545136], [3.4063601, 45.1545638], [3.4062611, 45.1545342], [3.4062534, 45.1545562], [3.4061494, 45.1545617]]]]}, "properties": {"type": "01", "nom": null, "commune": "43118", "created": "2014-08-08", "updated": "2018-06-12"}}, {"type": "Feature", "geometry": {"type": "MultiPolygon", "coordinates": [[[[3.4035238, 45.1456366], [3.4035119, 45.145593], [3.4035572, 45.1455891], [3.4035655, 45.1456413], [3.4035238, 45.1456366]]]]}, "properties": {"type": "02", "nom": null, "commune": "43175", "created": "2015-01-14", "updated": "2018-06-12"}}, {"type": "Feature", "geometry": {"type": "MultiPolygon", "coordinates": [[[[3.4085691, 45.1690281], [3.4085396, 45.1689646], [3.4086126, 45.1689609], [3.4086299, 45.168996], [3.4086454, 45.1690273], [3.4085691, 45.1690281]]]]}, "properties": {"type": "01", "nom": null, "commune": "43031", "created": "2014-08-08", "updated": "2018-06-12"}}, {"type": "Feature", "geometry": {"type": "MultiPolygon", "coordinates": [[[[3.4064612, 45.1543237], [3.4065036, 45.1542561], [3.4066241, 45.1542939], [3.406608, 45.1543196], [3.4066787, 45.1543426], [3.4066552, 45.15438], [3.4066133, 45.1543669], [3.4065968, 45.1543898], [3.4065471, 45.1543742], [3.4065594, 45.1543545], [3.4064612, 45.1543237]]]]}, "properties": {"type": "01", "nom": null, "commune": "43118", "created": "2014-08-08", "updated": "2018-06-12"}}, {"type": "Feature", "geometry": {"type": "MultiPolygon", "coordinates": [[[[3.4045195, 45.1462334], [3.4045444, 45.1462834], [3.404528, 45.1462912], [3.404518, 45.1462652], [3.4045084, 45.14624], [3.4045195, 45.1462334]]]]}, "properties": {"type": "02", "nom": null, "commune": "43175", "created": "2015-01-14", "updated": "2018-06-12"}}, {"type": "Feature", "geometry": {"type": "MultiPolygon", "coordinates": [[[[3.4087074, 45.168994], [3.4086299, 45.168996], [3.4086126, 45.1689609], [3.4086943, 45.1689566], [3.4087074, 45.168994]]]]}, "properties": {"type": "01", "nom": null, "commune": "43031", "created": "2014-08-08", "updated": "2018-06-12"}}, {"type": "Feature", "geometry": {"type": "MultiPolygon", "coordinates": [[[[3.4051242, 45.1539826], [3.405122, 45.1538938], [3.4051744, 45.1538906], [3.405176, 45.1539116], [3.4051888, 45.1539117], [3.4051891, 45.1539833], [3.4051242, 45.1539826]]]]}, "properties": {"type": "01", "nom": null, "commune": "43118", "created": "2014-08-08", "updated": "2018-06-12"}}, {"type": "Feature", "geometry": {"type": "MultiPolygon", "coordinates": [[[[3.4040389, 45.1453261], [3.4040504, 45.14534], [3.4040368, 45.1453463], [3.4040251, 45.1453318], [3.4040389, 45.1453261]]]]}, "properties": {"type": "01", "nom": null, "commune": "43175", "created": "2015-01-14", "updated": "2018-06-12"}}, {"type": "Feature", "geometry": {"type": "MultiPolygon", "coordinates": [[[[3.4086454, 45.1690273], [3.4086299, 45.168996], [3.4087074, 45.168994], [3.408719, 45.1690268], [3.4086454, 45.1690273]]]]}, "properties": {"type": "01", "nom": null, "commune": "43031", "created": "2014-08-08", "updated": "2018-06-12"}}, {"type": "Feature", "geometry": {"type": "MultiPolygon", "coordinates": [[[[3.4045793, 45.1524925], [3.4046053, 45.1524776], [3.4046443, 45.1525116], [3.404631, 45.1525193], [3.4046161, 45.1525278], [3.4045793, 45.1524925]]]]}, "properties": {"type": "02", "nom": null, "commune": "43118", "created": "2014-08-08", "updated": "2018-06-12"}}, {"type": "Feature", "geometry": {"type": "MultiPolygon", "coordinates": [[[[3.4041546, 45.1456838], [3.4042495, 45.145652], [3.4042701, 45.1456854], [3.4041614, 45.1457231], [3.4041546, 45.1456838]]]]}, "properties": {"type": "01", "nom": null, "commune": "43175", "created": "2015-01-14", "updated": "2018-06-12"}}, {"type": "Feature", "geometry": {"type": "MultiPolygon", "coordinates": [[[[3.4089044, 45.1689496], [3.4089092, 45.168989], [3.4088529, 45.1689939], [3.4088485, 45.1689397], [3.4088604, 45.1689392], [3.4089044, 45.1689496]]]]}, "properties": {"type": "01", "nom": null, "commune": "43031", "created": "2014-08-08", "updated": "2018-06-12"}}, {"type": "Feature", "geometry": {"type": "MultiPolygon", "coordinates": [[[[3.4041607, 45.152516], [3.4041379, 45.1525024], [3.4041965, 45.152456], [3.4042075, 45.152463], [3.4042187, 45.1524701], [3.4041607, 45.152516]]]]}, "properties": {"type": "02", "nom": null, "commune": "43118", "created": "2014-08-08", "updated": "2018-06-12"}}, {"type": "Feature", "geometry": {"type": "MultiPolygon", "coordinates": [[[[3.4042495, 45.145652], [3.4042408, 45.145638], [3.4043194, 45.145608], [3.4043777, 45.1456526], [3.4043885, 45.1456687], [3.4042701, 45.1456854], [3.4042495, 45.145652]]]]}, "properties": {"type": "01", "nom": null, "commune": "43175", "created": "2015-01-14", "updated": "2018-06-12"}}, {"type": "Feature", "geometry": {"type": "MultiPolygon", "coordinates": [[[[3.4085239, 45.1688744], [3.4084962, 45.1688759], [3.4084926, 45.1688418], [3.408521, 45.1688406], [3.4085239, 45.1688744]]]]}, "properties": {"type": "01", "nom": null, "commune": "43031", "created": "2014-08-08", "updated": "2018-06-12"}}, {"type": "Feature", "geometry": {"type": "MultiPolygon", "coordinates": [[[[3.4053032, 45.1540201], [3.4053323, 45.154003], [3.4053793, 45.1540429], [3.4053615, 45.1540521], [3.4053487, 45.1540587], [3.4053032, 45.1540201]]]]}, "properties": {"type": "02", "nom": null, "commune": "43118", "created": "2014-08-08", "updated": "2018-06-12"}}, {"type": "Feature", "geometry": {"type": "MultiPolygon", "coordinates": [[[[3.4042408, 45.145638], [3.4042495, 45.145652], [3.4041546, 45.1456838], [3.4041517, 45.1456676], [3.404177, 45.1456553], [3.4041555, 45.1456321], [3.4042199, 45.145606], [3.4042828, 45.1455802], [3.4043194, 45.145608], [3.4042408, 45.145638]]]]}, "properties": {"type": "01", "nom": null, "commune": "43175", "created": "2015-01-14", "updated": "2018-06-12"}}, {"type": "Feature", "geometry": {"type": "MultiPolygon", "coordinates": [[[[3.408515, 45.1689658], [3.4085275, 45.1690244], [3.4084785, 45.16902], [3.4084752, 45.1689679], [3.408515, 45.1689658]]]]}, "properties": {"type": "02", "nom": null, "commune": "43031", "created": "2014-08-08", "updated": "2018-06-12"}}, {"type": "Feature", "geometry": {"type": "MultiPolygon", "coordinates": [[[[3.4062557, 45.1544919], [3.4062906, 45.1544355], [3.4063522, 45.1544545], [3.4063396, 45.1544747], [3.4062939, 45.15446], [3.4062705, 45.1544967], [3.4062557, 45.1544919]]]]}, "properties": {"type": "02", "nom": null, "commune": "43118", "created": "2014-08-08", "updated": "2018-06-12"}}, {"type": "Feature", "geometry": {"type": "MultiPolygon", "coordinates": [[[[3.4042199, 45.145606], [3.4041555, 45.1456321], [3.4041113, 45.1455667], [3.4041603, 45.1455375], [3.4042199, 45.145606]]]]}, "properties": {"type": "01", "nom": null, "commune": "43175", "created": "2015-01-14", "updated": "2018-06-12"}}, {"type": "Feature", "geometry": {"type": "MultiPolygon", "coordinates": [[[[3.4084044, 45.1689689], [3.4084123, 45.1690204], [3.4083566, 45.1690143], [3.4083379, 45.1690157], [3.4083356, 45.1689756], [3.4084044, 45.1689689]]]]}, "properties": {"type": "02", "nom": null, "commune": "43031", "created": "2014-08-08", "updated": "2018-06-12"}}, {"type": "Feature", "geometry": {"type": "MultiPolygon", "coordinates": [[[[3.4061456, 45.1545369], [3.4061437, 45.1545246], [3.4062389, 45.1545193], [3.4062315, 45.1545314], [3.4061456, 45.1545369]]]]}, "properties": {"type": "02", "nom": null, "commune": "43118", "created": "2014-08-08", "updated": "2018-06-12"}}, {"type": "Feature", "geometry": {"type": "MultiPolygon", "coordinates": [[[[3.4042199, 45.145606], [3.4041603, 45.1455375], [3.4042016, 45.1455128], [3.4042828, 45.1455802], [3.4042199, 45.145606]]]]}, "properties": {"type": "01", "nom": null, "commune": "43175", "created": "2015-01-14", "updated": "2018-06-12"}}, {"type": "Feature", "geometry": {"type": "MultiPolygon", "coordinates": [[[[3.4091585, 45.1687462], [3.4092132, 45.1687213], [3.4092668, 45.1687755], [3.4092106, 45.1688047], [3.4091585, 45.1687462]]]]}, "properties": {"type": "02", "nom": null, "commune": "43031", "created": "2014-08-08", "updated": "2018-06-12"}}, {"type": "Feature", "geometry": {"type": "MultiPolygon", "coordinates": [[[[3.4056022, 45.1554092], [3.4055813, 45.1554018], [3.4056012, 45.1553738], [3.4056105, 45.1553607], [3.4056492, 45.1553743], [3.4056179, 45.1554149], [3.4056022, 45.1554092]]]]}, "properties": {"type": "02", "nom": null, "commune": "43118", "created": "2014-08-08", "updated": "2018-06-12"}}, {"type": "Feature", "geometry": {"type": "MultiPolygon", "coordinates": [[[[3.4038864, 45.1457991], [3.4037874, 45.1457383], [3.4038386, 45.145687], [3.403732, 45.1456338], [3.4037682, 45.1455927], [3.4037433, 45.1455805], [3.4037591, 45.1455636], [3.4037802, 45.1455742], [3.4038063, 45.1455615], [3.4038047, 45.1455434], [3.4038238, 45.1455427], [3.4038257, 45.1455595], [3.4038585, 45.1455745], [3.4038603, 45.1455726], [3.403867, 45.1455702], [3.4038743, 45.1455715], [3.4038786, 45.1455758], [3.4038592, 45.1455976], [3.4039862, 45.1456563], [3.4040492, 45.1457014], [3.404039, 45.1457143], [3.4040474, 45.1457219], [3.4040394, 45.1457285], [3.4040311, 45.1457226], [3.4039847, 45.1457779], [3.4039954, 45.1457844], [3.4039885, 45.1457925], [3.4039783, 45.1457868], [3.4039616, 45.1458037], [3.4039217, 45.1457817], [3.4038971, 45.1458063], [3.4038864, 45.1457991]]]]}, "properties": {"type": "01", "nom": null, "commune": "43175", "created": "2015-01-14", "updated": "2018-06-12"}}, {"type": "Feature", "geometry": {"type": "MultiPolygon", "coordinates": [[[[3.4087456, 45.1685341], [3.4087725, 45.1685994], [3.4086781, 45.1686139], [3.4086668, 45.1685506], [3.4087456, 45.1685341]]]]}, "properties": {"type": "02", "nom": null, "commune": "43031", "created": "2014-08-08", "updated": "2018-06-12"}}, {"type": "Feature", "geometry": {"type": "MultiPolygon", "coordinates": [[[[3.4054553, 45.1554268], [3.4054838, 45.1553892], [3.4055007, 45.1553953], [3.4054731, 45.1554333], [3.4054553, 45.1554268]]]]}, "properties": {"type": "02", "nom": null, "commune": "43118", "created": "2014-08-08", "updated": "2018-06-12"}}, {"type": "Feature", "geometry": {"type": "MultiPolygon", "coordinates": [[[[3.4037651, 45.1461473], [3.4037345, 45.1461435], [3.4037424, 45.1461124], [3.4037719, 45.1461162], [3.4037659, 45.1461433], [3.4037651, 45.1461473]]]]}, "properties": {"type": "01", "nom": null, "commune": "43175", "created": "2015-01-14", "updated": "2018-06-12"}}, {"type": "Feature", "geometry": {"type": "MultiPolygon", "coordinates": [[[[3.4078954, 45.1689517], [3.4079776, 45.1688545], [3.4080944, 45.168899], [3.4080473, 45.1689561], [3.408033, 45.1689501], [3.4079964, 45.1689944], [3.4078954, 45.1689517]]]]}, "properties": {"type": "01", "nom": null, "commune": "43031", "created": "2014-08-08", "updated": "2018-06-12"}}, {"type": "Feature", "geometry": {"type": "MultiPolygon", "coordinates": [[[[3.4059272, 45.1553575], [3.4059105, 45.1553497], [3.4059481, 45.1553021], [3.4059663, 45.1553091], [3.4059272, 45.1553575]]]]}, "properties": {"type": "02", "nom": null, "commune": "43118", "created": "2014-08-08", "updated": "2018-06-12"}}, {"type": "Feature", "geometry": {"type": "MultiPolygon", "coordinates": [[[[3.4036608, 45.146126], [3.4035692, 45.1461091], [3.4036086, 45.1459786], [3.4036988, 45.1460013], [3.4036608, 45.146126]]]]}, "properties": {"type": "01", "nom": null, "commune": "43175", "created": "2015-01-14", "updated": "2018-06-12"}}, {"type": "Feature", "geometry": {"type": "MultiPolygon", "coordinates": [[[[3.4082272, 45.1693004], [3.4081019, 45.1692815], [3.4081121, 45.1692233], [3.4082366, 45.1692342], [3.4082352, 45.1692441], [3.4082272, 45.1693004]]]]}, "properties": {"type": "02", "nom": null, "commune": "43031", "created": "2014-08-08", "updated": "2018-06-12"}}, {"type": "Feature", "geometry": {"type": "MultiPolygon", "coordinates": [[[[3.4055537, 45.1552873], [3.4054942, 45.1552632], [3.4055323, 45.1552158], [3.4055919, 45.1552398], [3.4055537, 45.1552873]]]]}, "properties": {"type": "02", "nom": null, "commune": "43118", "created": "2014-08-08", "updated": "2018-06-12"}}, {"type": "Feature", "geometry": {"type": "MultiPolygon", "coordinates": [[[[3.4038315, 45.145904], [3.4038857, 45.1459413], [3.4038527, 45.1459695], [3.4038473, 45.1459742], [3.4037901, 45.1459356], [3.4038315, 45.145904]]]]}, "properties": {"type": "01", "nom": null, "commune": "43175", "created": "2015-01-14", "updated": "2018-06-12"}}, {"type": "Feature", "geometry": {"type": "MultiPolygon", "coordinates": [[[[3.4090702, 45.1692302], [3.4090984, 45.1693297], [3.4090508, 45.1693365], [3.4090227, 45.169237], [3.4090702, 45.1692302]]]]}, "properties": {"type": "03", "nom": null, "commune": "43031", "created": "2025-09-12", "updated": "2025-09-12"}}, {"type": "Feature", "geometry": {"type": "MultiPolygon", "coordinates": [[[[3.4058811, 45.1541086], [3.4057932, 45.1540821], [3.4058057, 45.1540691], [3.4058903, 45.1540906], [3.4058811, 45.1541086]]]]}, "properties": {"type": "02", "nom": null, "commune": "43118", "created": "2014-08-08", "updated": "2018-06-12"}}, {"type": "Feature", "geometry": {"type": "MultiPolygon", "coordinates": [[[[3.403826, 45.1458626], [3.4038458, 45.1458716], [3.4037677, 45.1459248], [3.4036732, 45.1458928], [3.403722, 45.1458426], [3.403826, 45.1458626]]]]}, "properties": {"type": "01", "nom": null, "commune": "43175", "created": "2015-01-14", "updated": "2018-06-12"}}, {"type": "Feature", "geometry": {"type": "MultiPolygon", "coordinates": [[[[3.4075833, 45.1686419], [3.4074658, 45.1685904], [3.4075125, 45.1685371], [3.40763, 45.1685887], [3.4075833, 45.1686419]]]]}, "properties": {"type": "03", "nom": null, "commune": "43031", "created": "2025-09-12", "updated": "2025-09-12"}}, {"type": "Feature", "geometry": {"type": "MultiPolygon", "coordinates": [[[[3.405002, 45.1550338], [3.4050053, 45.1550399], [3.4050044, 45.1550465], [3.4049995, 45.1550521], [3.4049915, 45.1550555], [3.4049822, 45.1550562], [3.4049735, 45.1550538], [3.40496, 45.1550691], [3.4049388, 45.1550599], [3.4049523, 45.1550439], [3.4049485, 45.1550387], [3.4049484, 45.1550344], [3.4049505, 45.155027], [3.4049567, 45.1550217], [3.4049764, 45.1550191], [3.404988, 45.1550025], [3.4050092, 45.1550116], [3.4049943, 45.155029], [3.4049952, 45.1550292], [3.405002, 45.1550338]]]]}, "properties": {"type": "01", "nom": null, "commune": "43118", "created": "2014-08-08", "updated": "2018-06-12"}}, {"type": "Feature", "geometry": {"type": "MultiPolygon", "coordinates": [[[[3.403826, 45.1458626], [3.403722, 45.1458426], [3.4037507, 45.145813], [3.403791, 45.1457715], [3.4038759, 45.1458101], [3.403826, 45.1458626]]]]}, "properties": {"type": "01", "nom": null, "commune": "43175", "created": "2015-01-14", "updated": "2018-06-12"}}, {"type": "Feature", "geometry": {"type": "MultiPolygon", "coordinates": [[[[3.4085358, 45.1696535], [3.40853, 45.1696256], [3.4086139, 45.1696233], [3.4086182, 45.1696511], [3.4085358, 45.1696535]]]]}, "properties": {"type": "01", "nom": null, "commune": "43031", "created": "2016-05-20", "updated": "2018-06-12"}}, {"type": "Feature", "geometry": {"type": "MultiPolygon", "coordinates": [[[[3.4043704, 45.1532738], [3.4042922, 45.1532985], [3.4042437, 45.1532218], [3.4043219, 45.1531971], [3.4043704, 45.1532738]]]]}, "properties": {"type": "03", "nom": null, "commune": "43118", "created": "2025-08-25", "updated": "2025-08-25"}}, {"type": "Feature", "geometry": {"type": "MultiPolygon", "coordinates": [[[[3.4037874, 45.1457383], [3.4037775, 45.1457483], [3.4036636, 45.1456916], [3.4036951, 45.14566], [3.4036701, 45.1456475], [3.4036969, 45.1456161], [3.403732, 45.1456338], [3.4038386, 45.145687], [3.4037874, 45.1457383]]]]}, "properties": {"type": "01", "nom": null, "commune": "43175", "created": "2015-01-14", "updated": "2018-06-12"}}, {"type": "Feature", "geometry": {"type": "MultiPolygon", "coordinates": [[[[3.4086557, 45.1695476], [3.4086696, 45.1695875], [3.4086325, 45.1695939], [3.4086187, 45.1695541], [3.4086557, 45.1695476]]]]}, "properties": {"type": "02", "nom": null, "commune": "43031", "created": "2016-05-20", "updated": "2018-06-12"}}, {"type": "Feature", "geometry": {"type": "MultiPolygon", "coordinates": [[[[3.406779, 45.1544232], [3.4067275, 45.1544082], [3.406745, 45.1543802], [3.4067955, 45.154395], [3.406779, 45.1544232]]]]}, "properties": {"type": "01", "nom": null, "commune": "43118", "created": "2014-08-08", "updated": "2018-06-12"}}, {"type": "Feature", "geometry": {"type": "MultiPolygon", "coordinates": [[[[3.4036793, 45.1454602], [3.4037318, 45.1454184], [3.4037686, 45.1453952], [3.4038148, 45.1454375], [3.4038259, 45.1454478], [3.4037532, 45.1455041], [3.4037221, 45.1455004], [3.4036793, 45.1454602]]]]}, "properties": {"type": "01", "nom": null, "commune": "43175", "created": "2015-01-14", "updated": "2018-06-12"}}, {"type": "Feature", "geometry": {"type": "MultiPolygon", "coordinates": [[[[3.4085963, 45.1695106], [3.4086446, 45.1695156], [3.4086539, 45.1695424], [3.4086101, 45.1695501], [3.4085963, 45.1695106]]]]}, "properties": {"type": "01", "nom": null, "commune": "43031", "created": "2016-05-20", "updated": "2018-06-12"}}, {"type": "Feature", "geometry": {"type": "MultiPolygon", "coordinates": [[[[3.4069683, 45.1544586], [3.4069511, 45.1544723], [3.4068901, 45.1544544], [3.4068787, 45.1544758], [3.4068363, 45.1544645], [3.4068663, 45.1544163], [3.4069757, 45.1544457], [3.4069683, 45.1544586]]]]}, "properties": {"type": "01", "nom": null, "commune": "43118", "created": "2014-08-08", "updated": "2018-06-12"}}, {"type": "Feature", "geometry": {"type": "MultiPolygon", "coordinates": [[[[3.403839, 45.1453483], [3.403887, 45.1453977], [3.4038148, 45.1454375], [3.4037686, 45.1453952], [3.4037455, 45.1453745], [3.4037697, 45.1453575], [3.4037896, 45.1453786], [3.403839, 45.1453483]]]]}, "properties": {"type": "01", "nom": null, "commune": "43175", "created": "2015-01-14", "updated": "2018-06-12"}}, {"type": "Feature", "geometry": {"type": "MultiPolygon", "coordinates": [[[[3.4087253, 45.169414], [3.4087975, 45.1696184], [3.4088102, 45.1696541], [3.4086985, 45.1696702], [3.408686, 45.1696345], [3.4086446, 45.1695156], [3.4085889, 45.1695098], [3.4085861, 45.1694787], [3.4086345, 45.1694828], [3.4086175, 45.1694389], [3.4087253, 45.169414]]]]}, "properties": {"type": "01", "nom": null, "commune": "43031", "created": "2016-05-20", "updated": "2018-06-12"}}, {"type": "Feature", "geometry": {"type": "MultiPolygon", "coordinates": [[[[3.403957, 45.1454693], [3.4040814, 45.1454231], [3.4041063, 45.1454693], [3.403978, 45.1455077], [3.403957, 45.1454693]]]]}, "properties": {"type": "01", "nom": null, "commune": "43175", "created": "2015-01-14", "updated": "2018-06-12"}}, {"type": "Feature", "geometry": {"type": "MultiPolygon", "coordinates": [[[[3.4067275, 45.1544082], [3.4067121, 45.1544037], [3.4067292, 45.1543756], [3.406745, 45.1543802], [3.4067275, 45.1544082]]]]}, "properties": {"type": "02", "nom": null, "commune": "43118", "created": "2014-08-08", "updated": "2018-06-12"}}, {"type": "Feature", "geometry": {"type": "MultiPolygon", "coordinates": [[[[3.40967, 45.1684404], [3.4096251, 45.1684036], [3.4096929, 45.168362], [3.4097373, 45.1683982], [3.40967, 45.1684404]]]]}, "properties": {"type": "01", "nom": null, "commune": "43031", "created": "2014-08-08", "updated": "2018-06-12"}}, {"type": "Feature", "geometry": {"type": "MultiPolygon", "coordinates": [[[[3.4002065, 45.1567355], [3.400188, 45.1568385], [3.400113, 45.1568317], [3.4001316, 45.1567288], [3.4002065, 45.1567355]]]]}, "properties": {"type": "03", "nom": null, "commune": "43118", "created": "2025-08-25", "updated": "2025-08-25"}}, {"type": "Feature", "geometry": {"type": "MultiPolygon", "coordinates": [[[[3.403887, 45.1453977], [3.4039486, 45.1453636], [3.4039595, 45.1453764], [3.4040052, 45.1453603], [3.4040201, 45.1453632], [3.4040405, 45.145378], [3.4040633, 45.1453995], [3.4040814, 45.1454231], [3.403957, 45.1454693], [3.403887, 45.1453977]]]]}, "properties": {"type": "01", "nom": null, "commune": "43175", "created": "2015-01-14", "updated": "2018-06-12"}}, {"type": "Feature", "geometry": {"type": "MultiPolygon", "coordinates": [[[[3.4097802, 45.1689034], [3.4099024, 45.1688469], [3.4099171, 45.1688867], [3.4097977, 45.168943], [3.4097802, 45.1689034]]]]}, "properties": {"type": "01", "nom": null, "commune": "43031", "created": "2014-08-08", "updated": "2018-06-12"}}, {"type": "Feature", "geometry": {"type": "MultiPolygon", "coordinates": [[[[3.4005443, 45.1568987], [3.4005065, 45.1569605], [3.4002999, 45.1568974], [3.4003376, 45.1568356], [3.4005443, 45.1568987]]]]}, "properties": {"type": "03", "nom": null, "commune": "43118", "created": "2025-08-25", "updated": "2025-08-25"}}, {"type": "Feature", "geometry": {"type": "MultiPolygon", "coordinates": [[[[3.4053821, 45.1454599], [3.4055091, 45.1455396], [3.4054557, 45.1455874], [3.4053454, 45.1455243], [3.4053821, 45.1454599]]]]}, "properties": {"type": "01", "nom": null, "commune": "43175", "created": "2015-01-14", "updated": "2018-06-12"}}, {"type": "Feature", "geometry": {"type": "MultiPolygon", "coordinates": [[[[3.4096645, 45.1687229], [3.4097223, 45.1687693], [3.4096646, 45.168799], [3.4096197, 45.1687523], [3.4096645, 45.1687229]]]]}, "properties": {"type": "01", "nom": null, "commune": "43031", "created": "2014-08-08", "updated": "2018-06-12"}}, {"type": "Feature", "geometry": {"type": "MultiPolygon", "coordinates": [[[[3.403226, 45.1565423], [3.4032472, 45.1566159], [3.4031727, 45.1566265], [3.4031515, 45.156553], [3.403226, 45.1565423]]]]}, "properties": {"type": "03", "nom": null, "commune": "43118", "created": "2025-08-25", "updated": "2025-08-25"}}, {"type": "Feature", "geometry": {"type": "MultiPolygon", "coordinates": [[[[3.4052165, 45.1457968], [3.4051538, 45.1457657], [3.4052227, 45.1456881], [3.4052908, 45.1457218], [3.4052165, 45.1457968]]]]}, "properties": {"type": "01", "nom": null, "commune": "43175", "created": "2015-01-14", "updated": "2018-06-12"}}, {"type": "Feature", "geometry": {"type": "MultiPolygon", "coordinates": [[[[3.4096197, 45.1687523], [3.4096646, 45.168799], [3.4096164, 45.168824], [3.4095748, 45.1687755], [3.4096197, 45.1687523]]]]}, "properties": {"type": "01", "nom": null, "commune": "43031", "created": "2014-08-08", "updated": "2018-06-12"}}, {"type": "Feature", "geometry": {"type": "MultiPolygon", "coordinates": [[[[3.4037407, 45.1566103], [3.403732, 45.1565134], [3.4039294, 45.1565046], [3.4039379, 45.1566016], [3.4037407, 45.1566103]]]]}, "properties": {"type": "01", "nom": null, "commune": "43118", "created": "2017-03-28", "updated": "2018-06-12"}}, {"type": "Feature", "geometry": {"type": "MultiPolygon", "coordinates": [[[[3.4050223, 45.1456344], [3.4050998, 45.1456713], [3.4050477, 45.1457332], [3.4049652, 45.1456947], [3.4050223, 45.1456344]]]]}, "properties": {"type": "01", "nom": null, "commune": "43175", "created": "2015-01-14", "updated": "2018-06-12"}}, {"type": "Feature", "geometry": {"type": "MultiPolygon", "coordinates": [[[[3.4092705, 45.1679889], [3.4093032, 45.1680441], [3.4092125, 45.1680695], [3.4091992, 45.1680448], [3.4091614, 45.1680552], [3.4091178, 45.1680159], [3.4092232, 45.1679806], [3.4092352, 45.1679997], [3.4092705, 45.1679889]]]]}, "properties": {"type": "01", "nom": null, "commune": "43031", "created": "2014-08-08", "updated": "2018-06-12"}}, {"type": "Feature", "geometry": {"type": "MultiPolygon", "coordinates": [[[[3.4053368, 45.1558763], [3.405322, 45.1559014], [3.4052979, 45.1558932], [3.4053142, 45.1558694], [3.4053368, 45.1558763]]]]}, "properties": {"type": "02", "nom": null, "commune": "43118", "created": "2014-08-08", "updated": "2018-06-12"}}, {"type": "Feature", "geometry": {"type": "MultiPolygon", "coordinates": [[[[3.4044795, 45.145953], [3.4045382, 45.1460838], [3.4044992, 45.1461024], [3.4044537, 45.1460127], [3.4044393, 45.1459839], [3.4044437, 45.1459636], [3.4044795, 45.145953]]]]}, "properties": {"type": "01", "nom": null, "commune": "43175", "created": "2015-01-14", "updated": "2018-06-12"}}, {"type": "Feature", "geometry": {"type": "MultiPolygon", "coordinates": [[[[3.3850048, 45.155799], [3.3849746, 45.1557696], [3.3850527, 45.1557283], [3.3850837, 45.1557584], [3.3850048, 45.155799]]]]}, "properties": {"type": "01", "nom": null, "commune": "43031", "created": "2014-08-08", "updated": "2018-06-12"}}, {"type": "Feature", "geometry": {"type": "MultiPolygon", "coordinates": [[[[3.4042311, 45.1558487], [3.4042117, 45.1558897], [3.4041792, 45.1558819], [3.4041987, 45.155841], [3.4042311, 45.1558487]]]]}, "properties": {"type": "02", "nom": null, "commune": "43118", "created": "2014-08-08", "updated": "2018-06-12"}}, {"type": "Feature", "geometry": {"type": "MultiPolygon", "coordinates": [[[[3.4046126, 45.1459717], [3.4046541, 45.1460286], [3.4045382, 45.1460838], [3.4044795, 45.145953], [3.4044733, 45.145939], [3.4045108, 45.1459259], [3.4045369, 45.1459167], [3.4045875, 45.1459816], [3.4046126, 45.1459717]]]]}, "properties": {"type": "01", "nom": null, "commune": "43175", "created": "2015-01-14", "updated": "2018-06-12"}}, {"type": "Feature", "geometry": {"type": "MultiPolygon", "coordinates": [[[[3.3850474, 45.155871], [3.3851293, 45.1560931], [3.3850221, 45.1561144], [3.3849401, 45.1558893], [3.3850474, 45.155871]]]]}, "properties": {"type": "01", "nom": null, "commune": "43031", "created": "2014-08-08", "updated": "2018-06-12"}}, {"type": "Feature", "geometry": {"type": "MultiPolygon", "coordinates": [[[[3.4038515, 45.156256], [3.4039152, 45.1561216], [3.4040077, 45.1561436], [3.4039441, 45.156278], [3.4038515, 45.156256]]]]}, "properties": {"type": "02", "nom": null, "commune": "43118", "created": "2017-03-28", "updated": "2018-06-12"}}, {"type": "Feature", "geometry": {"type": "MultiPolygon", "coordinates": [[[[3.4049817, 45.1459175], [3.4050495, 45.1459648], [3.4049589, 45.1460315], [3.4048954, 45.1459836], [3.4049817, 45.1459175]]]]}, "properties": {"type": "01", "nom": null, "commune": "43175", "created": "2015-01-14", "updated": "2018-06-12"}}, {"type": "Feature", "geometry": {"type": "MultiPolygon", "coordinates": [[[[3.3851614, 45.1563067], [3.385144, 45.1562932], [3.3851975, 45.1562519], [3.3852168, 45.1562635], [3.3851614, 45.1563067]]]]}, "properties": {"type": "02", "nom": null, "commune": "43031", "created": "2014-08-08", "updated": "2018-06-12"}}, {"type": "Feature", "geometry": {"type": "MultiPolygon", "coordinates": [[[[3.4006219, 45.1469219], [3.4006663, 45.1469637], [3.4005823, 45.1470269], [3.4005632, 45.1470426], [3.400498, 45.146996], [3.4005635, 45.1469451], [3.4005757, 45.146954], [3.4006219, 45.1469219]]]]}, "properties": {"type": "01", "nom": null, "commune": "43118", "created": "2014-08-08", "updated": "2018-06-12"}}, {"type": "Feature", "geometry": {"type": "MultiPolygon", "coordinates": [[[[3.4049589, 45.1460315], [3.4048809, 45.1460746], [3.404828, 45.1460232], [3.4048661, 45.1460037], [3.4048954, 45.1459836], [3.4049589, 45.1460315]]]]}, "properties": {"type": "01", "nom": null, "commune": "43175", "created": "2015-01-14", "updated": "2018-06-12"}}, {"type": "Feature", "geometry": {"type": "MultiPolygon", "coordinates": [[[[3.3853832, 45.1562657], [3.3853119, 45.1563146], [3.3852929, 45.1563009], [3.385212, 45.156356], [3.3851503, 45.1563145], [3.3851614, 45.1563067], [3.3852168, 45.1562635], [3.3851975, 45.1562519], [3.3852748, 45.1561907], [3.3853832, 45.1562657]]]]}, "properties": {"type": "01", "nom": null, "commune": "43031", "created": "2014-08-08", "updated": "2018-06-12"}}, {"type": "Feature", "geometry": {"type": "MultiPolygon", "coordinates": [[[[3.4003865, 45.1472578], [3.4002771, 45.1472082], [3.4003153, 45.1471662], [3.4003457, 45.14718], [3.4003691, 45.1471577], [3.4004453, 45.1471943], [3.4003865, 45.1472578]]]]}, "properties": {"type": "01", "nom": null, "commune": "43118", "created": "2014-08-08", "updated": "2018-06-12"}}, {"type": "Feature", "geometry": {"type": "MultiPolygon", "coordinates": [[[[3.4044217, 45.146261], [3.4045084, 45.14624], [3.404518, 45.1462652], [3.4044321, 45.1462873], [3.4044217, 45.146261]]]]}, "properties": {"type": "01", "nom": null, "commune": "43175", "created": "2015-01-14", "updated": "2018-06-12"}}, {"type": "Feature", "geometry": {"type": "MultiPolygon", "coordinates": [[[[3.3854517, 45.1563147], [3.3853758, 45.1563612], [3.3853184, 45.1563193], [3.3853119, 45.1563146], [3.3853832, 45.1562657], [3.3854517, 45.1563147]]]]}, "properties": {"type": "01", "nom": null, "commune": "43031", "created": "2014-08-08", "updated": "2018-06-12"}}, {"type": "Feature", "geometry": {"type": "MultiPolygon", "coordinates": [[[[3.4002004, 45.1473284], [3.4002143, 45.1472731], [3.4003657, 45.1472839], [3.4003584, 45.1473347], [3.4002879, 45.1473322], [3.4002876, 45.1473399], [3.4002004, 45.1473284]]]]}, "properties": {"type": "01", "nom": null, "commune": "43118", "created": "2014-08-08", "updated": "2018-06-12"}}, {"type": "Feature", "geometry": {"type": "MultiPolygon", "coordinates": [[[[3.4045293, 45.1462276], [3.4045514, 45.1462146], [3.4045738, 45.1462694], [3.4045501, 45.1462807], [3.4045293, 45.1462276]]]]}, "properties": {"type": "01", "nom": null, "commune": "43175", "created": "2015-01-14", "updated": "2018-06-12"}}, {"type": "Feature", "geometry": {"type": "MultiPolygon", "coordinates": [[[[3.3853142, 45.1563959], [3.3852808, 45.1563661], [3.3853184, 45.1563193], [3.3853758, 45.1563612], [3.3853142, 45.1563959]]]]}, "properties": {"type": "01", "nom": null, "commune": "43031", "created": "2014-08-08", "updated": "2018-06-12"}}, {"type": "Feature", "geometry": {"type": "MultiPolygon", "coordinates": [[[[3.4003584, 45.1473347], [3.4003663, 45.1473351], [3.4003612, 45.1474186], [3.4002815, 45.1474154], [3.4002876, 45.1473399], [3.4002879, 45.1473322], [3.4003584, 45.1473347]]]]}, "properties": {"type": "01", "nom": null, "commune": "43118", "created": "2014-08-08", "updated": "2018-06-12"}}, {"type": "Feature", "geometry": {"type": "MultiPolygon", "coordinates": [[[[3.4045514, 45.1462146], [3.4045841, 45.1461953], [3.4046035, 45.1462343], [3.4046118, 45.1462512], [3.4045738, 45.1462694], [3.4045514, 45.1462146]]]]}, "properties": {"type": "01", "nom": null, "commune": "43175", "created": "2015-01-14", "updated": "2018-06-12"}}, {"type": "Feature", "geometry": {"type": "MultiPolygon", "coordinates": [[[[3.3853566, 45.15643], [3.3853142, 45.1563959], [3.3853758, 45.1563612], [3.3854206, 45.1563952], [3.3853566, 45.15643]]]]}, "properties": {"type": "01", "nom": null, "commune": "43031", "created": "2014-08-08", "updated": "2018-06-12"}}, {"type": "Feature", "geometry": {"type": "MultiPolygon", "coordinates": [[[[3.4002259, 45.1474952], [3.4003466, 45.1474953], [3.4003446, 45.1475293], [3.4003542, 45.1475296], [3.4003509, 45.1475834], [3.4002207, 45.1475699], [3.4002223, 45.1475541], [3.4002259, 45.1474952]]]]}, "properties": {"type": "01", "nom": null, "commune": "43118", "created": "2014-08-08", "updated": "2018-06-12"}}, {"type": "Feature", "geometry": {"type": "MultiPolygon", "coordinates": [[[[3.4046286, 45.1461269], [3.4046803, 45.1461972], [3.4046035, 45.1462343], [3.4045841, 45.1461953], [3.4045661, 45.1461593], [3.4046286, 45.1461269]]]]}, "properties": {"type": "01", "nom": null, "commune": "43175", "created": "2015-01-14", "updated": "2018-06-12"}}, {"type": "Feature", "geometry": {"type": "MultiPolygon", "coordinates": [[[[3.3854143, 45.1564817], [3.3853566, 45.15643], [3.3854206, 45.1563952], [3.3854553, 45.1564205], [3.3855168, 45.1564653], [3.3854832, 45.1564879], [3.3854545, 45.1564636], [3.3854143, 45.1564817]]]]}, "properties": {"type": "01", "nom": null, "commune": "43031", "created": "2014-08-08", "updated": "2018-06-12"}}, {"type": "Feature", "geometry": {"type": "MultiPolygon", "coordinates": [[[[3.4005334, 45.1474907], [3.4005069, 45.1475532], [3.4004915, 45.1475876], [3.4004195, 45.1476099], [3.4004268, 45.1474821], [3.4005334, 45.1474907]]]]}, "properties": {"type": "01", "nom": null, "commune": "43118", "created": "2014-08-08", "updated": "2018-06-12"}}, {"type": "Feature", "geometry": {"type": "MultiPolygon", "coordinates": [[[[3.4038878, 45.1462015], [3.4037698, 45.1461973], [3.4037743, 45.1461549], [3.4038909, 45.146159], [3.4038878, 45.1462015]]]]}, "properties": {"type": "01", "nom": null, "commune": "43175", "created": "2015-01-14", "updated": "2018-06-12"}}, {"type": "Feature", "geometry": {"type": "MultiPolygon", "coordinates": [[[[3.4003606, 45.147756], [3.4002602, 45.1477615], [3.4002501, 45.1477008], [3.400253, 45.1476797], [3.4003523, 45.1476793], [3.4003718, 45.1477546], [3.4003606, 45.147756]]]]}, "properties": {"type": "01", "nom": null, "commune": "43118", "created": "2014-08-08", "updated": "2018-06-12"}}, {"type": "Feature", "geometry": {"type": "MultiPolygon", "coordinates": [[[[3.4039058, 45.1459741], [3.4038883, 45.1460351], [3.4038063, 45.1460119], [3.4038473, 45.1459742], [3.4038527, 45.1459695], [3.4039058, 45.1459741]]]]}, "properties": {"type": "01", "nom": null, "commune": "43175", "created": "2015-01-14", "updated": "2018-06-12"}}, {"type": "Feature", "geometry": {"type": "MultiPolygon", "coordinates": [[[[3.385531, 45.1563707], [3.3856943, 45.1564879], [3.3856081, 45.1565326], [3.3855168, 45.1564653], [3.3854553, 45.1564205], [3.385531, 45.1563707]]]]}, "properties": {"type": "01", "nom": null, "commune": "43031", "created": "2014-08-08", "updated": "2018-06-12"}}, {"type": "Feature", "geometry": {"type": "MultiPolygon", "coordinates": [[[[3.3853758, 45.1563612], [3.3854517, 45.1563147], [3.385531, 45.1563707], [3.3854553, 45.1564205], [3.3854206, 45.1563952], [3.3853758, 45.1563612]]]]}, "properties": {"type": "01", "nom": null, "commune": "43031", "created": "2014-08-08", "updated": "2018-06-12"}}, {"type": "Feature", "geometry": {"type": "MultiPolygon", "coordinates": [[[[3.4003867, 45.1478166], [3.4002837, 45.1478283], [3.4002575, 45.1477768], [3.4002565, 45.1477713], [3.4002577, 45.1477658], [3.4002602, 45.1477615], [3.4003606, 45.147756], [3.4003867, 45.1478166]]]]}, "properties": {"type": "01", "nom": null, "commune": "43118", "created": "2014-08-08", "updated": "2018-06-12"}}, {"type": "Feature", "geometry": {"type": "MultiPolygon", "coordinates": [[[[3.4039393, 45.145975], [3.4040124, 45.1459655], [3.40402, 45.1460095], [3.4040263, 45.1460457], [3.4040143, 45.1460469], [3.4039595, 45.1460524], [3.4039582, 45.146035], [3.4039513, 45.1460046], [3.4039393, 45.145975]]]]}, "properties": {"type": "01", "nom": null, "commune": "43175", "created": "2015-01-14", "updated": "2018-06-12"}}, {"type": "Feature", "geometry": {"type": "MultiPolygon", "coordinates": [[[[3.3857323, 45.1563396], [3.3856931, 45.1563663], [3.3856269, 45.1563179], [3.3856582, 45.1562914], [3.3857323, 45.1563396]]]]}, "properties": {"type": "01", "nom": null, "commune": "43031", "created": "2014-08-08", "updated": "2018-06-12"}}, {"type": "Feature", "geometry": {"type": "MultiPolygon", "coordinates": [[[[3.4003958, 45.1478298], [3.4004572, 45.1478898], [3.4003893, 45.1479232], [3.4003125, 45.1478685], [3.4003106, 45.1478635], [3.400311, 45.1478582], [3.4003134, 45.1478534], [3.4003178, 45.1478491], [3.4003221, 45.1478467], [3.4003958, 45.1478298]]]]}, "properties": {"type": "01", "nom": null, "commune": "43118", "created": "2014-08-08", "updated": "2018-06-12"}}, {"type": "Feature", "geometry": {"type": "MultiPolygon", "coordinates": [[[[3.4040616, 45.1459375], [3.404091, 45.1459319], [3.4040921, 45.1459553], [3.4040517, 45.1460013], [3.40402, 45.1460095], [3.4040124, 45.1459655], [3.4040092, 45.1459474], [3.4040616, 45.1459375]]]]}, "properties": {"type": "01", "nom": null, "commune": "43175", "created": "2015-01-14", "updated": "2018-06-12"}}, {"type": "Feature", "geometry": {"type": "MultiPolygon", "coordinates": [[[[3.3856315, 45.1561198], [3.3857307, 45.1560833], [3.3857818, 45.1561529], [3.3856857, 45.1561887], [3.3856315, 45.1561198]]]]}, "properties": {"type": "01", "nom": null, "commune": "43031", "created": "2014-08-08", "updated": "2018-06-12"}}, {"type": "Feature", "geometry": {"type": "MultiPolygon", "coordinates": [[[[3.4003893, 45.1479232], [3.4004572, 45.1478898], [3.4004984, 45.147928], [3.4004404, 45.147954], [3.4003893, 45.1479232]]]]}, "properties": {"type": "01", "nom": null, "commune": "43118", "created": "2014-08-08", "updated": "2018-06-12"}}, {"type": "Feature", "geometry": {"type": "MultiPolygon", "coordinates": [[[[3.4040124, 45.1459655], [3.4039393, 45.145975], [3.403916, 45.1459155], [3.403909, 45.1458981], [3.4038809, 45.1458856], [3.4038946, 45.1458483], [3.403989, 45.145856], [3.4039912, 45.1458803], [3.403993, 45.1458998], [3.4040577, 45.1458969], [3.4040616, 45.1459375], [3.4040092, 45.1459474], [3.4040124, 45.1459655]]]]}, "properties": {"type": "01", "nom": null, "commune": "43175", "created": "2015-01-14", "updated": "2018-06-12"}}, {"type": "Feature", "geometry": {"type": "MultiPolygon", "coordinates": [[[[3.3856315, 45.1561198], [3.3856857, 45.1561887], [3.3855893, 45.1562248], [3.3855339, 45.1561556], [3.3856315, 45.1561198]]]]}, "properties": {"type": "01", "nom": null, "commune": "43031", "created": "2014-08-08", "updated": "2018-06-12"}}, {"type": "Feature", "geometry": {"type": "MultiPolygon", "coordinates": [[[[3.4004404, 45.147954], [3.4004984, 45.147928], [3.4005329, 45.1479598], [3.4004905, 45.1479841], [3.4004404, 45.147954]]]]}, "properties": {"type": "01", "nom": null, "commune": "43118", "created": "2014-08-08", "updated": "2018-06-12"}}, {"type": "Feature", "geometry": {"type": "MultiPolygon", "coordinates": [[[[3.404091, 45.1459319], [3.4040616, 45.1459375], [3.4040577, 45.1458969], [3.403993, 45.1458998], [3.4039912, 45.1458803], [3.4040311, 45.1458644], [3.4041418, 45.1458491], [3.4041453, 45.1458808], [3.404121, 45.1458892], [3.4041269, 45.1459251], [3.404091, 45.1459319]]]]}, "properties": {"type": "01", "nom": null, "commune": "43175", "created": "2015-01-14", "updated": "2018-06-12"}}, {"type": "Feature", "geometry": {"type": "MultiPolygon", "coordinates": [[[[3.3853643, 45.1561223], [3.3854282, 45.1561164], [3.3854616, 45.1561393], [3.3854421, 45.1561673], [3.3853724, 45.1561274], [3.3853643, 45.1561223]]]]}, "properties": {"type": "01", "nom": null, "commune": "43031", "created": "2014-08-08", "updated": "2018-06-12"}}, {"type": "Feature", "geometry": {"type": "MultiPolygon", "coordinates": [[[[3.4005753, 45.1480029], [3.4005083, 45.1480453], [3.4004867, 45.1480381], [3.4004459, 45.1480097], [3.4004727, 45.1479921], [3.4004905, 45.1479841], [3.4005329, 45.1479598], [3.4005753, 45.1480029]]]]}, "properties": {"type": "01", "nom": null, "commune": "43118", "created": "2014-08-08", "updated": "2018-06-12"}}, {"type": "Feature", "geometry": {"type": "MultiPolygon", "coordinates": [[[[3.4042591, 45.1460403], [3.4043006, 45.146044], [3.4042983, 45.1460536], [3.4042808, 45.1461265], [3.4042297, 45.1461104], [3.4042492, 45.1460394], [3.4042591, 45.1460403]]]]}, "properties": {"type": "01", "nom": null, "commune": "43175", "created": "2015-01-14", "updated": "2018-06-12"}}, {"type": "Feature", "geometry": {"type": "MultiPolygon", "coordinates": [[[[3.3854421, 45.1561673], [3.385487, 45.1561931], [3.3854475, 45.1562305], [3.3853381, 45.156168], [3.3853455, 45.1561572], [3.3853724, 45.1561274], [3.3854421, 45.1561673]]]]}, "properties": {"type": "01", "nom": null, "commune": "43031", "created": "2014-08-08", "updated": "2018-06-12"}}, {"type": "Feature", "geometry": {"type": "MultiPolygon", "coordinates": [[[[3.4012095, 45.146631], [3.401248, 45.1466461], [3.4011114, 45.1467488], [3.4010391, 45.1466976], [3.4010446, 45.1466951], [3.4011278, 45.1466377], [3.4011641, 45.1466131], [3.4012095, 45.146631]]]]}, "properties": {"type": "01", "nom": null, "commune": "43118", "created": "2014-08-08", "updated": "2018-06-12"}}, {"type": "Feature", "geometry": {"type": "MultiPolygon", "coordinates": [[[[3.4042983, 45.1460536], [3.4043593, 45.1460649], [3.4043613, 45.1460972], [3.4044065, 45.1461466], [3.4042589, 45.1462171], [3.4042808, 45.1461265], [3.4042983, 45.1460536]]]]}, "properties": {"type": "01", "nom": null, "commune": "43175", "created": "2015-01-14", "updated": "2018-06-12"}}, {"type": "Feature", "geometry": {"type": "MultiPolygon", "coordinates": [[[[3.3853208, 45.1560932], [3.3853295, 45.156126], [3.3852671, 45.156146], [3.3852285, 45.1560715], [3.3852968, 45.1560516], [3.3853208, 45.1560932]]]]}, "properties": {"type": "01", "nom": null, "commune": "43031", "created": "2014-08-08", "updated": "2018-06-12"}}, {"type": "Feature", "geometry": {"type": "MultiPolygon", "coordinates": [[[[3.4009856, 45.1468097], [3.4009301, 45.1467487], [3.4010391, 45.1466976], [3.4011114, 45.1467488], [3.4009856, 45.1468097]]]]}, "properties": {"type": "01", "nom": null, "commune": "43118", "created": "2014-08-08", "updated": "2018-06-12"}}, {"type": "Feature", "geometry": {"type": "MultiPolygon", "coordinates": [[[[3.4043985, 45.1459865], [3.4044072, 45.1460162], [3.4044226, 45.1460683], [3.4044653, 45.1461187], [3.4044065, 45.1461466], [3.4043613, 45.1460972], [3.4043593, 45.1460649], [3.4042983, 45.1460536], [3.4043006, 45.146044], [3.4043132, 45.1459918], [3.4043431, 45.1459899], [3.404389, 45.145987], [3.4043985, 45.1459865]]]]}, "properties": {"type": "01", "nom": null, "commune": "43175", "created": "2015-01-14", "updated": "2018-06-12"}}, {"type": "Feature", "geometry": {"type": "MultiPolygon", "coordinates": [[[[3.3853208, 45.1560932], [3.3852968, 45.1560516], [3.3852847, 45.1560305], [3.3853487, 45.1560123], [3.3853895, 45.1560747], [3.3853208, 45.1560932]]]]}, "properties": {"type": "01", "nom": null, "commune": "43031", "created": "2014-08-08", "updated": "2018-06-12"}}, {"type": "Feature", "geometry": {"type": "MultiPolygon", "coordinates": [[[[3.4008919, 45.1468549], [3.4008674, 45.1468288], [3.4008406, 45.1468001], [3.4009301, 45.1467487], [3.4009856, 45.1468097], [3.4008919, 45.1468549]]]]}, "properties": {"type": "01", "nom": null, "commune": "43118", "created": "2014-08-08", "updated": "2018-06-12"}}, {"type": "Feature", "geometry": {"type": "MultiPolygon", "coordinates": [[[[3.4044437, 45.1459636], [3.4044393, 45.1459839], [3.4043985, 45.1459865], [3.404389, 45.145987], [3.4043903, 45.1459378], [3.404404, 45.1459373], [3.4044449, 45.1459384], [3.4044437, 45.1459636]]]]}, "properties": {"type": "01", "nom": null, "commune": "43175", "created": "2015-01-14", "updated": "2018-06-12"}}, {"type": "Feature", "geometry": {"type": "MultiPolygon", "coordinates": [[[[3.3835638, 45.1568301], [3.3836492, 45.1567024], [3.3837848, 45.1567478], [3.3836998, 45.1568751], [3.3835638, 45.1568301]]]]}, "properties": {"type": "02", "nom": null, "commune": "43031", "created": "2014-08-08", "updated": "2018-06-12"}}, {"type": "Feature", "geometry": {"type": "MultiPolygon", "coordinates": [[[[3.4006663, 45.1469637], [3.4006219, 45.1469219], [3.4006068, 45.1469077], [3.4007148, 45.1468336], [3.4007855, 45.1469034], [3.4006663, 45.1469637]]]]}, "properties": {"type": "01", "nom": null, "commune": "43118", "created": "2014-08-08", "updated": "2018-06-12"}}, {"type": "Feature", "geometry": {"type": "MultiPolygon", "coordinates": [[[[3.4043903, 45.1459378], [3.404389, 45.145987], [3.4043431, 45.1459899], [3.4043411, 45.1459395], [3.4043903, 45.1459378]]]]}, "properties": {"type": "01", "nom": null, "commune": "43175", "created": "2015-01-14", "updated": "2018-06-12"}}, {"type": "Feature", "geometry": {"type": "MultiPolygon", "coordinates": [[[[3.3841727, 45.157319], [3.3842472, 45.1573529], [3.384224, 45.1573795], [3.3841396, 45.1573425], [3.3841727, 45.157319]]]]}, "properties": {"type": "02", "nom": null, "commune": "43031", "created": "2014-08-08", "updated": "2018-06-12"}}, {"type": "Feature", "geometry": {"type": "MultiPolygon", "coordinates": [[[[3.400624, 45.1480564], [3.4005819, 45.1480834], [3.4005521, 45.1480635], [3.4005083, 45.1480453], [3.4005753, 45.1480029], [3.400624, 45.1480564]]]]}, "properties": {"type": "01", "nom": null, "commune": "43118", "created": "2014-08-08", "updated": "2018-06-12"}}, {"type": "Feature", "geometry": {"type": "MultiPolygon", "coordinates": [[[[3.40426, 45.1459421], [3.4042499, 45.1459989], [3.4042179, 45.1460017], [3.4041309, 45.1460092], [3.4041499, 45.145949], [3.4041536, 45.1459458], [3.40426, 45.1459421]]]]}, "properties": {"type": "01", "nom": null, "commune": "43175", "created": "2015-01-14", "updated": "2018-06-12"}}, {"type": "Feature", "geometry": {"type": "MultiPolygon", "coordinates": [[[[3.3841344, 45.1573015], [3.3841727, 45.157319], [3.3841396, 45.1573425], [3.3841099, 45.1573294], [3.3841344, 45.1573015]]]]}, "properties": {"type": "02", "nom": null, "commune": "43031", "created": "2014-08-08", "updated": "2018-06-12"}}, {"type": "Feature", "geometry": {"type": "MultiPolygon", "coordinates": [[[[3.4007132, 45.1479422], [3.4007734, 45.1480028], [3.4007077, 45.1480346], [3.4006477, 45.1479722], [3.4007132, 45.1479422]]]]}, "properties": {"type": "01", "nom": null, "commune": "43118", "created": "2014-08-08", "updated": "2018-06-12"}}, {"type": "Feature", "geometry": {"type": "MultiPolygon", "coordinates": [[[[3.4042499, 45.1459989], [3.40426, 45.1459421], [3.4043411, 45.1459395], [3.4043431, 45.1459899], [3.4043132, 45.1459918], [3.4043006, 45.146044], [3.4042591, 45.1460403], [3.4042691, 45.1459972], [3.4042499, 45.1459989]]]]}, "properties": {"type": "01", "nom": null, "commune": "43175", "created": "2015-01-14", "updated": "2018-06-12"}}, {"type": "Feature", "geometry": {"type": "MultiPolygon", "coordinates": [[[[3.3845674, 45.1574866], [3.3845225, 45.1574677], [3.3845681, 45.1574138], [3.3846014, 45.1574278], [3.3846254, 45.157438], [3.3846001, 45.157457], [3.3845674, 45.1574866]]]]}, "properties": {"type": "02", "nom": null, "commune": "43031", "created": "2014-08-08", "updated": "2018-06-12"}}, {"type": "Feature", "geometry": {"type": "MultiPolygon", "coordinates": [[[[3.4005634, 45.1478909], [3.4006403, 45.147853], [3.4007308, 45.1479342], [3.4007132, 45.1479422], [3.4006477, 45.1479722], [3.4005634, 45.1478909]]]]}, "properties": {"type": "01", "nom": null, "commune": "43118", "created": "2014-08-08", "updated": "2018-06-12"}}, {"type": "Feature", "geometry": {"type": "MultiPolygon", "coordinates": [[[[3.4041762, 45.1458085], [3.4042586, 45.145786], [3.4042829, 45.1458542], [3.4042644, 45.1458561], [3.4042751, 45.1459098], [3.4041936, 45.1459196], [3.4041762, 45.1458085]]]]}, "properties": {"type": "01", "nom": null, "commune": "43175", "created": "2015-01-14", "updated": "2018-06-12"}}, {"type": "Feature", "geometry": {"type": "MultiPolygon", "coordinates": [[[[3.3850756, 45.1574059], [3.3851097, 45.1573866], [3.3851291, 45.1574039], [3.3850926, 45.1574226], [3.3850756, 45.1574059]]]]}, "properties": {"type": "02", "nom": null, "commune": "43031", "created": "2014-08-08", "updated": "2018-06-12"}}, {"type": "Feature", "geometry": {"type": "MultiPolygon", "coordinates": [[[[3.4005516, 45.1478186], [3.4005126, 45.1478373], [3.4004828, 45.1478056], [3.4005212, 45.1477871], [3.4005516, 45.1478186]]]]}, "properties": {"type": "01", "nom": null, "commune": "43118", "created": "2014-08-08", "updated": "2018-06-12"}}, {"type": "Feature", "geometry": {"type": "MultiPolygon", "coordinates": [[[[3.4041614, 45.1457231], [3.4042701, 45.1456854], [3.4042962, 45.1457276], [3.4042896, 45.1457289], [3.4043221, 45.1457729], [3.4042586, 45.145786], [3.4041762, 45.1458085], [3.4041614, 45.1457231]]]]}, "properties": {"type": "01", "nom": null, "commune": "43175", "created": "2015-01-14", "updated": "2018-06-12"}}, {"type": "Feature", "geometry": {"type": "MultiPolygon", "coordinates": [[[[3.3851621, 45.1573871], [3.3852111, 45.1573617], [3.3852664, 45.1574149], [3.3852171, 45.1574405], [3.3851621, 45.1573871]]]]}, "properties": {"type": "02", "nom": null, "commune": "43031", "created": "2014-08-08", "updated": "2018-06-12"}}, {"type": "Feature", "geometry": {"type": "MultiPolygon", "coordinates": [[[[3.4008694, 45.1480682], [3.4007412, 45.1480696], [3.4007077, 45.1480346], [3.4007734, 45.1480028], [3.4008052, 45.1480347], [3.4008364, 45.1480367], [3.4008694, 45.1480682]]]]}, "properties": {"type": "01", "nom": null, "commune": "43118", "created": "2014-08-08", "updated": "2018-06-12"}}, {"type": "Feature", "geometry": {"type": "MultiPolygon", "coordinates": [[[[3.4044663, 45.1458116], [3.4044049, 45.1458283], [3.4043573, 45.1457458], [3.4044265, 45.1457335], [3.4044619, 45.1458004], [3.4044663, 45.1458116]]]]}, "properties": {"type": "01", "nom": null, "commune": "43175", "created": "2015-01-14", "updated": "2018-06-12"}}, {"type": "Feature", "geometry": {"type": "MultiPolygon", "coordinates": [[[[3.3852194, 45.1575567], [3.3851375, 45.1574792], [3.3850857, 45.1575081], [3.3850526, 45.157472], [3.3850257, 45.157487], [3.3849298, 45.1573923], [3.3849282, 45.1573894], [3.3850139, 45.1573464], [3.3850756, 45.1574059], [3.3850926, 45.1574226], [3.3851291, 45.1574039], [3.3851621, 45.1573871], [3.3852171, 45.1574405], [3.3851944, 45.1574526], [3.385273, 45.1575273], [3.3852194, 45.1575567]]]]}, "properties": {"type": "01", "nom": null, "commune": "43031", "created": "2014-08-08", "updated": "2018-06-12"}}, {"type": "Feature", "geometry": {"type": "MultiPolygon", "coordinates": [[[[3.4007412, 45.1480696], [3.4008694, 45.1480682], [3.4009385, 45.1481344], [3.4008495, 45.1481769], [3.4008458, 45.1481788], [3.4007412, 45.1480696]]]]}, "properties": {"type": "01", "nom": null, "commune": "43118", "created": "2014-08-08", "updated": "2018-06-12"}}, {"type": "Feature", "geometry": {"type": "MultiPolygon", "coordinates": [[[[3.404479, 45.1458445], [3.4044212, 45.1458563], [3.4044049, 45.1458283], [3.4044663, 45.1458116], [3.404479, 45.1458445]]]]}, "properties": {"type": "01", "nom": null, "commune": "43175", "created": "2015-01-14", "updated": "2018-06-12"}}, {"type": "Feature", "geometry": {"type": "MultiPolygon", "coordinates": [[[[3.3850789, 45.1575238], [3.3851323, 45.1575513], [3.3850715, 45.1575961], [3.3850213, 45.1575637], [3.3850789, 45.1575238]]]]}, "properties": {"type": "01", "nom": null, "commune": "43031", "created": "2014-08-08", "updated": "2018-06-12"}}, {"type": "Feature", "geometry": {"type": "MultiPolygon", "coordinates": [[[[3.4006717, 45.1481043], [3.4006167, 45.1481375], [3.4005675, 45.1480924], [3.4005819, 45.1480834], [3.400624, 45.1480564], [3.4006717, 45.1481043]]]]}, "properties": {"type": "01", "nom": null, "commune": "43118", "created": "2014-08-08", "updated": "2018-06-12"}}, {"type": "Feature", "geometry": {"type": "MultiPolygon", "coordinates": [[[[3.404548, 45.1458212], [3.4045695, 45.1458139], [3.4045917, 45.1458381], [3.4045739, 45.1458474], [3.4045832, 45.1458582], [3.4044949, 45.1458853], [3.404479, 45.1458445], [3.404548, 45.1458212]]]]}, "properties": {"type": "01", "nom": null, "commune": "43175", "created": "2015-01-14", "updated": "2018-06-12"}}, {"type": "Feature", "geometry": {"type": "MultiPolygon", "coordinates": [[[[3.3848654, 45.1573933], [3.3848269, 45.1574133], [3.3847836, 45.1573716], [3.3848213, 45.157352], [3.3848654, 45.1573933]]]]}, "properties": {"type": "01", "nom": null, "commune": "43031", "created": "2014-08-08", "updated": "2018-06-12"}}, {"type": "Feature", "geometry": {"type": "MultiPolygon", "coordinates": [[[[3.4006167, 45.1481375], [3.4006717, 45.1481043], [3.4007027, 45.1481353], [3.4006505, 45.1481686], [3.4006167, 45.1481375]]]]}, "properties": {"type": "01", "nom": null, "commune": "43118", "created": "2014-08-08", "updated": "2018-06-12"}}, {"type": "Feature", "geometry": {"type": "MultiPolygon", "coordinates": [[[[3.4045108, 45.1459259], [3.404497, 45.1458905], [3.4044949, 45.1458853], [3.4045832, 45.1458582], [3.404611, 45.1458906], [3.4045369, 45.1459167], [3.4045108, 45.1459259]]]]}, "properties": {"type": "01", "nom": null, "commune": "43175", "created": "2015-01-14", "updated": "2018-06-12"}}, {"type": "Feature", "geometry": {"type": "MultiPolygon", "coordinates": [[[[3.3847526, 45.1575147], [3.3846254, 45.157438], [3.3846541, 45.1574074], [3.3846821, 45.1573775], [3.38489, 45.1575001], [3.3848262, 45.1575573], [3.3847526, 45.1575147]]]]}, "properties": {"type": "01", "nom": null, "commune": "43031", "created": "2014-08-08", "updated": "2018-06-12"}}, {"type": "Feature", "geometry": {"type": "MultiPolygon", "coordinates": [[[[3.4006505, 45.1481686], [3.4007027, 45.1481353], [3.4007355, 45.1481681], [3.4006844, 45.1481996], [3.4006505, 45.1481686]]]]}, "properties": {"type": "01", "nom": null, "commune": "43118", "created": "2014-08-08", "updated": "2018-06-12"}}, {"type": "Feature", "geometry": {"type": "MultiPolygon", "coordinates": [[[[3.4047422, 45.1458711], [3.4046781, 45.145874], [3.4045815, 45.1458082], [3.4045915, 45.1458024], [3.4046396, 45.1457745], [3.4047128, 45.1458316], [3.4047528, 45.1458627], [3.4047422, 45.1458711]]]]}, "properties": {"type": "01", "nom": null, "commune": "43175", "created": "2015-01-14", "updated": "2018-06-12"}}, {"type": "Feature", "geometry": {"type": "MultiPolygon", "coordinates": [[[[3.3846014, 45.1574278], [3.384625, 45.1573965], [3.3846541, 45.1574074], [3.3846254, 45.157438], [3.3846014, 45.1574278]]]]}, "properties": {"type": "01", "nom": null, "commune": "43031", "created": "2014-08-08", "updated": "2018-06-12"}}, {"type": "Feature", "geometry": {"type": "MultiPolygon", "coordinates": [[[[3.4007818, 45.1482897], [3.4008309, 45.1482636], [3.4008925, 45.1483209], [3.4008377, 45.1483486], [3.400835, 45.1483457], [3.4007818, 45.1482897]]]]}, "properties": {"type": "01", "nom": null, "commune": "43118", "created": "2014-08-08", "updated": "2018-06-12"}}, {"type": "Feature", "geometry": {"type": "MultiPolygon", "coordinates": [[[[3.404548, 45.1458212], [3.404479, 45.1458445], [3.4044663, 45.1458116], [3.4044619, 45.1458004], [3.4045126, 45.145781], [3.4045174, 45.1457856], [3.404548, 45.1458212]]]]}, "properties": {"type": "01", "nom": null, "commune": "43175", "created": "2015-01-14", "updated": "2018-06-12"}}, {"type": "Feature", "geometry": {"type": "MultiPolygon", "coordinates": [[[[3.3845674, 45.1574866], [3.384561, 45.1574925], [3.3846233, 45.1575196], [3.384591, 45.1575569], [3.3845788, 45.1575664], [3.3843357, 45.1574659], [3.3843854, 45.1574084], [3.3845225, 45.1574677], [3.3845674, 45.1574866]]]]}, "properties": {"type": "01", "nom": null, "commune": "43031", "created": "2014-08-08", "updated": "2018-06-12"}}, {"type": "Feature", "geometry": {"type": "MultiPolygon", "coordinates": [[[[3.4010516, 45.1482878], [3.4009932, 45.1483296], [3.4009855, 45.1483356], [3.4008616, 45.1482231], [3.4008602, 45.148219], [3.4008934, 45.1481914], [3.4009112, 45.1481973], [3.4010516, 45.1482878]]]]}, "properties": {"type": "01", "nom": null, "commune": "43118", "created": "2014-08-08", "updated": "2018-06-12"}}, {"type": "Feature", "geometry": {"type": "MultiPolygon", "coordinates": [[[[3.4048723, 45.1458313], [3.4049437, 45.1457785], [3.4049819, 45.1458043], [3.4049098, 45.1458599], [3.4048723, 45.1458313]]]]}, "properties": {"type": "01", "nom": null, "commune": "43175", "created": "2015-01-14", "updated": "2018-06-12"}}, {"type": "Feature", "geometry": {"type": "MultiPolygon", "coordinates": [[[[3.3842682, 45.1573293], [3.3842472, 45.1573529], [3.3841727, 45.157319], [3.3842005, 45.1572991], [3.3842682, 45.1573293]]]]}, "properties": {"type": "01", "nom": null, "commune": "43031", "created": "2014-08-08", "updated": "2018-06-12"}}, {"type": "Feature", "geometry": {"type": "MultiPolygon", "coordinates": [[[[3.4008377, 45.1483486], [3.4008925, 45.1483209], [3.4009498, 45.1483939], [3.4008364, 45.1484419], [3.4007973, 45.148403], [3.4008294, 45.148387], [3.4008131, 45.1483709], [3.4008444, 45.1483552], [3.4008377, 45.1483486]]]]}, "properties": {"type": "01", "nom": null, "commune": "43118", "created": "2014-08-08", "updated": "2018-06-12"}}, {"type": "Feature", "geometry": {"type": "MultiPolygon", "coordinates": [[[[3.4046762, 45.1457532], [3.4046396, 45.1457745], [3.4045915, 45.1458024], [3.4045511, 45.1457681], [3.4046416, 45.1457213], [3.4046762, 45.1457532]]]]}, "properties": {"type": "01", "nom": null, "commune": "43175", "created": "2015-01-14", "updated": "2018-06-12"}}, {"type": "Feature", "geometry": {"type": "MultiPolygon", "coordinates": [[[[3.3841344, 45.1573015], [3.3841546, 45.1572788], [3.3842005, 45.1572991], [3.3841727, 45.157319], [3.3841344, 45.1573015]]]]}, "properties": {"type": "01", "nom": null, "commune": "43031", "created": "2014-08-08", "updated": "2018-06-12"}}, {"type": "Feature", "geometry": {"type": "MultiPolygon", "coordinates": [[[[3.4008389, 45.1484955], [3.4008027, 45.1484561], [3.4008164, 45.1484503], [3.4008364, 45.1484419], [3.4009498, 45.1483939], [3.4010022, 45.1484498], [3.4009384, 45.1484792], [3.4009411, 45.1484821], [3.4008616, 45.1485196], [3.4008389, 45.1484955]]]]}, "properties": {"type": "01", "nom": null, "commune": "43118", "created": "2014-08-08", "updated": "2018-06-12"}}, {"type": "Feature", "geometry": {"type": "MultiPolygon", "coordinates": [[[[3.404919, 45.1457082], [3.4048025, 45.145778], [3.4047408, 45.1457207], [3.4048515, 45.1456652], [3.404919, 45.1457082]]]]}, "properties": {"type": "01", "nom": null, "commune": "43175", "created": "2015-01-14", "updated": "2018-06-12"}}, {"type": "Feature", "geometry": {"type": "MultiPolygon", "coordinates": [[[[3.384245, 45.1574556], [3.3841652, 45.1575882], [3.3840671, 45.1575618], [3.3840702, 45.1575567], [3.3839327, 45.1575141], [3.3839724, 45.1574501], [3.384093, 45.1574876], [3.3841113, 45.157458], [3.3841281, 45.1574633], [3.3841509, 45.1574264], [3.384245, 45.1574556]]]]}, "properties": {"type": "01", "nom": null, "commune": "43031", "created": "2014-08-08", "updated": "2018-06-12"}}, {"type": "Feature", "geometry": {"type": "MultiPolygon", "coordinates": [[[[3.4012627, 45.1484699], [3.4011776, 45.1485273], [3.4010735, 45.148417], [3.4011711, 45.1483678], [3.4012718, 45.1484652], [3.4012627, 45.1484699]]]]}, "properties": {"type": "01", "nom": null, "commune": "43118", "created": "2014-08-08", "updated": "2018-06-12"}}, {"type": "Feature", "geometry": {"type": "MultiPolygon", "coordinates": [[[[3.4046416, 45.1457213], [3.4046084, 45.1456909], [3.4045772, 45.1457081], [3.4045382, 45.1456763], [3.4045593, 45.1456608], [3.4046292, 45.1456118], [3.404672, 45.1456538], [3.4047408, 45.1457207], [3.4046762, 45.1457532], [3.4046416, 45.1457213]]]]}, "properties": {"type": "01", "nom": null, "commune": "43175", "created": "2015-01-14", "updated": "2018-06-12"}}, {"type": "Feature", "geometry": {"type": "MultiPolygon", "coordinates": [[[[3.3843203, 45.1579867], [3.3839659, 45.1577296], [3.3840936, 45.1576423], [3.3844475, 45.1578991], [3.3843203, 45.1579867]]]]}, "properties": {"type": "01", "nom": null, "commune": "43031", "created": "2014-08-08", "updated": "2018-06-12"}}, {"type": "Feature", "geometry": {"type": "MultiPolygon", "coordinates": [[[[3.4013608, 45.148539], [3.4012933, 45.1486027], [3.4011776, 45.1485273], [3.4012627, 45.1484699], [3.4013608, 45.148539]]]]}, "properties": {"type": "01", "nom": null, "commune": "43118", "created": "2014-08-08", "updated": "2018-06-12"}}, {"type": "Feature", "geometry": {"type": "MultiPolygon", "coordinates": [[[[3.4044718, 45.1455837], [3.4045232, 45.1456288], [3.4045453, 45.1456162], [3.4045692, 45.1456373], [3.4045471, 45.1456501], [3.4045593, 45.1456608], [3.4045382, 45.1456763], [3.4044916, 45.1457107], [3.4044786, 45.1457183], [3.4043837, 45.1456312], [3.4044718, 45.1455837]]]]}, "properties": {"type": "01", "nom": null, "commune": "43175", "created": "2015-01-14", "updated": "2018-06-12"}}, {"type": "Feature", "geometry": {"type": "MultiPolygon", "coordinates": [[[[3.383422, 45.1572032], [3.3835217, 45.1572958], [3.3834269, 45.1573481], [3.3833595, 45.1572848], [3.383422, 45.1572032]]]]}, "properties": {"type": "01", "nom": null, "commune": "43031", "created": "2014-08-08", "updated": "2018-06-12"}}, {"type": "Feature", "geometry": {"type": "MultiPolygon", "coordinates": [[[[3.4008853, 45.148525], [3.4010134, 45.148463], [3.4010447, 45.1484953], [3.4009706, 45.1485308], [3.4009167, 45.148557], [3.4008853, 45.148525]]]]}, "properties": {"type": "01", "nom": null, "commune": "43118", "created": "2014-08-08", "updated": "2018-06-12"}}, {"type": "Feature", "geometry": {"type": "MultiPolygon", "coordinates": [[[[3.4044198, 45.145538], [3.4043347, 45.1455864], [3.4042202, 45.1454972], [3.404294, 45.1454443], [3.4044198, 45.145538]]]]}, "properties": {"type": "01", "nom": null, "commune": "43175", "created": "2015-01-14", "updated": "2018-06-12"}}, {"type": "Feature", "geometry": {"type": "MultiPolygon", "coordinates": [[[[3.3833889, 45.1571723], [3.383422, 45.1572032], [3.3833595, 45.1572848], [3.3832949, 45.1572245], [3.3833889, 45.1571723]]]]}, "properties": {"type": "01", "nom": null, "commune": "43031", "created": "2014-08-08", "updated": "2018-06-12"}}, {"type": "Feature", "geometry": {"type": "MultiPolygon", "coordinates": [[[[3.4009706, 45.1485308], [3.4010447, 45.1484953], [3.4010984, 45.1485507], [3.4010385, 45.1485974], [3.4009684, 45.1486438], [3.4009134, 45.148611], [3.4009154, 45.1485923], [3.4009928, 45.1485521], [3.4009706, 45.1485308]]]]}, "properties": {"type": "01", "nom": null, "commune": "43118", "created": "2014-08-08", "updated": "2018-06-12"}}, {"type": "Feature", "geometry": {"type": "MultiPolygon", "coordinates": [[[[3.4044675, 45.1455799], [3.4044718, 45.1455837], [3.4043837, 45.1456312], [3.4043347, 45.1455864], [3.4044198, 45.145538], [3.4044277, 45.1455449], [3.4044675, 45.1455799]]]]}, "properties": {"type": "01", "nom": null, "commune": "43175", "created": "2015-01-14", "updated": "2018-06-12"}}, {"type": "Feature", "geometry": {"type": "MultiPolygon", "coordinates": [[[[3.3839598, 45.1570805], [3.3837786, 45.1570201], [3.3838053, 45.1569802], [3.3838407, 45.156992], [3.3840096, 45.1567383], [3.3841553, 45.1567869], [3.3839598, 45.1570805]]]]}, "properties": {"type": "01", "nom": null, "commune": "43031", "created": "2014-08-08", "updated": "2018-06-12"}}, {"type": "Feature", "geometry": {"type": "MultiPolygon", "coordinates": [[[[3.4009684, 45.1486438], [3.4010385, 45.1485974], [3.4010984, 45.1485507], [3.4011969, 45.1486156], [3.4011408, 45.148671], [3.4011015, 45.1486506], [3.4010614, 45.148686], [3.4009684, 45.1486438]]]]}, "properties": {"type": "01", "nom": null, "commune": "43118", "created": "2014-08-08", "updated": "2018-06-12"}}, {"type": "Feature", "geometry": {"type": "MultiPolygon", "coordinates": [[[[3.4044792, 45.1455403], [3.4045952, 45.1455001], [3.40464, 45.145505], [3.4046839, 45.1455371], [3.404503, 45.1455728], [3.4044792, 45.1455403]]]]}, "properties": {"type": "01", "nom": null, "commune": "43175", "created": "2015-01-14", "updated": "2018-06-12"}}, {"type": "Feature", "geometry": {"type": "MultiPolygon", "coordinates": [[[[3.3843459, 45.1569486], [3.3843587, 45.1569134], [3.3843959, 45.1569202], [3.384383, 45.1569559], [3.3843459, 45.1569486]]]]}, "properties": {"type": "01", "nom": null, "commune": "43031", "created": "2014-08-08", "updated": "2018-06-12"}}, {"type": "Feature", "geometry": {"type": "MultiPolygon", "coordinates": [[[[3.4012177, 45.1487649], [3.4011213, 45.1486815], [3.4011408, 45.148671], [3.4011969, 45.1486156], [3.4013313, 45.1486999], [3.4012177, 45.1487649]]]]}, "properties": {"type": "01", "nom": null, "commune": "43118", "created": "2014-08-08", "updated": "2018-06-12"}}, {"type": "Feature", "geometry": {"type": "MultiPolygon", "coordinates": [[[[3.4043827, 45.1454956], [3.4043015, 45.1454388], [3.4043814, 45.1453815], [3.4045187, 45.1454909], [3.4044975, 45.1455045], [3.4044891, 45.1454958], [3.4044761, 45.1455025], [3.4044285, 45.1454657], [3.4043827, 45.1454956]]]]}, "properties": {"type": "01", "nom": null, "commune": "43175", "created": "2015-01-14", "updated": "2018-06-12"}}, {"type": "Feature", "geometry": {"type": "MultiPolygon", "coordinates": [[[[3.3830729, 45.1572903], [3.3829678, 45.1572232], [3.3830216, 45.157181], [3.383127, 45.157248], [3.3830729, 45.1572903]]]]}, "properties": {"type": "03", "nom": null, "commune": "43031", "created": "2025-09-12", "updated": "2025-09-12"}}, {"type": "Feature", "geometry": {"type": "MultiPolygon", "coordinates": [[[[3.4014133, 45.1485806], [3.4013374, 45.1486315], [3.4012933, 45.1486027], [3.4013608, 45.148539], [3.4014133, 45.1485806]]]]}, "properties": {"type": "01", "nom": null, "commune": "43118", "created": "2014-08-08", "updated": "2018-06-12"}}, {"type": "Feature", "geometry": {"type": "MultiPolygon", "coordinates": [[[[3.4045731, 45.1453608], [3.4046399, 45.1454234], [3.4046216, 45.145437], [3.4045523, 45.1453749], [3.4045731, 45.1453608]]]]}, "properties": {"type": "01", "nom": null, "commune": "43175", "created": "2015-01-14", "updated": "2018-06-12"}}, {"type": "Feature", "geometry": {"type": "MultiPolygon", "coordinates": [[[[3.384486, 45.1577643], [3.3845797, 45.1577009], [3.3846697, 45.1577673], [3.3845758, 45.1578308], [3.384486, 45.1577643]]]]}, "properties": {"type": "03", "nom": null, "commune": "43031", "created": "2025-09-12", "updated": "2025-09-12"}}, {"type": "Feature", "geometry": {"type": "MultiPolygon", "coordinates": [[[[3.4015, 45.1486493], [3.4014265, 45.1486898], [3.4013374, 45.1486315], [3.4014133, 45.1485806], [3.4015, 45.1486493]]]]}, "properties": {"type": "01", "nom": null, "commune": "43118", "created": "2014-08-08", "updated": "2018-06-12"}}, {"type": "Feature", "geometry": {"type": "MultiPolygon", "coordinates": [[[[3.4037762, 45.1464672], [3.4039138, 45.1464385], [3.4039435, 45.146516], [3.4038075, 45.1465424], [3.4037762, 45.1464672]]]]}, "properties": {"type": "01", "nom": null, "commune": "43175", "created": "2015-01-14", "updated": "2018-06-12"}}, {"type": "Feature", "geometry": {"type": "MultiPolygon", "coordinates": [[[[3.3859336, 45.157317], [3.3859355, 45.1573189], [3.3859376, 45.1573207], [3.3859399, 45.1573224], [3.3859423, 45.1573239], [3.385945, 45.1573253], [3.3859478, 45.1573264], [3.3859507, 45.1573275], [3.3859538, 45.1573284], [3.3859556, 45.1573287], [3.3859575, 45.1573291], [3.3859593, 45.1573295], [3.3859612, 45.1573296], [3.385963, 45.1573298], [3.3859649, 45.1573299], [3.3859668, 45.1573299], [3.3859686, 45.1573299], [3.385972, 45.1573306], [3.3859753, 45.1573315], [3.3859786, 45.1573324], [3.3859818, 45.1573335], [3.3859849, 45.1573348], [3.3859879, 45.1573361], [3.3859909, 45.1573376], [3.3859936, 45.1573392], [3.3859974, 45.1573416], [3.3860009, 45.1573442], [3.3860041, 45.1573469], [3.386007, 45.1573499], [3.3860094, 45.1573531], [3.3860118, 45.1573563], [3.3860136, 45.1573596], [3.386015, 45.1573631], [3.3860167, 45.1573676], [3.3860176, 45.1573723], [3.3860175, 45.157377], [3.3860168, 45.1573817], [3.3860151, 45.1573863], [3.3860126, 45.1573906], [3.3860095, 45.1573947], [3.3860056, 45.1573985], [3.3860011, 45.1574018], [3.3859963, 45.1574047], [3.385991, 45.1574071], [3.3859851, 45.1574091], [3.3859792, 45.1574106], [3.3859729, 45.1574115], [3.3859666, 45.1574119], [3.3859602, 45.1574117], [3.3859559, 45.1574114], [3.3859516, 45.157411], [3.3859472, 45.1574104], [3.3859431, 45.1574097], [3.3859388, 45.157409], [3.3859346, 45.1574081], [3.3859305, 45.1574073], [3.3859263, 45.1574063], [3.3859215, 45.157405], [3.3859165, 45.1574036], [3.3859118, 45.1574021], [3.3859071, 45.1574005], [3.3859025, 45.1573986], [3.385898, 45.1573967], [3.3858937, 45.1573945], [3.3858896, 45.1573922], [3.3858869, 45.1573904], [3.3858843, 45.1573885], [3.3858818, 45.1573866], [3.3858795, 45.1573846], [3.3858772, 45.1573825], [3.385875, 45.1573803], [3.3858731, 45.1573781], [3.3858711, 45.1573759], [3.3858706, 45.1573748], [3.3858701, 45.1573737], [3.3858688, 45.1573716], [3.3858682, 45.1573706], [3.3858674, 45.1573696], [3.3858651, 45.157367], [3.3858637, 45.1573656], [3.3858623, 45.1573645], [3.3858615, 45.1573638], [3.3858598, 45.1573628], [3.3858554, 45.157361], [3.385853, 45.1573604], [3.3858505, 45.1573601], [3.3858471, 45.1573599], [3.3858404, 45.1573597], [3.385837, 45.1573595], [3.3858336, 45.1573593], [3.3858303, 45.1573592], [3.3858269, 45.157359], [3.3858236, 45.1573588], [3.3858214, 45.1573587], [3.3858191, 45.1573586], [3.3858169, 45.1573584], [3.3858146, 45.1573583], [3.3858125, 45.1573581], [3.3858103, 45.157358], [3.385808, 45.1573577], [3.3858059, 45.1573575], [3.3858024, 45.157357], [3.3857988, 45.1573565], [3.3857954, 45.1573558], [3.3857921, 45.1573551], [3.3857886, 45.1573542], [3.3857853, 45.1573533], [3.385782, 45.1573524], [3.3857783, 45.1573511], [3.3857773, 45.1573504], [3.385773, 45.1573483], [3.3857686, 45.1573463], [3.3857644, 45.1573444], [3.3857603, 45.1573422], [3.3857565, 45.15734], [3.3857528, 45.1573375], [3.3857494, 45.1573349], [3.3857464, 45.157332], [3.3857451, 45.1573306], [3.3857439, 45.1573292], [3.385743, 45.1573277], [3.3857421, 45.1573262], [3.3857414, 45.1573246], [3.3857408, 45.1573231], [3.3857406, 45.1573214], [3.3857406, 45.1573198], [3.3857412, 45.1573175], [3.3857422, 45.1573153], [3.3857431, 45.1573138], [3.3857455, 45.1573106], [3.385747, 45.157309], [3.3857485, 45.1573076], [3.3857503, 45.1573061], [3.3857522, 45.1573049], [3.3857542, 45.1573037], [3.3857562, 45.1573026], [3.3857735, 45.1572993], [3.3857909, 45.1572957], [3.3857924, 45.1572955], [3.3857938, 45.1572952], [3.3857952, 45.157295], [3.3857966, 45.1572948], [3.3857982, 45.1572947], [3.3857996, 45.1572946], [3.3858011, 45.1572945], [3.3858025, 45.1572944], [3.3857986, 45.1572847], [3.3858049, 45.1572806], [3.3858144, 45.1572803], [3.3858238, 45.1572803], [3.3858331, 45.1572807], [3.3858425, 45.1572815], [3.3858517, 45.1572828], [3.3858608, 45.1572844], [3.3858698, 45.1572865], [3.3858784, 45.1572889], [3.3858863, 45.1572914], [3.3858939, 45.1572943], [3.3859011, 45.1572974], [3.3859083, 45.1573008], [3.3859151, 45.1573044], [3.3859216, 45.1573083], [3.3859277, 45.1573125], [3.3859336, 45.157317]]]]}, "properties": {"type": "01", "nom": null, "commune": "43031", "created": "2018-11-30", "updated": "2018-11-30"}}, {"type": "Feature", "geometry": {"type": "MultiPolygon", "coordinates": [[[[3.4015511, 45.1486897], [3.4014791, 45.1487241], [3.4014265, 45.1486898], [3.4015, 45.1486493], [3.4015511, 45.1486897]]]]}, "properties": {"type": "01", "nom": null, "commune": "43118", "created": "2014-08-08", "updated": "2018-06-12"}}, {"type": "Feature", "geometry": {"type": "MultiPolygon", "coordinates": [[[[3.4042245, 45.1463416], [3.4042119, 45.1463217], [3.4042537, 45.1463129], [3.4042639, 45.1463292], [3.4042245, 45.1463416]]]]}, "properties": {"type": "01", "nom": null, "commune": "43175", "created": "2015-01-14", "updated": "2018-06-12"}}, {"type": "Feature", "geometry": {"type": "MultiPolygon", "coordinates": [[[[3.385711, 45.1563788], [3.3856931, 45.1563663], [3.3857323, 45.1563396], [3.3857503, 45.1563508], [3.385711, 45.1563788]]]]}, "properties": {"type": "02", "nom": null, "commune": "43031", "created": "2014-08-08", "updated": "2018-06-12"}}, {"type": "Feature", "geometry": {"type": "MultiPolygon", "coordinates": [[[[3.4016742, 45.148764], [3.4016369, 45.1488066], [3.401536, 45.1487612], [3.4014791, 45.1487241], [3.4015511, 45.1486897], [3.4016742, 45.148764]]]]}, "properties": {"type": "01", "nom": null, "commune": "43118", "created": "2014-08-08", "updated": "2018-06-12"}}, {"type": "Feature", "geometry": {"type": "MultiPolygon", "coordinates": [[[[3.4045293, 45.1462276], [3.4045501, 45.1462807], [3.4045444, 45.1462834], [3.4045195, 45.1462334], [3.4045293, 45.1462276]]]]}, "properties": {"type": "01", "nom": null, "commune": "43175", "created": "2015-01-14", "updated": "2018-06-12"}}, {"type": "Feature", "geometry": {"type": "MultiPolygon", "coordinates": [[[[3.3857986, 45.1572847], [3.3858025, 45.1572944], [3.3858011, 45.1572945], [3.3857996, 45.1572946], [3.3857982, 45.1572947], [3.3857966, 45.1572948], [3.3857952, 45.157295], [3.3857938, 45.1572952], [3.3857924, 45.1572955], [3.3857909, 45.1572957], [3.3857735, 45.1572993], [3.3857562, 45.1573026], [3.3857542, 45.1573037], [3.3857522, 45.1573049], [3.3857503, 45.1573061], [3.3857485, 45.1573076], [3.385747, 45.157309], [3.3857455, 45.1573106], [3.3857431, 45.1573138], [3.3857422, 45.1573153], [3.3857412, 45.1573175], [3.3857406, 45.1573198], [3.3857406, 45.1573214], [3.3857408, 45.1573231], [3.3857414, 45.1573246], [3.3857421, 45.1573262], [3.385743, 45.1573277], [3.3857439, 45.1573292], [3.3857451, 45.1573306], [3.3857464, 45.157332], [3.3857494, 45.1573349], [3.3857528, 45.1573375], [3.3857565, 45.15734], [3.3857603, 45.1573422], [3.3857644, 45.1573444], [3.3857686, 45.1573463], [3.385773, 45.1573483], [3.3857773, 45.1573504], [3.3857609, 45.1573594], [3.3857206, 45.1573469], [3.3857136, 45.1573214], [3.385753, 45.1572973], [3.3857986, 45.1572847]]]]}, "properties": {"type": "02", "nom": null, "commune": "43031", "created": "2018-11-30", "updated": "2018-11-30"}}, {"type": "Feature", "geometry": {"type": "MultiPolygon", "coordinates": [[[[3.4016369, 45.1488066], [3.4016742, 45.148764], [3.4017699, 45.1487961], [3.4017296, 45.1488479], [3.4016369, 45.1488066]]]]}, "properties": {"type": "01", "nom": null, "commune": "43118", "created": "2014-08-08", "updated": "2018-06-12"}}, {"type": "Feature", "geometry": {"type": "MultiPolygon", "coordinates": [[[[3.4035535, 45.1461979], [3.4035588, 45.1461775], [3.4035773, 45.14618], [3.4035721, 45.1462003], [3.4035535, 45.1461979]]]]}, "properties": {"type": "01", "nom": null, "commune": "43175", "created": "2016-05-20", "updated": "2018-06-12"}}, {"type": "Feature", "geometry": {"type": "MultiPolygon", "coordinates": [[[[3.3858236, 45.1573588], [3.3858269, 45.157359], [3.3858303, 45.1573592], [3.3858336, 45.1573593], [3.385837, 45.1573595], [3.3858404, 45.1573597], [3.3858471, 45.1573599], [3.3858505, 45.1573601], [3.385853, 45.1573604], [3.3858554, 45.157361], [3.3858598, 45.1573628], [3.3858615, 45.1573638], [3.3858623, 45.1573645], [3.3858637, 45.1573656], [3.3858651, 45.157367], [3.3858674, 45.1573696], [3.3858682, 45.1573706], [3.3858688, 45.1573716], [3.3858701, 45.1573737], [3.3858706, 45.1573748], [3.3858711, 45.1573759], [3.3858573, 45.1573757], [3.3858348, 45.1573671], [3.3858236, 45.1573588]]]]}, "properties": {"type": "02", "nom": null, "commune": "43031", "created": "2018-11-30", "updated": "2018-11-30"}}, {"type": "Feature", "geometry": {"type": "MultiPolygon", "coordinates": [[[[3.4017745, 45.1488592], [3.4017296, 45.1488479], [3.4017699, 45.1487961], [3.4018058, 45.1488103], [3.4018407, 45.1488258], [3.4018744, 45.1488426], [3.4018956, 45.1488544], [3.4019009, 45.1488627], [3.4018975, 45.1488706], [3.4018969, 45.1488734], [3.4017745, 45.1488592]]]]}, "properties": {"type": "01", "nom": null, "commune": "43118", "created": "2014-08-08", "updated": "2018-06-12"}}, {"type": "Feature", "geometry": {"type": "MultiPolygon", "coordinates": [[[[3.4039927, 45.1464337], [3.4039105, 45.1463873], [3.4039525, 45.1463791], [3.4039828, 45.1463733], [3.4040151, 45.1463915], [3.4040306, 45.1464002], [3.4039927, 45.1464337]]]]}, "properties": {"type": "01", "nom": null, "commune": "43175", "created": "2016-05-20", "updated": "2018-06-12"}}, {"type": "Feature", "geometry": {"type": "MultiPolygon", "coordinates": [[[[3.391576, 45.152052], [3.3915267, 45.1521287], [3.3912842, 45.1520534], [3.3913354, 45.1519747], [3.391576, 45.152052]]]]}, "properties": {"type": "01", "nom": null, "commune": "43031", "created": "2014-08-08", "updated": "2018-06-12"}}, {"type": "Feature", "geometry": {"type": "MultiPolygon", "coordinates": [[[[3.401176, 45.148787], [3.4012177, 45.1487649], [3.4013313, 45.1486999], [3.4013915, 45.1487434], [3.401276, 45.1488025], [3.4012312, 45.1488255], [3.401176, 45.148787]]]]}, "properties": {"type": "01", "nom": null, "commune": "43118", "created": "2014-08-08", "updated": "2018-06-12"}}, {"type": "Feature", "geometry": {"type": "MultiPolygon", "coordinates": [[[[3.4034596, 45.1459076], [3.4034698, 45.1458909], [3.4035102, 45.1459032], [3.4035029, 45.1459207], [3.4034596, 45.1459076]]]]}, "properties": {"type": "02", "nom": null, "commune": "43175", "created": "2016-05-20", "updated": "2018-06-12"}}, {"type": "Feature", "geometry": {"type": "MultiPolygon", "coordinates": [[[[3.3908992, 45.151908], [3.3908517, 45.1519709], [3.3907083, 45.1519199], [3.3907551, 45.1518588], [3.3908992, 45.151908]]]]}, "properties": {"type": "01", "nom": null, "commune": "43031", "created": "2014-08-08", "updated": "2018-06-12"}}, {"type": "Feature", "geometry": {"type": "MultiPolygon", "coordinates": [[[[3.4014614, 45.148794], [3.4013569, 45.1488537], [3.401276, 45.1488025], [3.4013915, 45.1487434], [3.4014614, 45.148794]]]]}, "properties": {"type": "01", "nom": null, "commune": "43118", "created": "2014-08-08", "updated": "2018-06-12"}}, {"type": "Feature", "geometry": {"type": "MultiPolygon", "coordinates": [[[[3.4039686, 45.1460514], [3.4040101, 45.1460474], [3.4040045, 45.1460715], [3.4039737, 45.1460674], [3.4039686, 45.1460514]]]]}, "properties": {"type": "02", "nom": null, "commune": "43175", "created": "2016-05-20", "updated": "2018-06-12"}}, {"type": "Feature", "geometry": {"type": "MultiPolygon", "coordinates": [[[[3.360779, 45.1432244], [3.3607124, 45.1432795], [3.3606455, 45.1432391], [3.3607118, 45.1431839], [3.360779, 45.1432244]]]]}, "properties": {"type": "03", "nom": null, "commune": "43175", "created": "2025-09-12", "updated": "2025-09-12"}}, {"type": "Feature", "geometry": {"type": "MultiPolygon", "coordinates": [[[[3.3912571, 45.1520166], [3.3912345, 45.1520352], [3.3911699, 45.1519959], [3.3911924, 45.1519773], [3.3912571, 45.1520166]]]]}, "properties": {"type": "02", "nom": null, "commune": "43031", "created": "2014-08-08", "updated": "2018-06-12"}}, {"type": "Feature", "geometry": {"type": "MultiPolygon", "coordinates": [[[[3.4015096, 45.1488289], [3.4013905, 45.1489184], [3.401336, 45.1488779], [3.40134, 45.1488633], [3.4013569, 45.1488537], [3.4014614, 45.148794], [3.4015096, 45.1488289]]]]}, "properties": {"type": "01", "nom": null, "commune": "43118", "created": "2014-08-08", "updated": "2018-06-12"}}, {"type": "Feature", "geometry": {"type": "MultiPolygon", "coordinates": [[[[3.3903799, 45.1518511], [3.3903778, 45.1518206], [3.3905331, 45.1518081], [3.3905174, 45.1518816], [3.3903819, 45.1518813], [3.3903799, 45.1518511]]]]}, "properties": {"type": "01", "nom": null, "commune": "43031", "created": "2014-08-08", "updated": "2018-06-12"}}, {"type": "Feature", "geometry": {"type": "MultiPolygon", "coordinates": [[[[3.4015815, 45.1488672], [3.4014968, 45.1489225], [3.4014576, 45.1489042], [3.4014187, 45.1489412], [3.4013867, 45.1489213], [3.4013905, 45.1489184], [3.4015096, 45.1488289], [3.4015359, 45.1488461], [3.4015815, 45.1488672]]]]}, "properties": {"type": "01", "nom": null, "commune": "43118", "created": "2014-08-08", "updated": "2018-06-12"}}, {"type": "Feature", "geometry": {"type": "MultiPolygon", "coordinates": [[[[3.341821, 45.1365484], [3.3419297, 45.1365304], [3.3420138, 45.1367545], [3.3419031, 45.1367753], [3.341821, 45.1365484]]]]}, "properties": {"type": "01", "nom": null, "commune": "43175", "created": "2015-01-14", "updated": "2018-06-12"}}, {"type": "Feature", "geometry": {"type": "MultiPolygon", "coordinates": [[[[3.3903778, 45.1518206], [3.3903799, 45.1518511], [3.3903245, 45.1518567], [3.390322, 45.151834], [3.3903713, 45.1518211], [3.3903778, 45.1518206]]]]}, "properties": {"type": "01", "nom": null, "commune": "43031", "created": "2014-08-08", "updated": "2018-06-12"}}, {"type": "Feature", "geometry": {"type": "MultiPolygon", "coordinates": [[[[3.4018506, 45.1475666], [3.4018942, 45.1475702], [3.4018887, 45.1476023], [3.4018443, 45.1475986], [3.4018506, 45.1475666]]]]}, "properties": {"type": "01", "nom": null, "commune": "43118", "created": "2014-08-08", "updated": "2018-06-12"}}, {"type": "Feature", "geometry": {"type": "MultiPolygon", "coordinates": [[[[3.3736002, 45.1360978], [3.3736293, 45.1360701], [3.3736746, 45.1360941], [3.3736454, 45.1361217], [3.3736002, 45.1360978]]]]}, "properties": {"type": "01", "nom": null, "commune": "43175", "created": "2015-01-14", "updated": "2018-06-12"}}, {"type": "Feature", "geometry": {"type": "MultiPolygon", "coordinates": [[[[3.3903245, 45.1518567], [3.3903799, 45.1518511], [3.3903819, 45.1518813], [3.3903282, 45.1518918], [3.3903245, 45.1518567]]]]}, "properties": {"type": "01", "nom": null, "commune": "43031", "created": "2014-08-08", "updated": "2018-06-12"}}, {"type": "Feature", "geometry": {"type": "MultiPolygon", "coordinates": [[[[3.4022457, 45.1479598], [3.4022303, 45.1480359], [3.4020994, 45.1480246], [3.4021182, 45.1479457], [3.4021238, 45.147946], [3.4022457, 45.1479598]]]]}, "properties": {"type": "01", "nom": null, "commune": "43118", "created": "2014-08-08", "updated": "2018-06-12"}}, {"type": "Feature", "geometry": {"type": "MultiPolygon", "coordinates": [[[[3.3826864, 45.1368283], [3.3827349, 45.1368922], [3.3827247, 45.1368965], [3.3827364, 45.1369114], [3.3828009, 45.136994], [3.3827065, 45.1370315], [3.3825799, 45.1368702], [3.3826864, 45.1368283]]]]}, "properties": {"type": "01", "nom": null, "commune": "43175", "created": "2015-01-14", "updated": "2018-06-12"}}, {"type": "Feature", "geometry": {"type": "MultiPolygon", "coordinates": [[[[3.390322, 45.151834], [3.3903245, 45.1518567], [3.3903282, 45.1518918], [3.3902461, 45.1518996], [3.3902416, 45.1518553], [3.390322, 45.151834]]]]}, "properties": {"type": "01", "nom": null, "commune": "43031", "created": "2014-08-08", "updated": "2018-06-12"}}, {"type": "Feature", "geometry": {"type": "MultiPolygon", "coordinates": [[[[3.4023455, 45.147971], [3.402378, 45.1479747], [3.4023634, 45.1480473], [3.4022303, 45.1480359], [3.4022457, 45.1479598], [3.4023455, 45.147971]]]]}, "properties": {"type": "01", "nom": null, "commune": "43118", "created": "2014-08-08", "updated": "2018-06-12"}}, {"type": "Feature", "geometry": {"type": "MultiPolygon", "coordinates": [[[[3.3831151, 45.1369271], [3.3831568, 45.1368475], [3.383693, 45.1369864], [3.3836505, 45.1370674], [3.3831151, 45.1369271]]]]}, "properties": {"type": "01", "nom": null, "commune": "43175", "created": "2015-01-14", "updated": "2018-06-12"}}, {"type": "Feature", "geometry": {"type": "MultiPolygon", "coordinates": [[[[3.3902461, 45.1518996], [3.3902513, 45.1519486], [3.3901648, 45.1519452], [3.3901622, 45.1518763], [3.3902416, 45.1518553], [3.3902461, 45.1518996]]]]}, "properties": {"type": "01", "nom": null, "commune": "43031", "created": "2014-08-08", "updated": "2018-06-12"}}, {"type": "Feature", "geometry": {"type": "MultiPolygon", "coordinates": [[[[3.4023935, 45.1479183], [3.4023594, 45.1479142], [3.4023455, 45.147971], [3.4022457, 45.1479598], [3.4021238, 45.147946], [3.4021259, 45.1479412], [3.4021514, 45.1479302], [3.4021758, 45.1479182], [3.402199, 45.1479047], [3.4022206, 45.1478901], [3.4022406, 45.1478744], [3.4022627, 45.1478542], [3.4023667, 45.1479042], [3.4023962, 45.1479103], [3.4023935, 45.1479183]]]]}, "properties": {"type": "01", "nom": null, "commune": "43118", "created": "2014-08-08", "updated": "2018-06-12"}}, {"type": "Feature", "geometry": {"type": "MultiPolygon", "coordinates": [[[[3.3831801, 45.1368046], [3.3832226, 45.1367224], [3.3836803, 45.1368412], [3.3836376, 45.1369234], [3.3831801, 45.1368046]]]]}, "properties": {"type": "01", "nom": null, "commune": "43175", "created": "2015-01-14", "updated": "2018-06-12"}}, {"type": "Feature", "geometry": {"type": "MultiPolygon", "coordinates": [[[[3.3902502, 45.1520409], [3.3901737, 45.15204], [3.3901779, 45.151989], [3.3902522, 45.1519911], [3.3902502, 45.1520409]]]]}, "properties": {"type": "01", "nom": null, "commune": "43031", "created": "2014-08-08", "updated": "2018-06-12"}}, {"type": "Feature", "geometry": {"type": "MultiPolygon", "coordinates": [[[[3.402378, 45.1479747], [3.4023455, 45.147971], [3.4023594, 45.1479142], [3.4023935, 45.1479183], [3.4024533, 45.1479233], [3.4024377, 45.147982], [3.4024032, 45.1479778], [3.402378, 45.1479747]]]]}, "properties": {"type": "01", "nom": null, "commune": "43118", "created": "2014-08-08", "updated": "2018-06-12"}}, {"type": "Feature", "geometry": {"type": "MultiPolygon", "coordinates": [[[[3.3834042, 45.1367416], [3.3834392, 45.1366739], [3.3836297, 45.136723], [3.3835947, 45.1367908], [3.3834042, 45.1367416]]]]}, "properties": {"type": "01", "nom": null, "commune": "43175", "created": "2015-01-14", "updated": "2018-06-12"}}, {"type": "Feature", "geometry": {"type": "MultiPolygon", "coordinates": [[[[3.3897527, 45.1519247], [3.3898465, 45.1518733], [3.3898922, 45.1519117], [3.3898125, 45.1519591], [3.3897527, 45.1519247]]]]}, "properties": {"type": "01", "nom": null, "commune": "43031", "created": "2014-08-08", "updated": "2018-06-12"}}, {"type": "Feature", "geometry": {"type": "MultiPolygon", "coordinates": [[[[3.4024723, 45.1479266], [3.4025777, 45.1479311], [3.4025793, 45.1479958], [3.4025696, 45.1479967], [3.4025605, 45.1479991], [3.4025523, 45.1480028], [3.4025454, 45.1480077], [3.4025397, 45.1480145], [3.4024438, 45.1479955], [3.4024377, 45.147982], [3.4024533, 45.1479233], [3.4024726, 45.1479248], [3.4024723, 45.1479266]]]]}, "properties": {"type": "01", "nom": null, "commune": "43118", "created": "2014-08-08", "updated": "2018-06-12"}}, {"type": "Feature", "geometry": {"type": "MultiPolygon", "coordinates": [[[[3.3827466, 45.1369076], [3.3827364, 45.1369114], [3.3827247, 45.1368965], [3.3827349, 45.1368922], [3.3827466, 45.1369076]]]]}, "properties": {"type": "02", "nom": null, "commune": "43175", "created": "2015-01-14", "updated": "2018-06-12"}}, {"type": "Feature", "geometry": {"type": "MultiPolygon", "coordinates": [[[[3.3897761, 45.1519909], [3.3898125, 45.1519591], [3.3898975, 45.1519954], [3.3898702, 45.1520386], [3.3897229, 45.151997], [3.3897449, 45.1519747], [3.3897761, 45.1519909]]]]}, "properties": {"type": "01", "nom": null, "commune": "43031", "created": "2014-08-08", "updated": "2018-06-12"}}, {"type": "Feature", "geometry": {"type": "MultiPolygon", "coordinates": [[[[3.4025793, 45.1479958], [3.4025903, 45.1479958], [3.402601, 45.1479974], [3.402611, 45.1480004], [3.40262, 45.1480047], [3.4026276, 45.1480103], [3.4026334, 45.1480167], [3.4026375, 45.1480239], [3.4026395, 45.1480315], [3.4026396, 45.1480334], [3.4026393, 45.148039], [3.4026371, 45.1480465], [3.4026328, 45.1480536], [3.4026266, 45.1480598], [3.4026187, 45.148065], [3.4026097, 45.1480691], [3.4025997, 45.1480719], [3.402589, 45.1480731], [3.4025782, 45.1480728], [3.4025678, 45.148071], [3.4025579, 45.1480678], [3.4025493, 45.1480633], [3.4025421, 45.1480576], [3.4025366, 45.148051], [3.402533, 45.1480438], [3.4025315, 45.1480363], [3.4025321, 45.1480286], [3.402535, 45.1480213], [3.4025397, 45.1480145], [3.4025454, 45.1480077], [3.4025523, 45.1480028], [3.4025605, 45.1479991], [3.4025696, 45.1479967], [3.4025793, 45.1479958]]]]}, "properties": {"type": "01", "nom": null, "commune": "43118", "created": "2014-08-08", "updated": "2018-06-12"}}, {"type": "Feature", "geometry": {"type": "MultiPolygon", "coordinates": [[[[3.3827349, 45.1368922], [3.3826864, 45.1368283], [3.382705, 45.1368209], [3.3827541, 45.1368842], [3.3827349, 45.1368922]]]]}, "properties": {"type": "02", "nom": null, "commune": "43175", "created": "2015-01-14", "updated": "2018-06-12"}}, {"type": "Feature", "geometry": {"type": "MultiPolygon", "coordinates": [[[[3.3898529, 45.1516233], [3.3898867, 45.1516096], [3.3899058, 45.1516319], [3.3899367, 45.1516187], [3.3899479, 45.1516139], [3.3899955, 45.1516582], [3.3899781, 45.1516616], [3.3899321, 45.1516707], [3.3898702, 45.1516831], [3.3898643, 45.1516397], [3.3898529, 45.1516233]]]]}, "properties": {"type": "01", "nom": null, "commune": "43031", "created": "2014-08-08", "updated": "2018-06-12"}}, {"type": "Feature", "geometry": {"type": "MultiPolygon", "coordinates": [[[[3.4027053, 45.1479319], [3.402711, 45.1480305], [3.4026396, 45.1480334], [3.4026395, 45.1480315], [3.4026375, 45.1480239], [3.4026334, 45.1480167], [3.4026276, 45.1480103], [3.40262, 45.1480047], [3.402611, 45.1480004], [3.402601, 45.1479974], [3.4025903, 45.1479958], [3.4025793, 45.1479958], [3.4025777, 45.1479311], [3.4027053, 45.1479319]]]]}, "properties": {"type": "01", "nom": null, "commune": "43118", "created": "2014-08-08", "updated": "2018-06-12"}}, {"type": "Feature", "geometry": {"type": "MultiPolygon", "coordinates": [[[[3.3798251, 45.1402705], [3.3798454, 45.1401902], [3.3802811, 45.1402453], [3.3802737, 45.1402743], [3.3802142, 45.1402747], [3.3801968, 45.1403209], [3.3799908, 45.1402937], [3.3798251, 45.1402705]]]]}, "properties": {"type": "01", "nom": null, "commune": "43175", "created": "2015-01-14", "updated": "2018-06-12"}}, {"type": "Feature", "geometry": {"type": "MultiPolygon", "coordinates": [[[[3.3899802, 45.1514725], [3.3900751, 45.1514315], [3.390113, 45.1514821], [3.3900538, 45.1515085], [3.3900872, 45.151553], [3.390059, 45.1515655], [3.3900009, 45.1515912], [3.389989, 45.1515965], [3.3899213, 45.1515067], [3.3899853, 45.1514791], [3.3899802, 45.1514725]]]]}, "properties": {"type": "01", "nom": null, "commune": "43031", "created": "2014-08-08", "updated": "2018-06-12"}}, {"type": "Feature", "geometry": {"type": "MultiPolygon", "coordinates": [[[[3.402711, 45.1480305], [3.4027053, 45.1479319], [3.4028141, 45.1479326], [3.4028151, 45.1480263], [3.402711, 45.1480305]]]]}, "properties": {"type": "01", "nom": null, "commune": "43118", "created": "2014-08-08", "updated": "2018-06-12"}}, {"type": "Feature", "geometry": {"type": "MultiPolygon", "coordinates": [[[[3.3796966, 45.1400803], [3.3796628, 45.1401539], [3.3795719, 45.1401371], [3.3796021, 45.1400598], [3.3796966, 45.1400803]]]]}, "properties": {"type": "01", "nom": null, "commune": "43175", "created": "2015-01-14", "updated": "2018-06-12"}}, {"type": "Feature", "geometry": {"type": "MultiPolygon", "coordinates": [[[[3.3900593, 45.1513872], [3.3900734, 45.1513809], [3.3900585, 45.1513621], [3.3901061, 45.1513269], [3.3901546, 45.1513624], [3.3901959, 45.1513926], [3.3901505, 45.1514479], [3.3901113, 45.1514282], [3.3900834, 45.151409], [3.3900593, 45.1513872]]]]}, "properties": {"type": "01", "nom": null, "commune": "43031", "created": "2014-08-08", "updated": "2018-06-12"}}, {"type": "Feature", "geometry": {"type": "MultiPolygon", "coordinates": [[[[3.4028151, 45.1480263], [3.4028141, 45.1479326], [3.4030336, 45.1479463], [3.4030396, 45.1479149], [3.4031218, 45.147922], [3.4031299, 45.1478752], [3.4032085, 45.1478819], [3.4032062, 45.1479035], [3.4031735, 45.1479943], [3.4031849, 45.1479959], [3.4031942, 45.1479989], [3.4032023, 45.1480032], [3.4032091, 45.1480087], [3.403214, 45.148015], [3.403217, 45.1480219], [3.4032179, 45.1480291], [3.4032166, 45.1480363], [3.4032132, 45.1480431], [3.4032079, 45.1480493], [3.4032009, 45.1480546], [3.4031924, 45.1480587], [3.4031891, 45.1480597], [3.4031796, 45.1480619], [3.4031696, 45.1480624], [3.4031596, 45.1480616], [3.4031502, 45.1480592], [3.4031416, 45.1480553], [3.4031345, 45.1480504], [3.403129, 45.1480445], [3.4031254, 45.1480378], [3.4031238, 45.1480308], [3.4031244, 45.1480238], [3.4029974, 45.148031], [3.4028151, 45.1480263]]]]}, "properties": {"type": "01", "nom": null, "commune": "43118", "created": "2014-08-08", "updated": "2018-06-12"}}, {"type": "Feature", "geometry": {"type": "MultiPolygon", "coordinates": [[[[3.3794518, 45.1401701], [3.3794694, 45.140122], [3.3794884, 45.1400764], [3.3795464, 45.1400902], [3.3795047, 45.1402198], [3.3793883, 45.1401877], [3.3793954, 45.1401637], [3.3793966, 45.1401596], [3.3794518, 45.1401701]]]]}, "properties": {"type": "01", "nom": null, "commune": "43175", "created": "2015-01-14", "updated": "2018-06-12"}}, {"type": "Feature", "geometry": {"type": "MultiPolygon", "coordinates": [[[[3.3896499, 45.1514413], [3.3896635, 45.1514319], [3.3897161, 45.1513958], [3.3898018, 45.1514639], [3.3897303, 45.1515004], [3.3896499, 45.1514413]]]]}, "properties": {"type": "01", "nom": null, "commune": "43031", "created": "2014-08-08", "updated": "2018-06-12"}}, {"type": "Feature", "geometry": {"type": "MultiPolygon", "coordinates": [[[[3.4032341, 45.1477329], [3.4032144, 45.1477165], [3.4032135, 45.1477003], [3.4032171, 45.1476891], [3.4032296, 45.1476761], [3.4032376, 45.1476718], [3.403246, 45.1476693], [3.403255, 45.1476683], [3.4032641, 45.1476689], [3.4032727, 45.1476709], [3.4032804, 45.1476743], [3.4032868, 45.1476789], [3.4032914, 45.1476844], [3.4032942, 45.1476906], [3.4032946, 45.1476928], [3.4032913, 45.1477115], [3.403285, 45.1477382], [3.4032341, 45.1477329]]]]}, "properties": {"type": "01", "nom": null, "commune": "43118", "created": "2014-08-08", "updated": "2018-06-12"}}, {"type": "Feature", "geometry": {"type": "MultiPolygon", "coordinates": [[[[3.3794122, 45.1401117], [3.3794694, 45.140122], [3.3794518, 45.1401701], [3.3793966, 45.1401596], [3.3794122, 45.1401117]]]]}, "properties": {"type": "01", "nom": null, "commune": "43175", "created": "2015-01-14", "updated": "2018-06-12"}}, {"type": "Feature", "geometry": {"type": "MultiPolygon", "coordinates": [[[[3.3896609, 45.151532], [3.3896877, 45.1515139], [3.3897318, 45.1515211], [3.3897895, 45.1515679], [3.3897395, 45.1515983], [3.3896797, 45.1515516], [3.3896609, 45.151532]]]]}, "properties": {"type": "01", "nom": null, "commune": "43031", "created": "2014-08-08", "updated": "2018-06-12"}}, {"type": "Feature", "geometry": {"type": "MultiPolygon", "coordinates": [[[[3.4030022, 45.1476725], [3.4029916, 45.1477303], [3.4028641, 45.1477193], [3.4028848, 45.1476159], [3.4029581, 45.1476233], [3.4029522, 45.1476661], [3.4030022, 45.1476725]]]]}, "properties": {"type": "01", "nom": null, "commune": "43118", "created": "2014-08-08", "updated": "2018-06-12"}}, {"type": "Feature", "geometry": {"type": "MultiPolygon", "coordinates": [[[[3.3793132, 45.1400646], [3.3794109, 45.1400916], [3.3794028, 45.140109], [3.379379, 45.1401587], [3.3792872, 45.1401308], [3.3793089, 45.1400755], [3.3793132, 45.1400646]]]]}, "properties": {"type": "01", "nom": null, "commune": "43175", "created": "2015-01-14", "updated": "2018-06-12"}}, {"type": "Feature", "geometry": {"type": "MultiPolygon", "coordinates": [[[[3.3904224, 45.1513021], [3.3904214, 45.1513622], [3.3903487, 45.151365], [3.3903378, 45.1513078], [3.3904224, 45.1513021]]]]}, "properties": {"type": "01", "nom": null, "commune": "43031", "created": "2014-08-08", "updated": "2018-06-12"}}, {"type": "Feature", "geometry": {"type": "MultiPolygon", "coordinates": [[[[3.4030022, 45.1476725], [3.4029522, 45.1476661], [3.4029581, 45.1476233], [3.4030103, 45.1476287], [3.4030022, 45.1476725]]]]}, "properties": {"type": "01", "nom": null, "commune": "43118", "created": "2014-08-08", "updated": "2018-06-12"}}, {"type": "Feature", "geometry": {"type": "MultiPolygon", "coordinates": [[[[3.3793425, 45.1399984], [3.3794443, 45.1400194], [3.3794109, 45.1400916], [3.3793132, 45.1400646], [3.3793346, 45.1400104], [3.3793425, 45.1399984]]]]}, "properties": {"type": "01", "nom": null, "commune": "43175", "created": "2015-01-14", "updated": "2018-06-12"}}, {"type": "Feature", "geometry": {"type": "MultiPolygon", "coordinates": [[[[3.3904312, 45.1513015], [3.3904224, 45.1513021], [3.3903378, 45.1513078], [3.3903291, 45.1512616], [3.3904183, 45.1512556], [3.3904312, 45.1513015]]]]}, "properties": {"type": "01", "nom": null, "commune": "43031", "created": "2014-08-08", "updated": "2018-06-12"}}, {"type": "Feature", "geometry": {"type": "MultiPolygon", "coordinates": [[[[3.4029581, 45.1476233], [3.4028848, 45.1476159], [3.4028852, 45.1476131], [3.4024525, 45.1475729], [3.4024594, 45.1475689], [3.4023484, 45.1475579], [3.4023548, 45.1475232], [3.4022064, 45.1475096], [3.4021997, 45.1475089], [3.4022162, 45.1474325], [3.4023169, 45.1474405], [3.4023163, 45.1474444], [3.4029269, 45.1475014], [3.4029277, 45.1474972], [3.4030297, 45.1475066], [3.4030288, 45.1475109], [3.4030321, 45.1475112], [3.4030103, 45.1476287], [3.4029581, 45.1476233]]]]}, "properties": {"type": "01", "nom": null, "commune": "43118", "created": "2014-08-08", "updated": "2018-06-12"}}, {"type": "Feature", "geometry": {"type": "MultiPolygon", "coordinates": [[[[3.3793089, 45.1400755], [3.3792801, 45.1400681], [3.3793045, 45.1400033], [3.3793207, 45.1400067], [3.3793346, 45.1400104], [3.3793132, 45.1400646], [3.3793089, 45.1400755]]]]}, "properties": {"type": "01", "nom": null, "commune": "43175", "created": "2015-01-14", "updated": "2018-06-12"}}, {"type": "Feature", "geometry": {"type": "MultiPolygon", "coordinates": [[[[3.3903675, 45.1512072], [3.3903226, 45.1512079], [3.3903247, 45.1511646], [3.3903662, 45.151164], [3.3903675, 45.1512072]]]]}, "properties": {"type": "01", "nom": null, "commune": "43031", "created": "2014-08-08", "updated": "2018-06-12"}}, {"type": "Feature", "geometry": {"type": "MultiPolygon", "coordinates": [[[[3.4023484, 45.1475579], [3.4022816, 45.1475826], [3.4022782, 45.1475773], [3.4022674, 45.147563], [3.4022547, 45.1475495], [3.4022403, 45.1475368], [3.4022242, 45.1475252], [3.4022067, 45.1475147], [3.4022064, 45.1475096], [3.4023548, 45.1475232], [3.4023484, 45.1475579]]]]}, "properties": {"type": "01", "nom": null, "commune": "43118", "created": "2014-08-08", "updated": "2018-06-12"}}, {"type": "Feature", "geometry": {"type": "MultiPolygon", "coordinates": [[[[3.3792017, 45.1400477], [3.3792218, 45.1400053], [3.3792308, 45.139986], [3.3792433, 45.1399891], [3.3793045, 45.1400033], [3.3792801, 45.1400681], [3.3792017, 45.1400477]]]]}, "properties": {"type": "01", "nom": null, "commune": "43175", "created": "2015-01-14", "updated": "2018-06-12"}}, {"type": "Feature", "geometry": {"type": "MultiPolygon", "coordinates": [[[[3.3901984, 45.151129], [3.3902928, 45.1511859], [3.3902869, 45.1512457], [3.3902444, 45.1512632], [3.3902179, 45.1512441], [3.3901533, 45.1511971], [3.3901203, 45.1511733], [3.3901984, 45.151129]]]]}, "properties": {"type": "01", "nom": null, "commune": "43031", "created": "2014-08-08", "updated": "2018-06-12"}}, {"type": "Feature", "geometry": {"type": "MultiPolygon", "coordinates": [[[[3.4024525, 45.1475729], [3.4024484, 45.147591], [3.4024661, 45.1476366], [3.4023096, 45.1476465], [3.4023027, 45.1476253], [3.4022936, 45.1476045], [3.4022816, 45.1475826], [3.4023484, 45.1475579], [3.4024594, 45.1475689], [3.4024525, 45.1475729]]]]}, "properties": {"type": "01", "nom": null, "commune": "43118", "created": "2014-08-08", "updated": "2018-06-12"}}, {"type": "Feature", "geometry": {"type": "MultiPolygon", "coordinates": [[[[3.3792218, 45.1400053], [3.3792017, 45.1400477], [3.3791886, 45.1400786], [3.379095, 45.1400432], [3.3791317, 45.1399808], [3.3792218, 45.1400053]]]]}, "properties": {"type": "01", "nom": null, "commune": "43175", "created": "2015-01-14", "updated": "2018-06-12"}}, {"type": "Feature", "geometry": {"type": "MultiPolygon", "coordinates": [[[[3.3901652, 45.151283], [3.3900954, 45.1512359], [3.3901533, 45.1511971], [3.3902179, 45.1512441], [3.3901652, 45.151283]]]]}, "properties": {"type": "01", "nom": null, "commune": "43031", "created": "2014-08-08", "updated": "2018-06-12"}}, {"type": "Feature", "geometry": {"type": "MultiPolygon", "coordinates": [[[[3.4024661, 45.1476366], [3.4024712, 45.1476502], [3.4024729, 45.14767], [3.4024737, 45.1477023], [3.4024726, 45.1477346], [3.4024109, 45.1477277], [3.4024128, 45.1477146], [3.4023197, 45.1477083], [3.4023172, 45.1476835], [3.4023127, 45.147659], [3.4023096, 45.1476465], [3.4024661, 45.1476366]]]]}, "properties": {"type": "01", "nom": null, "commune": "43118", "created": "2014-08-08", "updated": "2018-06-12"}}, {"type": "Feature", "geometry": {"type": "MultiPolygon", "coordinates": [[[[3.3793207, 45.1400067], [3.3793045, 45.1400033], [3.3792433, 45.1399891], [3.3792722, 45.1399326], [3.3793535, 45.1399522], [3.3793207, 45.1400067]]]]}, "properties": {"type": "01", "nom": null, "commune": "43175", "created": "2015-01-14", "updated": "2018-06-12"}}, {"type": "Feature", "geometry": {"type": "MultiPolygon", "coordinates": [[[[3.3902179, 45.1512441], [3.3902444, 45.1512632], [3.3902575, 45.1512795], [3.390261, 45.1513134], [3.3902272, 45.1513545], [3.3901957, 45.1513343], [3.3901426, 45.1512998], [3.3901652, 45.151283], [3.3902179, 45.1512441]]]]}, "properties": {"type": "01", "nom": null, "commune": "43031", "created": "2014-08-08", "updated": "2018-06-12"}}, {"type": "Feature", "geometry": {"type": "MultiPolygon", "coordinates": [[[[3.4024726, 45.1477346], [3.4024593, 45.1477839], [3.4024032, 45.1477761], [3.402398, 45.1477913], [3.402304, 45.1477758], [3.4023197, 45.1477137], [3.4023197, 45.1477083], [3.4024128, 45.1477146], [3.4024109, 45.1477277], [3.4024726, 45.1477346]]]]}, "properties": {"type": "01", "nom": null, "commune": "43118", "created": "2014-08-08", "updated": "2018-06-12"}}, {"type": "Feature", "geometry": {"type": "MultiPolygon", "coordinates": [[[[3.37968, 45.1398256], [3.3795564, 45.1398374], [3.3795541, 45.1398183], [3.3795371, 45.1397095], [3.3796758, 45.1396985], [3.37968, 45.1398256]]]]}, "properties": {"type": "01", "nom": null, "commune": "43175", "created": "2015-01-14", "updated": "2018-06-12"}}, {"type": "Feature", "geometry": {"type": "MultiPolygon", "coordinates": [[[[3.3901957, 45.1513343], [3.3901546, 45.1513624], [3.3901061, 45.1513269], [3.3901426, 45.1512998], [3.3901957, 45.1513343]]]]}, "properties": {"type": "01", "nom": null, "commune": "43031", "created": "2014-08-08", "updated": "2018-06-12"}}, {"type": "Feature", "geometry": {"type": "MultiPolygon", "coordinates": [[[[3.4024032, 45.1477761], [3.4024593, 45.1477839], [3.4024453, 45.1478334], [3.402427, 45.1478691], [3.4023962, 45.1479103], [3.4023667, 45.1479042], [3.4022627, 45.1478542], [3.4022756, 45.147837], [3.4022865, 45.1478192], [3.4022956, 45.1478008], [3.4023025, 45.1477816], [3.402304, 45.1477758], [3.402398, 45.1477913], [3.4024032, 45.1477761]]]]}, "properties": {"type": "01", "nom": null, "commune": "43118", "created": "2014-08-08", "updated": "2018-06-12"}}, {"type": "Feature", "geometry": {"type": "MultiPolygon", "coordinates": [[[[3.3800182, 45.1397934], [3.37968, 45.1398256], [3.3796758, 45.1396985], [3.3796744, 45.1396527], [3.3798087, 45.1396455], [3.3798223, 45.139741], [3.3799352, 45.1397295], [3.3799304, 45.1397061], [3.3800042, 45.1396986], [3.3800075, 45.1397147], [3.3800581, 45.1397095], [3.3800651, 45.1397439], [3.3800092, 45.1397496], [3.3800182, 45.1397934]]]]}, "properties": {"type": "01", "nom": null, "commune": "43175", "created": "2015-01-14", "updated": "2018-06-12"}}, {"type": "Feature", "geometry": {"type": "MultiPolygon", "coordinates": [[[[3.3901061, 45.1513269], [3.3900585, 45.1513621], [3.3900447, 45.1513672], [3.3899964, 45.1513021], [3.390036, 45.1512756], [3.3901061, 45.1513269]]]]}, "properties": {"type": "01", "nom": null, "commune": "43031", "created": "2014-08-08", "updated": "2018-06-12"}}, {"type": "Feature", "geometry": {"type": "MultiPolygon", "coordinates": [[[[3.4019973, 45.147815], [3.4018082, 45.1477981], [3.4018114, 45.1477799], [3.4018694, 45.1477847], [3.4018998, 45.1476015], [3.4020332, 45.1476115], [3.4019973, 45.147815]]]]}, "properties": {"type": "01", "nom": null, "commune": "43118", "created": "2014-08-08", "updated": "2018-06-12"}}, {"type": "Feature", "geometry": {"type": "MultiPolygon", "coordinates": [[[[3.3789235, 45.1401221], [3.3786816, 45.1400571], [3.3787419, 45.1399449], [3.3790272, 45.1400278], [3.3789698, 45.1401345], [3.3789235, 45.1401221]]]]}, "properties": {"type": "01", "nom": null, "commune": "43175", "created": "2015-01-14", "updated": "2018-06-12"}}, {"type": "Feature", "geometry": {"type": "MultiPolygon", "coordinates": [[[[3.3900185, 45.1510157], [3.390028, 45.1510076], [3.3899989, 45.1509907], [3.3899319, 45.1509516], [3.3899631, 45.150925], [3.3899335, 45.1509071], [3.389961, 45.1508846], [3.3899776, 45.1508913], [3.3902561, 45.1510562], [3.390233, 45.1510734], [3.3902185, 45.1510767], [3.3902026, 45.1510762], [3.3901682, 45.151068], [3.3901234, 45.1511006], [3.3900585, 45.1510575], [3.3900668, 45.1510505], [3.3900185, 45.1510157]]]]}, "properties": {"type": "01", "nom": null, "commune": "43031", "created": "2014-08-08", "updated": "2018-06-12"}}, {"type": "Feature", "geometry": {"type": "MultiPolygon", "coordinates": [[[[3.4032135, 45.1477003], [3.4032144, 45.1477165], [3.4032341, 45.1477329], [3.4032223, 45.1477529], [3.4032315, 45.1477562], [3.4032267, 45.147763], [3.4032175, 45.147763], [3.4032176, 45.1477665], [3.4032051, 45.1477665], [3.403205, 45.1477608], [3.4031704, 45.147761], [3.4031705, 45.1477672], [3.4032072, 45.1477984], [3.4032283, 45.147797], [3.4032274, 45.1478083], [3.4032125, 45.1478096], [3.4032028, 45.1478485], [3.4032113, 45.1478551], [3.4032085, 45.1478819], [3.4031299, 45.1478752], [3.4031218, 45.147922], [3.4030396, 45.1479149], [3.4029785, 45.147909], [3.4029831, 45.1478851], [3.4029033, 45.1478774], [3.4029061, 45.1478581], [3.4028529, 45.1478542], [3.4028502, 45.1478726], [3.4028282, 45.147871], [3.4028309, 45.1478528], [3.4027717, 45.1478485], [3.4027691, 45.1478659], [3.4027578, 45.1478651], [3.4027547, 45.147886], [3.4025838, 45.1478712], [3.4025914, 45.1478183], [3.4026157, 45.1476972], [3.4026368, 45.1476992], [3.4026362, 45.1477029], [3.402705, 45.1477083], [3.4027062, 45.1477019], [3.4027256, 45.1477037], [3.4027227, 45.1477182], [3.4027762, 45.1477231], [3.4027784, 45.1477112], [3.4028641, 45.1477193], [3.4029916, 45.1477303], [3.4030022, 45.1476725], [3.4032135, 45.1477003]]]]}, "properties": {"type": "01", "nom": null, "commune": "43118", "created": "2014-08-08", "updated": "2018-06-12"}}, {"type": "Feature", "geometry": {"type": "MultiPolygon", "coordinates": [[[[3.3786367, 45.1398145], [3.3785875, 45.1399309], [3.3784715, 45.1399062], [3.378522, 45.1397873], [3.3786367, 45.1398145]]]]}, "properties": {"type": "01", "nom": null, "commune": "43175", "created": "2015-01-14", "updated": "2018-06-12"}}, {"type": "Feature", "geometry": {"type": "MultiPolygon", "coordinates": [[[[3.3901651, 45.1507894], [3.3900951, 45.1508515], [3.3900382, 45.1508199], [3.3901072, 45.1507574], [3.3901651, 45.1507894]]]]}, "properties": {"type": "01", "nom": null, "commune": "43031", "created": "2014-08-08", "updated": "2018-06-12"}}, {"type": "Feature", "geometry": {"type": "MultiPolygon", "coordinates": [[[[3.4033247, 45.1480719], [3.4032749, 45.1481111], [3.4032312, 45.1480833], [3.4032808, 45.148044], [3.4033247, 45.1480719]]]]}, "properties": {"type": "01", "nom": null, "commune": "43118", "created": "2014-08-08", "updated": "2018-06-12"}}, {"type": "Feature", "geometry": {"type": "MultiPolygon", "coordinates": [[[[3.379045, 45.1399976], [3.3788739, 45.139952], [3.37892, 45.1398652], [3.3790911, 45.1399108], [3.379045, 45.1399976]]]]}, "properties": {"type": "01", "nom": null, "commune": "43175", "created": "2015-01-14", "updated": "2018-06-12"}}, {"type": "Feature", "geometry": {"type": "MultiPolygon", "coordinates": [[[[3.3900184, 45.150526], [3.3899585, 45.1505949], [3.38991, 45.1506505], [3.389901, 45.1506608], [3.3898871, 45.1506767], [3.3898731, 45.1506927], [3.3897877, 45.1506528], [3.3897863, 45.150648], [3.3899315, 45.1504853], [3.3900184, 45.150526]]]]}, "properties": {"type": "01", "nom": null, "commune": "43031", "created": "2014-08-08", "updated": "2018-06-12"}}, {"type": "Feature", "geometry": {"type": "MultiPolygon", "coordinates": [[[[3.4035718, 45.1481501], [3.4034724, 45.148238], [3.4034062, 45.1481948], [3.4035289, 45.1480863], [3.4035718, 45.1481501]]]]}, "properties": {"type": "01", "nom": null, "commune": "43118", "created": "2014-08-08", "updated": "2018-06-12"}}, {"type": "Feature", "geometry": {"type": "MultiPolygon", "coordinates": [[[[3.3791092, 45.1397604], [3.3791812, 45.1397944], [3.3791748, 45.1398695], [3.3791213, 45.1398572], [3.3791252, 45.1398157], [3.3790944, 45.1397961], [3.3791092, 45.1397604]]]]}, "properties": {"type": "01", "nom": null, "commune": "43175", "created": "2015-01-14", "updated": "2018-06-12"}}, {"type": "Feature", "geometry": {"type": "MultiPolygon", "coordinates": [[[[3.3895557, 45.1508216], [3.3895072, 45.150864], [3.3894659, 45.1508446], [3.3894409, 45.1508645], [3.3893754, 45.1508337], [3.3893082, 45.1508022], [3.3892552, 45.1507773], [3.3893201, 45.150711], [3.3895557, 45.1508216]]]]}, "properties": {"type": "01", "nom": null, "commune": "43031", "created": "2014-08-08", "updated": "2018-06-12"}}, {"type": "Feature", "geometry": {"type": "MultiPolygon", "coordinates": [[[[3.4035861, 45.1481617], [3.4036135, 45.1481868], [3.4035206, 45.1482693], [3.4034724, 45.148238], [3.4035718, 45.1481501], [3.4036049, 45.1481209], [3.403621, 45.1481323], [3.4035861, 45.1481617]]]]}, "properties": {"type": "01", "nom": null, "commune": "43118", "created": "2014-08-08", "updated": "2018-06-12"}}, {"type": "Feature", "geometry": {"type": "MultiPolygon", "coordinates": [[[[3.3788716, 45.1397351], [3.3788957, 45.1397233], [3.3789262, 45.1397542], [3.3788873, 45.1397735], [3.3788571, 45.1397433], [3.3788716, 45.1397351]]]]}, "properties": {"type": "01", "nom": null, "commune": "43175", "created": "2015-01-14", "updated": "2018-06-12"}}, {"type": "Feature", "geometry": {"type": "MultiPolygon", "coordinates": [[[[3.3896683, 45.1507656], [3.3896953, 45.1507855], [3.3896492, 45.1508165], [3.3896231, 45.1507972], [3.3896683, 45.1507656]]]]}, "properties": {"type": "01", "nom": null, "commune": "43031", "created": "2014-08-08", "updated": "2018-06-12"}}, {"type": "Feature", "geometry": {"type": "MultiPolygon", "coordinates": [[[[3.4038305, 45.1483731], [3.403844, 45.1483515], [3.4039732, 45.1484003], [3.4039308, 45.1484459], [3.4038782, 45.1484211], [3.4038718, 45.148428], [3.4038296, 45.1484081], [3.403782, 45.1483936], [3.4037795, 45.1483955], [3.403739, 45.1484421], [3.4037163, 45.1484604], [3.4036769, 45.1483977], [3.4036087, 45.1483266], [3.4036786, 45.1482803], [3.4037694, 45.1483643], [3.4038305, 45.1483731]]]]}, "properties": {"type": "01", "nom": null, "commune": "43118", "created": "2014-08-08", "updated": "2018-06-12"}}, {"type": "Feature", "geometry": {"type": "MultiPolygon", "coordinates": [[[[3.3787202, 45.1395805], [3.3788059, 45.1395514], [3.3788566, 45.1396032], [3.3789486, 45.1396972], [3.3788957, 45.1397233], [3.3788716, 45.1397351], [3.3787508, 45.1396122], [3.3787202, 45.1395805]]]]}, "properties": {"type": "01", "nom": null, "commune": "43175", "created": "2015-01-14", "updated": "2018-06-12"}}, {"type": "Feature", "geometry": {"type": "MultiPolygon", "coordinates": [[[[3.3893181, 45.1508838], [3.3893754, 45.1508337], [3.3894409, 45.1508645], [3.3893744, 45.1509178], [3.3893181, 45.1508838]]]]}, "properties": {"type": "02", "nom": null, "commune": "43031", "created": "2014-08-08", "updated": "2018-06-12"}}, {"type": "Feature", "geometry": {"type": "MultiPolygon", "coordinates": [[[[3.4025777, 45.1479311], [3.4024723, 45.1479266], [3.4024726, 45.1479248], [3.4024802, 45.1479049], [3.4025719, 45.1479102], [3.4025777, 45.1479311]]]]}, "properties": {"type": "02", "nom": null, "commune": "43118", "created": "2014-08-08", "updated": "2018-06-12"}}, {"type": "Feature", "geometry": {"type": "MultiPolygon", "coordinates": [[[[3.3789296, 45.1395842], [3.3788968, 45.1395293], [3.3789572, 45.1395147], [3.3789855, 45.1395697], [3.3789296, 45.1395842]]]]}, "properties": {"type": "01", "nom": null, "commune": "43175", "created": "2015-01-14", "updated": "2018-06-12"}}, {"type": "Feature", "geometry": {"type": "MultiPolygon", "coordinates": [[[[3.3893082, 45.1508022], [3.3892629, 45.1508504], [3.3892131, 45.1508204], [3.3892552, 45.1507773], [3.3893082, 45.1508022]]]]}, "properties": {"type": "02", "nom": null, "commune": "43031", "created": "2014-08-08", "updated": "2018-06-12"}}, {"type": "Feature", "geometry": {"type": "MultiPolygon", "coordinates": [[[[3.4032295, 45.1476531], [3.4032376, 45.1476718], [3.4032296, 45.1476761], [3.4031703, 45.1476536], [3.4031837, 45.1476358], [3.4032295, 45.1476531]]]]}, "properties": {"type": "02", "nom": null, "commune": "43118", "created": "2014-08-08", "updated": "2018-06-12"}}, {"type": "Feature", "geometry": {"type": "MultiPolygon", "coordinates": [[[[3.3788968, 45.1395293], [3.3789296, 45.1395842], [3.3788566, 45.1396032], [3.3788059, 45.1395514], [3.3788968, 45.1395293]]]]}, "properties": {"type": "02", "nom": null, "commune": "43175", "created": "2015-01-14", "updated": "2018-06-12"}}, {"type": "Feature", "geometry": {"type": "MultiPolygon", "coordinates": [[[[3.3899501, 45.150687], [3.3900317, 45.1507304], [3.3900159, 45.1507452], [3.3899195, 45.1506939], [3.3898871, 45.1506767], [3.389901, 45.1506608], [3.3899501, 45.150687]]]]}, "properties": {"type": "02", "nom": null, "commune": "43031", "created": "2014-08-08", "updated": "2018-06-12"}}, {"type": "Feature", "geometry": {"type": "MultiPolygon", "coordinates": [[[[3.4008406, 45.1468001], [3.4008674, 45.1468288], [3.4007829, 45.1468755], [3.4007529, 45.1468402], [3.4008342, 45.1467944], [3.4008406, 45.1468001]]]]}, "properties": {"type": "02", "nom": null, "commune": "43118", "created": "2014-08-08", "updated": "2018-06-12"}}, {"type": "Feature", "geometry": {"type": "MultiPolygon", "coordinates": [[[[3.3786816, 45.1400571], [3.3789235, 45.1401221], [3.3788928, 45.1401793], [3.3786527, 45.140111], [3.3786816, 45.1400571]]]]}, "properties": {"type": "02", "nom": null, "commune": "43175", "created": "2015-01-14", "updated": "2018-06-12"}}, {"type": "Feature", "geometry": {"type": "MultiPolygon", "coordinates": [[[[3.3906789, 45.1507305], [3.3906454, 45.1507487], [3.3905779, 45.1506868], [3.3906114, 45.1506686], [3.3906789, 45.1507305]]]]}, "properties": {"type": "02", "nom": null, "commune": "43031", "created": "2014-08-08", "updated": "2018-06-12"}}, {"type": "Feature", "geometry": {"type": "MultiPolygon", "coordinates": [[[[3.4005757, 45.146954], [3.4005635, 45.1469451], [3.4005581, 45.1469412], [3.4006068, 45.1469077], [3.4006219, 45.1469219], [3.4005757, 45.146954]]]]}, "properties": {"type": "02", "nom": null, "commune": "43118", "created": "2014-08-08", "updated": "2018-06-12"}}, {"type": "Feature", "geometry": {"type": "MultiPolygon", "coordinates": [[[[3.3781193, 45.1394632], [3.378112, 45.1394689], [3.3780694, 45.1394405], [3.3780769, 45.1394349], [3.3781193, 45.1394632]]]]}, "properties": {"type": "02", "nom": null, "commune": "43175", "created": "2016-05-20", "updated": "2018-06-12"}}, {"type": "Feature", "geometry": {"type": "MultiPolygon", "coordinates": [[[[3.3899989, 45.1509907], [3.3899844, 45.1510032], [3.389888, 45.1509445], [3.3899335, 45.1509071], [3.3899631, 45.150925], [3.3899319, 45.1509516], [3.3899989, 45.1509907]]]]}, "properties": {"type": "02", "nom": null, "commune": "43031", "created": "2014-08-08", "updated": "2018-06-12"}}, {"type": "Feature", "geometry": {"type": "MultiPolygon", "coordinates": [[[[3.4007973, 45.148403], [3.4008364, 45.1484419], [3.4008164, 45.1484503], [3.400764, 45.1483966], [3.4007846, 45.1483865], [3.4007756, 45.1483772], [3.400835, 45.1483457], [3.4008377, 45.1483486], [3.4008444, 45.1483552], [3.4008131, 45.1483709], [3.4008294, 45.148387], [3.4007973, 45.148403]]]]}, "properties": {"type": "02", "nom": null, "commune": "43118", "created": "2014-08-08", "updated": "2018-06-12"}}, {"type": "Feature", "geometry": {"type": "MultiPolygon", "coordinates": [[[[3.3780422, 45.1394076], [3.3780231, 45.1393845], [3.3780665, 45.1393665], [3.3780856, 45.1393895], [3.3780422, 45.1394076]]]]}, "properties": {"type": "02", "nom": null, "commune": "43175", "created": "2016-05-20", "updated": "2018-06-12"}}, {"type": "Feature", "geometry": {"type": "MultiPolygon", "coordinates": [[[[3.3899058, 45.1516319], [3.3898867, 45.1516096], [3.38992, 45.1515962], [3.3899367, 45.1516187], [3.3899058, 45.1516319]]]]}, "properties": {"type": "02", "nom": null, "commune": "43031", "created": "2014-08-08", "updated": "2018-06-12"}}, {"type": "Feature", "geometry": {"type": "MultiPolygon", "coordinates": [[[[3.4036135, 45.1481868], [3.4036296, 45.1482092], [3.4036786, 45.1482803], [3.4036087, 45.1483266], [3.4035206, 45.1482693], [3.4036135, 45.1481868]]]]}, "properties": {"type": "01", "nom": null, "commune": "43118", "created": "2014-08-08", "updated": "2018-06-12"}}, {"type": "Feature", "geometry": {"type": "MultiPolygon", "coordinates": [[[[3.3781529, 45.1396297], [3.3781215, 45.1396612], [3.3780906, 45.1396459], [3.378122, 45.1396143], [3.3781529, 45.1396297]]]]}, "properties": {"type": "01", "nom": null, "commune": "43175", "created": "2016-05-20", "updated": "2018-06-12"}}, {"type": "Feature", "geometry": {"type": "MultiPolygon", "coordinates": [[[[3.3900988, 45.1511186], [3.3900326, 45.1510792], [3.3900585, 45.1510575], [3.3901234, 45.1511006], [3.3900988, 45.1511186]]]]}, "properties": {"type": "01", "nom": null, "commune": "43031", "created": "2014-08-08", "updated": "2018-06-12"}}, {"type": "Feature", "geometry": {"type": "MultiPolygon", "coordinates": [[[[3.4038491, 45.1484951], [3.4038003, 45.1485271], [3.4037355, 45.1484591], [3.4037853, 45.1483979], [3.403815, 45.1484113], [3.4038438, 45.1484257], [3.403865, 45.1484377], [3.4038267, 45.1484808], [3.4038491, 45.1484951]]]]}, "properties": {"type": "01", "nom": null, "commune": "43118", "created": "2014-08-08", "updated": "2018-06-12"}}, {"type": "Feature", "geometry": {"type": "MultiPolygon", "coordinates": [[[[3.3782809, 45.139511], [3.3782347, 45.1395456], [3.3781156, 45.1394661], [3.3781193, 45.1394632], [3.3780769, 45.1394349], [3.3781235, 45.1393999], [3.3781659, 45.1394283], [3.3781617, 45.1394314], [3.3782809, 45.139511]]]]}, "properties": {"type": "01", "nom": null, "commune": "43175", "created": "2016-05-20", "updated": "2018-06-12"}}, {"type": "Feature", "geometry": {"type": "MultiPolygon", "coordinates": [[[[3.3900686, 45.1518394], [3.3900638, 45.1519032], [3.3899826, 45.1519002], [3.3899874, 45.1518364], [3.3900686, 45.1518394]]]]}, "properties": {"type": "03", "nom": null, "commune": "43031", "created": "2025-09-12", "updated": "2025-09-12"}}, {"type": "Feature", "geometry": {"type": "MultiPolygon", "coordinates": [[[[3.4038267, 45.1484808], [3.403865, 45.1484377], [3.4039134, 45.1484647], [3.4038717, 45.1485094], [3.4038943, 45.1485198], [3.4038439, 45.1485727], [3.4038003, 45.1485271], [3.4038491, 45.1484951], [3.4038267, 45.1484808]]]]}, "properties": {"type": "01", "nom": null, "commune": "43118", "created": "2014-08-08", "updated": "2018-06-12"}}, {"type": "Feature", "geometry": {"type": "MultiPolygon", "coordinates": [[[[3.3812639, 45.1401319], [3.3813009, 45.1402219], [3.3812244, 45.1402367], [3.381195, 45.1402202], [3.3811708, 45.1401801], [3.3811514, 45.1401388], [3.3811365, 45.1400933], [3.3812647, 45.1400722], [3.3812857, 45.1401275], [3.3812639, 45.1401319]]]]}, "properties": {"type": "01", "nom": null, "commune": "43175", "created": "2015-01-14", "updated": "2018-06-12"}}, {"type": "Feature", "geometry": {"type": "MultiPolygon", "coordinates": [[[[3.3902784, 45.1514923], [3.3903049, 45.1514938], [3.3903026, 45.1515158], [3.3903012, 45.1515304], [3.3902746, 45.1515292], [3.3902784, 45.1514923]]]]}, "properties": {"type": "02", "nom": null, "commune": "43031", "created": "2016-05-20", "updated": "2018-06-12"}}, {"type": "Feature", "geometry": {"type": "MultiPolygon", "coordinates": [[[[3.4038439, 45.1485727], [3.4038943, 45.1485198], [3.4039574, 45.1485472], [3.4039027, 45.1486102], [3.4038439, 45.1485727]]]]}, "properties": {"type": "01", "nom": null, "commune": "43118", "created": "2014-08-08", "updated": "2018-06-12"}}, {"type": "Feature", "geometry": {"type": "MultiPolygon", "coordinates": [[[[3.3805561, 45.1399964], [3.3805494, 45.1400108], [3.380495, 45.1399999], [3.3805027, 45.139984], [3.3805561, 45.1399964]]]]}, "properties": {"type": "01", "nom": null, "commune": "43175", "created": "2015-01-14", "updated": "2018-06-12"}}, {"type": "Feature", "geometry": {"type": "MultiPolygon", "coordinates": [[[[3.3905077, 45.1516905], [3.3905069, 45.1517038], [3.3904696, 45.1517028], [3.3904704, 45.1516895], [3.3905077, 45.1516905]]]]}, "properties": {"type": "02", "nom": null, "commune": "43031", "created": "2016-05-20", "updated": "2018-06-12"}}, {"type": "Feature", "geometry": {"type": "MultiPolygon", "coordinates": [[[[3.404045, 45.1484481], [3.4039802, 45.1485213], [3.4039574, 45.1485472], [3.4038943, 45.1485198], [3.4038717, 45.1485094], [3.4039134, 45.1484647], [3.4039308, 45.1484459], [3.4039732, 45.1484003], [3.404045, 45.1484481]]]]}, "properties": {"type": "01", "nom": null, "commune": "43118", "created": "2014-08-08", "updated": "2018-06-12"}}, {"type": "Feature", "geometry": {"type": "MultiPolygon", "coordinates": [[[[3.3817622, 45.1405646], [3.3818041, 45.1405802], [3.3817371, 45.1406536], [3.3817019, 45.1406194], [3.3817622, 45.1405646]]]]}, "properties": {"type": "01", "nom": null, "commune": "43175", "created": "2015-01-14", "updated": "2018-06-12"}}, {"type": "Feature", "geometry": {"type": "MultiPolygon", "coordinates": [[[[3.3899307, 45.1506999], [3.3900159, 45.1507452], [3.3899849, 45.1507743], [3.3899001, 45.1507287], [3.3899307, 45.1506999]]]]}, "properties": {"type": "01", "nom": null, "commune": "43031", "created": "2016-05-20", "updated": "2018-06-12"}}, {"type": "Feature", "geometry": {"type": "MultiPolygon", "coordinates": [[[[3.3819081, 45.1407592], [3.3819554, 45.1406965], [3.3820018, 45.1407139], [3.3820221, 45.1407216], [3.3820323, 45.1407081], [3.3820343, 45.1407054], [3.3821486, 45.1407486], [3.3820905, 45.1408282], [3.3819081, 45.1407592]]]]}, "properties": {"type": "01", "nom": null, "commune": "43175", "created": "2015-01-14", "updated": "2018-06-12"}}, {"type": "Feature", "geometry": {"type": "MultiPolygon", "coordinates": [[[[3.4039324, 45.1486259], [3.4040234, 45.1485458], [3.4040945, 45.148586], [3.404009, 45.1486667], [3.4039324, 45.1486259]]]]}, "properties": {"type": "01", "nom": null, "commune": "43118", "created": "2014-08-08", "updated": "2018-06-12"}}, {"type": "Feature", "geometry": {"type": "MultiPolygon", "coordinates": [[[[3.3901986, 45.1514878], [3.3902247, 45.1514134], [3.3902744, 45.1513589], [3.3903522, 45.1513792], [3.3903654, 45.1514972], [3.3903339, 45.1514954], [3.3903316, 45.1515173], [3.3903026, 45.1515158], [3.3903049, 45.1514938], [3.3901986, 45.1514878]]]]}, "properties": {"type": "01", "nom": null, "commune": "43031", "created": "2016-05-20", "updated": "2018-06-12"}}, {"type": "Feature", "geometry": {"type": "MultiPolygon", "coordinates": [[[[3.4042092, 45.1486027], [3.4041764, 45.1486357], [3.4040901, 45.1487049], [3.404009, 45.1486667], [3.4040945, 45.148586], [3.4041202, 45.1485609], [3.4041413, 45.1485401], [3.4042176, 45.1485942], [3.4042092, 45.1486027]]]]}, "properties": {"type": "01", "nom": null, "commune": "43118", "created": "2014-08-08", "updated": "2018-06-12"}}, {"type": "Feature", "geometry": {"type": "MultiPolygon", "coordinates": [[[[3.381583, 45.1409213], [3.3816387, 45.1408525], [3.3816578, 45.1408274], [3.3817361, 45.1408556], [3.3817397, 45.1408684], [3.3816627, 45.1409552], [3.381583, 45.1409213]]]]}, "properties": {"type": "01", "nom": null, "commune": "43175", "created": "2015-01-14", "updated": "2018-06-12"}}, {"type": "Feature", "geometry": {"type": "MultiPolygon", "coordinates": [[[[3.3919009, 45.1520579], [3.3918883, 45.1520832], [3.3917869, 45.1520823], [3.3918087, 45.1520361], [3.3919009, 45.1520579]]]]}, "properties": {"type": "01", "nom": null, "commune": "43031", "created": "2014-08-08", "updated": "2018-06-12"}}, {"type": "Feature", "geometry": {"type": "MultiPolygon", "coordinates": [[[[3.4041202, 45.1485609], [3.4040988, 45.148547], [3.4041266, 45.1485216], [3.4041413, 45.1485401], [3.4041202, 45.1485609]]]]}, "properties": {"type": "01", "nom": null, "commune": "43118", "created": "2014-08-08", "updated": "2018-06-12"}}, {"type": "Feature", "geometry": {"type": "MultiPolygon", "coordinates": [[[[3.3818436, 45.1405945], [3.3818041, 45.1405802], [3.3817622, 45.1405646], [3.3817019, 45.1406194], [3.3816623, 45.1405804], [3.3816186, 45.1405436], [3.3815847, 45.1405189], [3.381605, 45.1404996], [3.3816281, 45.1405118], [3.3816398, 45.1405008], [3.3817186, 45.1405367], [3.3817524, 45.1404924], [3.3818745, 45.140543], [3.3818436, 45.1405945]]]]}, "properties": {"type": "01", "nom": null, "commune": "43175", "created": "2015-01-14", "updated": "2018-06-12"}}, {"type": "Feature", "geometry": {"type": "MultiPolygon", "coordinates": [[[[3.3968313, 45.1521762], [3.3967893, 45.1522081], [3.3967272, 45.1521671], [3.3967693, 45.1521352], [3.3968313, 45.1521762]]]]}, "properties": {"type": "01", "nom": null, "commune": "43031", "created": "2014-08-08", "updated": "2018-06-12"}}, {"type": "Feature", "geometry": {"type": "MultiPolygon", "coordinates": [[[[3.4036025, 45.1484381], [3.4036262, 45.1484313], [3.4036961, 45.1485171], [3.4036106, 45.1485392], [3.4036025, 45.1484381]]]]}, "properties": {"type": "01", "nom": null, "commune": "43118", "created": "2014-08-08", "updated": "2018-06-12"}}, {"type": "Feature", "geometry": {"type": "MultiPolygon", "coordinates": [[[[3.3816311, 45.1404108], [3.3815528, 45.1405028], [3.3814901, 45.1404753], [3.3815739, 45.1403815], [3.3816311, 45.1404108]]]]}, "properties": {"type": "01", "nom": null, "commune": "43175", "created": "2015-01-14", "updated": "2018-06-12"}}, {"type": "Feature", "geometry": {"type": "MultiPolygon", "coordinates": [[[[3.3720848, 45.1450089], [3.3721446, 45.1450291], [3.3721215, 45.1450629], [3.3720617, 45.1450425], [3.3720848, 45.1450089]]]]}, "properties": {"type": "01", "nom": null, "commune": "43031", "created": "2014-08-08", "updated": "2018-06-12"}}, {"type": "Feature", "geometry": {"type": "MultiPolygon", "coordinates": [[[[3.4036583, 45.148598], [3.4036526, 45.1485915], [3.4036106, 45.1485392], [3.4036961, 45.1485171], [3.4037289, 45.1485528], [3.4036583, 45.148598]]]]}, "properties": {"type": "01", "nom": null, "commune": "43118", "created": "2014-08-08", "updated": "2018-06-12"}}, {"type": "Feature", "geometry": {"type": "MultiPolygon", "coordinates": [[[[3.3813973, 45.1406552], [3.3814805, 45.1406168], [3.3815051, 45.1406424], [3.3815427, 45.1406812], [3.3815562, 45.1406951], [3.3816367, 45.1407407], [3.3815977, 45.1407707], [3.3815628, 45.1408031], [3.3815399, 45.1408284], [3.3814659, 45.1407837], [3.3814072, 45.1407291], [3.381443, 45.1407069], [3.3813973, 45.1406552]]]]}, "properties": {"type": "01", "nom": null, "commune": "43175", "created": "2015-01-14", "updated": "2018-06-12"}}, {"type": "Feature", "geometry": {"type": "MultiPolygon", "coordinates": [[[[3.3735592, 45.1510611], [3.3735834, 45.1510894], [3.3735525, 45.1511027], [3.3735282, 45.1510744], [3.3735592, 45.1510611]]]]}, "properties": {"type": "01", "nom": null, "commune": "43031", "created": "2014-08-08", "updated": "2018-06-12"}}, {"type": "Feature", "geometry": {"type": "MultiPolygon", "coordinates": [[[[3.4036526, 45.1485915], [3.4036583, 45.148598], [3.4037021, 45.1486365], [3.4036593, 45.1486638], [3.4036263, 45.1486042], [3.4036526, 45.1485915]]]]}, "properties": {"type": "01", "nom": null, "commune": "43118", "created": "2014-08-08", "updated": "2018-06-12"}}, {"type": "Feature", "geometry": {"type": "MultiPolygon", "coordinates": [[[[3.3813916, 45.1403207], [3.381344, 45.1402836], [3.3813922, 45.1402529], [3.3814445, 45.1402908], [3.3813916, 45.1403207]]]]}, "properties": {"type": "01", "nom": null, "commune": "43175", "created": "2015-01-14", "updated": "2018-06-12"}}, {"type": "Feature", "geometry": {"type": "MultiPolygon", "coordinates": [[[[3.3728164, 45.1511718], [3.3727951, 45.1511581], [3.3728227, 45.1511356], [3.3728446, 45.1511497], [3.3728164, 45.1511718]]]]}, "properties": {"type": "02", "nom": null, "commune": "43031", "created": "2014-08-08", "updated": "2018-06-12"}}, {"type": "Feature", "geometry": {"type": "MultiPolygon", "coordinates": [[[[3.4037021, 45.1486365], [3.4037674, 45.1485945], [3.403814, 45.1486342], [3.4037492, 45.1486838], [3.4037248, 45.1487026], [3.4036593, 45.1486638], [3.4037021, 45.1486365]]]]}, "properties": {"type": "01", "nom": null, "commune": "43118", "created": "2014-08-08", "updated": "2018-06-12"}}, {"type": "Feature", "geometry": {"type": "MultiPolygon", "coordinates": [[[[3.3814177, 45.1401806], [3.3815084, 45.1402463], [3.3814445, 45.1402908], [3.3813922, 45.1402529], [3.3813621, 45.1402282], [3.3813577, 45.1402206], [3.3814177, 45.1401806]]]]}, "properties": {"type": "01", "nom": null, "commune": "43175", "created": "2015-01-14", "updated": "2018-06-12"}}, {"type": "Feature", "geometry": {"type": "MultiPolygon", "coordinates": [[[[3.3723827, 45.15102], [3.3723141, 45.1506725], [3.3725532, 45.1506488], [3.3726218, 45.1509964], [3.3723827, 45.15102]]]]}, "properties": {"type": "01", "nom": null, "commune": "43031", "created": "2014-08-08", "updated": "2018-06-12"}}, {"type": "Feature", "geometry": {"type": "MultiPolygon", "coordinates": [[[[3.4037674, 45.1485945], [3.4037021, 45.1486365], [3.4036583, 45.148598], [3.4037289, 45.1485528], [3.4037674, 45.1485945]]]]}, "properties": {"type": "01", "nom": null, "commune": "43118", "created": "2014-08-08", "updated": "2018-06-12"}}, {"type": "Feature", "geometry": {"type": "MultiPolygon", "coordinates": [[[[3.3811292, 45.1400348], [3.381128, 45.1399871], [3.3811875, 45.1399756], [3.381195, 45.1399947], [3.3812157, 45.1399908], [3.3812253, 45.1399982], [3.3812176, 45.1400123], [3.3811292, 45.1400348]]]]}, "properties": {"type": "01", "nom": null, "commune": "43175", "created": "2015-01-14", "updated": "2018-06-12"}}, {"type": "Feature", "geometry": {"type": "MultiPolygon", "coordinates": [[[[3.3723807, 45.1514009], [3.3724414, 45.151341], [3.3724448, 45.1513392], [3.3725117, 45.1513731], [3.3724486, 45.1514353], [3.3723807, 45.1514009]]]]}, "properties": {"type": "01", "nom": null, "commune": "43031", "created": "2014-08-08", "updated": "2018-06-12"}}, {"type": "Feature", "geometry": {"type": "MultiPolygon", "coordinates": [[[[3.4039076, 45.1486871], [3.4038422, 45.1487399], [3.4037492, 45.1486838], [3.403814, 45.1486342], [3.4039076, 45.1486871]]]]}, "properties": {"type": "01", "nom": null, "commune": "43118", "created": "2014-08-08", "updated": "2018-06-12"}}, {"type": "Feature", "geometry": {"type": "MultiPolygon", "coordinates": [[[[3.3809808, 45.1400362], [3.3810707, 45.1400308], [3.381101, 45.1401116], [3.3811013, 45.1401161], [3.3810988, 45.1401309], [3.3810912, 45.1401447], [3.3809766, 45.1401524], [3.3809734, 45.1401161], [3.3809808, 45.1400362]]]]}, "properties": {"type": "01", "nom": null, "commune": "43175", "created": "2015-01-14", "updated": "2018-06-12"}}, {"type": "Feature", "geometry": {"type": "MultiPolygon", "coordinates": [[[[3.3732167, 45.1510536], [3.3732337, 45.1510489], [3.3732591, 45.1510956], [3.3732495, 45.1510984], [3.3732167, 45.1510536]]]]}, "properties": {"type": "01", "nom": null, "commune": "43031", "created": "2014-08-08", "updated": "2018-06-12"}}, {"type": "Feature", "geometry": {"type": "MultiPolygon", "coordinates": [[[[3.4038422, 45.1487399], [3.4039076, 45.1486871], [3.4039512, 45.1487117], [3.4039221, 45.1487353], [3.4038848, 45.1487656], [3.4038422, 45.1487399]]]]}, "properties": {"type": "01", "nom": null, "commune": "43118", "created": "2014-08-08", "updated": "2018-06-12"}}, {"type": "Feature", "geometry": {"type": "MultiPolygon", "coordinates": [[[[3.3807052, 45.1401153], [3.3806897, 45.1401721], [3.3806338, 45.1401622], [3.3806478, 45.1401059], [3.3807052, 45.1401153]]]]}, "properties": {"type": "01", "nom": null, "commune": "43175", "created": "2015-01-14", "updated": "2018-06-12"}}, {"type": "Feature", "geometry": {"type": "MultiPolygon", "coordinates": [[[[3.3731637, 45.151068], [3.3732167, 45.1510536], [3.3732495, 45.1510984], [3.373199, 45.1511122], [3.3731637, 45.151068]]]]}, "properties": {"type": "01", "nom": null, "commune": "43031", "created": "2014-08-08", "updated": "2018-06-12"}}, {"type": "Feature", "geometry": {"type": "MultiPolygon", "coordinates": [[[[3.4039221, 45.1487353], [3.4039566, 45.1487529], [3.4040017, 45.1487753], [3.4039361, 45.1488414], [3.4038514, 45.1487925], [3.4038848, 45.1487656], [3.4039221, 45.1487353]]]]}, "properties": {"type": "01", "nom": null, "commune": "43118", "created": "2014-08-08", "updated": "2018-06-12"}}, {"type": "Feature", "geometry": {"type": "MultiPolygon", "coordinates": [[[[3.3807163, 45.1400747], [3.3807052, 45.1401153], [3.3806478, 45.1401059], [3.38065, 45.1400961], [3.3806618, 45.1400482], [3.3807216, 45.1400559], [3.3807163, 45.1400747]]]]}, "properties": {"type": "01", "nom": null, "commune": "43175", "created": "2015-01-14", "updated": "2018-06-12"}}, {"type": "Feature", "geometry": {"type": "MultiPolygon", "coordinates": [[[[3.3726899, 45.1513543], [3.3727379, 45.151344], [3.3726981, 45.1513748], [3.3726899, 45.1513543]]]]}, "properties": {"type": "01", "nom": null, "commune": "43031", "created": "2014-08-08", "updated": "2018-06-12"}}, {"type": "Feature", "geometry": {"type": "MultiPolygon", "coordinates": [[[[3.4041598, 45.1489267], [3.4041387, 45.148917], [3.4041525, 45.1489019], [3.4041054, 45.1488805], [3.4040887, 45.1488966], [3.4039542, 45.14885], [3.4039361, 45.1488414], [3.4040017, 45.1487753], [3.4040296, 45.1487461], [3.4044324, 45.1489246], [3.4043939, 45.1489617], [3.4043737, 45.1489512], [3.4043395, 45.1489842], [3.404174, 45.148911], [3.4041598, 45.1489267]]]]}, "properties": {"type": "01", "nom": null, "commune": "43118", "created": "2014-08-08", "updated": "2018-06-12"}}, {"type": "Feature", "geometry": {"type": "MultiPolygon", "coordinates": [[[[3.380544, 45.1401455], [3.3805872, 45.1400832], [3.38065, 45.1400961], [3.3806478, 45.1401059], [3.3806338, 45.1401622], [3.380544, 45.1401455]]]]}, "properties": {"type": "01", "nom": null, "commune": "43175", "created": "2015-01-14", "updated": "2018-06-12"}}, {"type": "Feature", "geometry": {"type": "MultiPolygon", "coordinates": [[[[3.37276, 45.1513038], [3.372767, 45.1513214], [3.3727379, 45.151344], [3.3727252, 45.1513108], [3.37276, 45.1513038]]]]}, "properties": {"type": "01", "nom": null, "commune": "43031", "created": "2014-08-08", "updated": "2018-06-12"}}, {"type": "Feature", "geometry": {"type": "MultiPolygon", "coordinates": [[[[3.4039802, 45.1485213], [3.4040234, 45.1485458], [3.4039324, 45.1486259], [3.4039027, 45.1486102], [3.4039574, 45.1485472], [3.4039802, 45.1485213]]]]}, "properties": {"type": "02", "nom": null, "commune": "43118", "created": "2014-08-08", "updated": "2018-06-12"}}, {"type": "Feature", "geometry": {"type": "MultiPolygon", "coordinates": [[[[3.3805632, 45.1400787], [3.3805866, 45.1400188], [3.3806661, 45.1400342], [3.3806618, 45.1400482], [3.38065, 45.1400961], [3.3805872, 45.1400832], [3.3805632, 45.1400787]]]]}, "properties": {"type": "01", "nom": null, "commune": "43175", "created": "2015-01-14", "updated": "2018-06-12"}}, {"type": "Feature", "geometry": {"type": "MultiPolygon", "coordinates": [[[[3.3728173, 45.1513507], [3.3728117, 45.1513294], [3.3728429, 45.151325], [3.3729054, 45.1513162], [3.3729436, 45.151406], [3.3728509, 45.1514229], [3.3728173, 45.1513507]]]]}, "properties": {"type": "01", "nom": null, "commune": "43031", "created": "2014-08-08", "updated": "2018-06-12"}}, {"type": "Feature", "geometry": {"type": "MultiPolygon", "coordinates": [[[[3.4041266, 45.1485216], [3.4040988, 45.148547], [3.4041202, 45.1485609], [3.4040945, 45.148586], [3.4040234, 45.1485458], [3.4039802, 45.1485213], [3.404045, 45.1484481], [3.4040923, 45.1484785], [3.4041266, 45.1485216]]]]}, "properties": {"type": "02", "nom": null, "commune": "43118", "created": "2014-08-08", "updated": "2018-06-12"}}, {"type": "Feature", "geometry": {"type": "MultiPolygon", "coordinates": [[[[3.3805866, 45.1400188], [3.3805632, 45.1400787], [3.3805143, 45.1400689], [3.3805065, 45.1401387], [3.3804295, 45.140124], [3.380495, 45.1399999], [3.3805494, 45.1400108], [3.3805866, 45.1400188]]]]}, "properties": {"type": "01", "nom": null, "commune": "43175", "created": "2015-01-14", "updated": "2018-06-12"}}, {"type": "Feature", "geometry": {"type": "MultiPolygon", "coordinates": [[[[3.4016409, 45.1488947], [3.4015806, 45.1489565], [3.4015305, 45.1489359], [3.4014968, 45.1489225], [3.4015815, 45.1488672], [3.4016409, 45.1488947]]]]}, "properties": {"type": "01", "nom": null, "commune": "43118", "created": "2014-08-08", "updated": "2018-06-12"}}, {"type": "Feature", "geometry": {"type": "MultiPolygon", "coordinates": [[[[3.3804177, 45.1399819], [3.3804123, 45.1400444], [3.3802886, 45.1400462], [3.3802985, 45.1399801], [3.3804177, 45.1399819]]]]}, "properties": {"type": "01", "nom": null, "commune": "43175", "created": "2015-01-14", "updated": "2018-06-12"}}, {"type": "Feature", "geometry": {"type": "MultiPolygon", "coordinates": [[[[3.3728117, 45.1513294], [3.3728173, 45.1513507], [3.3728509, 45.1514229], [3.3729023, 45.1515567], [3.3728181, 45.1515715], [3.3727994, 45.1514998], [3.3727455, 45.151493], [3.3726981, 45.1513748], [3.3727379, 45.151344], [3.372767, 45.1513214], [3.3727728, 45.151336], [3.3728117, 45.1513294]]]]}, "properties": {"type": "01", "nom": null, "commune": "43031", "created": "2014-08-08", "updated": "2018-06-12"}}, {"type": "Feature", "geometry": {"type": "MultiPolygon", "coordinates": [[[[3.3728181, 45.1515715], [3.3727798, 45.1515783], [3.3727455, 45.151493], [3.3727994, 45.1514998], [3.3728181, 45.1515715]]]]}, "properties": {"type": "01", "nom": null, "commune": "43031", "created": "2014-08-08", "updated": "2018-06-12"}}, {"type": "Feature", "geometry": {"type": "MultiPolygon", "coordinates": [[[[3.4017026, 45.1489193], [3.4016365, 45.1489811], [3.4015806, 45.1489565], [3.4016409, 45.1488947], [3.4017026, 45.1489193]]]]}, "properties": {"type": "01", "nom": null, "commune": "43118", "created": "2014-08-08", "updated": "2018-06-12"}}, {"type": "Feature", "geometry": {"type": "MultiPolygon", "coordinates": [[[[3.3809198, 45.1399182], [3.3809126, 45.1399543], [3.3808557, 45.1399461], [3.3808726, 45.139915], [3.3808961, 45.1399149], [3.380887, 45.139778], [3.3808838, 45.1397173], [3.381045, 45.1397148], [3.3810625, 45.1398534], [3.3809968, 45.1398566], [3.3809965, 45.13988], [3.380971, 45.1398803], [3.3809685, 45.1399192], [3.3809198, 45.1399182]]]]}, "properties": {"type": "01", "nom": null, "commune": "43175", "created": "2015-01-14", "updated": "2018-06-12"}}, {"type": "Feature", "geometry": {"type": "MultiPolygon", "coordinates": [[[[3.3728509, 45.1514229], [3.3729436, 45.151406], [3.3729963, 45.1513971], [3.3730451, 45.1515238], [3.3730472, 45.1515293], [3.3729023, 45.1515567], [3.3728509, 45.1514229]]]]}, "properties": {"type": "01", "nom": null, "commune": "43031", "created": "2014-08-08", "updated": "2018-06-12"}}, {"type": "Feature", "geometry": {"type": "MultiPolygon", "coordinates": [[[[3.4016345, 45.1489828], [3.4016365, 45.1489811], [3.4017026, 45.1489193], [3.4017809, 45.1489502], [3.4017913, 45.148946], [3.4018525, 45.1489853], [3.4017534, 45.1490575], [3.4017323, 45.1490434], [3.4016843, 45.1490127], [3.4016345, 45.1489828]]]]}, "properties": {"type": "01", "nom": null, "commune": "43118", "created": "2014-08-08", "updated": "2018-06-12"}}, {"type": "Feature", "geometry": {"type": "MultiPolygon", "coordinates": [[[[3.3807615, 45.1402284], [3.380754, 45.140343], [3.3808639, 45.1403454], [3.3808615, 45.1403835], [3.380667, 45.1403871], [3.3806806, 45.1402199], [3.3807615, 45.1402284]]]]}, "properties": {"type": "01", "nom": null, "commune": "43175", "created": "2015-01-14", "updated": "2018-06-12"}}, {"type": "Feature", "geometry": {"type": "MultiPolygon", "coordinates": [[[[3.3735308, 45.1512573], [3.3735758, 45.1512505], [3.3735864, 45.1512945], [3.373544, 45.151301], [3.3735308, 45.1512573]]]]}, "properties": {"type": "01", "nom": null, "commune": "43031", "created": "2014-08-08", "updated": "2018-06-12"}}, {"type": "Feature", "geometry": {"type": "MultiPolygon", "coordinates": [[[[3.4018554, 45.1491246], [3.4017534, 45.1490575], [3.4018525, 45.1489853], [3.4019545, 45.1490511], [3.4019431, 45.1490603], [3.4020042, 45.1491025], [3.402059, 45.1491491], [3.4019761, 45.1491679], [3.4018808, 45.1491054], [3.4018554, 45.1491246]]]]}, "properties": {"type": "01", "nom": null, "commune": "43118", "created": "2014-08-08", "updated": "2018-06-12"}}, {"type": "Feature", "geometry": {"type": "MultiPolygon", "coordinates": [[[[3.3801813, 45.1404145], [3.3801789, 45.1404685], [3.3801126, 45.140467], [3.380115, 45.1404131], [3.3801813, 45.1404145]]]]}, "properties": {"type": "01", "nom": null, "commune": "43175", "created": "2015-01-14", "updated": "2018-06-12"}}, {"type": "Feature", "geometry": {"type": "MultiPolygon", "coordinates": [[[[3.3734201, 45.1512696], [3.373396, 45.1513342], [3.3733641, 45.1513382], [3.3732834, 45.15126], [3.3733315, 45.1512523], [3.3733513, 45.15127], [3.3734201, 45.1512696]]]]}, "properties": {"type": "01", "nom": null, "commune": "43031", "created": "2014-08-08", "updated": "2018-06-12"}}, {"type": "Feature", "geometry": {"type": "MultiPolygon", "coordinates": [[[[3.4016976, 45.1490982], [3.4016206, 45.1491548], [3.4015782, 45.149129], [3.4016072, 45.1491073], [3.4015602, 45.1490756], [3.4016034, 45.1490404], [3.4016976, 45.1490982]]]]}, "properties": {"type": "01", "nom": null, "commune": "43118", "created": "2014-08-08", "updated": "2018-06-12"}}, {"type": "Feature", "geometry": {"type": "MultiPolygon", "coordinates": [[[[3.3799633, 45.1399961], [3.3799156, 45.1399997], [3.3799013, 45.1399467], [3.3798753, 45.1398524], [3.3798443, 45.1398551], [3.3798357, 45.1398191], [3.3799553, 45.1398088], [3.3799927, 45.1399408], [3.3800065, 45.1399388], [3.3800332, 45.1400327], [3.3800193, 45.1400339], [3.3799763, 45.1400373], [3.3799633, 45.1399961]]]]}, "properties": {"type": "01", "nom": null, "commune": "43175", "created": "2015-01-14", "updated": "2018-06-12"}}, {"type": "Feature", "geometry": {"type": "MultiPolygon", "coordinates": [[[[3.3734371, 45.1514603], [3.3733695, 45.1514686], [3.3733476, 45.1514705], [3.3733327, 45.1514883], [3.3733311, 45.151516], [3.3732871, 45.1515136], [3.3732797, 45.1515059], [3.3732561, 45.151477], [3.3732373, 45.1514463], [3.3732236, 45.1514143], [3.3733211, 45.1513967], [3.3734178, 45.1513846], [3.3734371, 45.1514603]]]]}, "properties": {"type": "01", "nom": null, "commune": "43031", "created": "2014-08-08", "updated": "2018-06-12"}}, {"type": "Feature", "geometry": {"type": "MultiPolygon", "coordinates": [[[[3.4018667, 45.1492507], [3.4017949, 45.1492049], [3.4018407, 45.1491647], [3.4019349, 45.1491971], [3.4018667, 45.1492507]]]]}, "properties": {"type": "01", "nom": null, "commune": "43118", "created": "2014-08-08", "updated": "2018-06-12"}}, {"type": "Feature", "geometry": {"type": "MultiPolygon", "coordinates": [[[[3.3799763, 45.1400373], [3.3798792, 45.1400452], [3.3798767, 45.1400373], [3.3798685, 45.1400383], [3.3798608, 45.1400359], [3.3798567, 45.1400306], [3.3798579, 45.1400246], [3.3798638, 45.1400203], [3.3798755, 45.1400192], [3.3798725, 45.1400038], [3.3799156, 45.1399997], [3.3799633, 45.1399961], [3.3799763, 45.1400373]]]]}, "properties": {"type": "01", "nom": null, "commune": "43175", "created": "2015-01-14", "updated": "2018-06-12"}}, {"type": "Feature", "geometry": {"type": "MultiPolygon", "coordinates": [[[[3.3734371, 45.1514603], [3.3734178, 45.1513846], [3.3735717, 45.151366], [3.37359, 45.1514417], [3.3735198, 45.1514503], [3.3734371, 45.1514603]]]]}, "properties": {"type": "01", "nom": null, "commune": "43031", "created": "2014-08-08", "updated": "2018-06-12"}}, {"type": "Feature", "geometry": {"type": "MultiPolygon", "coordinates": [[[[3.4017179, 45.1492607], [3.4017554, 45.1492338], [3.4018332, 45.1492916], [3.4017918, 45.1493215], [3.4017179, 45.1492607]]]]}, "properties": {"type": "01", "nom": null, "commune": "43118", "created": "2014-08-08", "updated": "2018-06-12"}}, {"type": "Feature", "geometry": {"type": "MultiPolygon", "coordinates": [[[[3.3807326, 45.1394535], [3.3807644, 45.1394498], [3.3807904, 45.1395458], [3.3806813, 45.1395577], [3.3806428, 45.1394148], [3.3807214, 45.1394042], [3.3807326, 45.1394535]]]]}, "properties": {"type": "01", "nom": null, "commune": "43175", "created": "2015-01-14", "updated": "2018-06-12"}}, {"type": "Feature", "geometry": {"type": "MultiPolygon", "coordinates": [[[[3.3735717, 45.151366], [3.3736717, 45.1513538], [3.3736902, 45.1514295], [3.37359, 45.1514417], [3.3735717, 45.151366]]]]}, "properties": {"type": "01", "nom": null, "commune": "43031", "created": "2014-08-08", "updated": "2018-06-12"}}, {"type": "Feature", "geometry": {"type": "MultiPolygon", "coordinates": [[[[3.401946, 45.1493039], [3.4018667, 45.1492507], [3.4019349, 45.1491971], [3.4019871, 45.1492315], [3.4020206, 45.1492536], [3.4019489, 45.149302], [3.401946, 45.1493039]]]]}, "properties": {"type": "01", "nom": null, "commune": "43118", "created": "2014-08-08", "updated": "2018-06-12"}}, {"type": "Feature", "geometry": {"type": "MultiPolygon", "coordinates": [[[[3.3809033, 45.1395847], [3.3810209, 45.1395852], [3.3810099, 45.1396832], [3.3808941, 45.1396841], [3.3809033, 45.1395847]]]]}, "properties": {"type": "01", "nom": null, "commune": "43175", "created": "2015-01-14", "updated": "2018-06-12"}}, {"type": "Feature", "geometry": {"type": "MultiPolygon", "coordinates": [[[[3.3735198, 45.1514503], [3.3735282, 45.151488], [3.3735702, 45.1514879], [3.3735227, 45.1515877], [3.3735095, 45.1515878], [3.3735089, 45.1514968], [3.3734484, 45.1515044], [3.3734371, 45.1514603], [3.3735198, 45.1514503]]]]}, "properties": {"type": "01", "nom": null, "commune": "43031", "created": "2014-08-08", "updated": "2018-06-12"}}, {"type": "Feature", "geometry": {"type": "MultiPolygon", "coordinates": [[[[3.4020206, 45.1492536], [3.4020967, 45.1493038], [3.4020278, 45.1493559], [3.4019489, 45.149302], [3.4020206, 45.1492536]]]]}, "properties": {"type": "01", "nom": null, "commune": "43118", "created": "2014-08-08", "updated": "2018-06-12"}}, {"type": "Feature", "geometry": {"type": "MultiPolygon", "coordinates": [[[[3.3811057, 45.1396208], [3.3811284, 45.1395739], [3.3811711, 45.1395843], [3.3811484, 45.1396312], [3.3811057, 45.1396208]]]]}, "properties": {"type": "01", "nom": null, "commune": "43175", "created": "2015-01-14", "updated": "2018-06-12"}}, {"type": "Feature", "geometry": {"type": "MultiPolygon", "coordinates": [[[[3.3735702, 45.1514879], [3.3735987, 45.1514878], [3.3735994, 45.1515875], [3.3735227, 45.1515877], [3.3735702, 45.1514879]]]]}, "properties": {"type": "01", "nom": null, "commune": "43031", "created": "2014-08-08", "updated": "2018-06-12"}}, {"type": "Feature", "geometry": {"type": "MultiPolygon", "coordinates": [[[[3.4021207, 45.1489533], [3.4020842, 45.1490014], [3.4020752, 45.1490127], [3.4019236, 45.1489528], [3.4019611, 45.1489005], [3.4021207, 45.1489533]]]]}, "properties": {"type": "01", "nom": null, "commune": "43118", "created": "2014-08-08", "updated": "2018-06-12"}}, {"type": "Feature", "geometry": {"type": "MultiPolygon", "coordinates": [[[[3.3800982, 45.1399652], [3.3800701, 45.1399672], [3.3800669, 45.139941], [3.3800928, 45.1399396], [3.3800982, 45.1399652]]]]}, "properties": {"type": "01", "nom": null, "commune": "43175", "created": "2015-01-14", "updated": "2018-06-12"}}, {"type": "Feature", "geometry": {"type": "MultiPolygon", "coordinates": [[[[3.3736723, 45.1516948], [3.3737644, 45.151543], [3.3739994, 45.1516172], [3.3740227, 45.1515802], [3.3741386, 45.1516167], [3.3740203, 45.1518045], [3.3736723, 45.1516948]]]]}, "properties": {"type": "01", "nom": null, "commune": "43031", "created": "2014-08-08", "updated": "2018-06-12"}}, {"type": "Feature", "geometry": {"type": "MultiPolygon", "coordinates": [[[[3.4021483, 45.1489625], [3.4021132, 45.1490119], [3.4020842, 45.1490014], [3.4021207, 45.1489533], [3.4021483, 45.1489625]]]]}, "properties": {"type": "01", "nom": null, "commune": "43118", "created": "2014-08-08", "updated": "2018-06-12"}}, {"type": "Feature", "geometry": {"type": "MultiPolygon", "coordinates": [[[[3.3801051, 45.1399646], [3.3800982, 45.1399652], [3.3800928, 45.1399396], [3.3801024, 45.1399391], [3.3801051, 45.1399646]]]]}, "properties": {"type": "01", "nom": null, "commune": "43175", "created": "2015-01-14", "updated": "2018-06-12"}}, {"type": "Feature", "geometry": {"type": "MultiPolygon", "coordinates": [[[[3.3731498, 45.1515025], [3.3731755, 45.1515657], [3.3730714, 45.1515855], [3.3730657, 45.1515729], [3.3730499, 45.1515375], [3.3730472, 45.1515293], [3.3730451, 45.1515238], [3.3731498, 45.1515025]]]]}, "properties": {"type": "01", "nom": null, "commune": "43031", "created": "2014-08-08", "updated": "2018-06-12"}}, {"type": "Feature", "geometry": {"type": "MultiPolygon", "coordinates": [[[[3.4022288, 45.1489891], [3.4021896, 45.1490392], [3.4021132, 45.1490119], [3.4021483, 45.1489625], [3.4022288, 45.1489891]]]]}, "properties": {"type": "01", "nom": null, "commune": "43118", "created": "2014-08-08", "updated": "2018-06-12"}}, {"type": "Feature", "geometry": {"type": "MultiPolygon", "coordinates": [[[[3.3799804, 45.14006], [3.3799763, 45.1400373], [3.3800193, 45.1400339], [3.3800233, 45.1400562], [3.3799804, 45.14006]]]]}, "properties": {"type": "01", "nom": null, "commune": "43175", "created": "2015-01-14", "updated": "2018-06-12"}}, {"type": "Feature", "geometry": {"type": "MultiPolygon", "coordinates": [[[[3.3725096, 45.1535874], [3.3724842, 45.1535882], [3.372485, 45.1535657], [3.3725095, 45.1535658], [3.3725096, 45.1535874]]]]}, "properties": {"type": "02", "nom": null, "commune": "43031", "created": "2014-08-08", "updated": "2018-06-12"}}, {"type": "Feature", "geometry": {"type": "MultiPolygon", "coordinates": [[[[3.4022898, 45.1490125], [3.40225, 45.1490609], [3.4021896, 45.1490392], [3.4022288, 45.1489891], [3.4022898, 45.1490125]]]]}, "properties": {"type": "01", "nom": null, "commune": "43118", "created": "2014-08-08", "updated": "2018-06-12"}}, {"type": "Feature", "geometry": {"type": "MultiPolygon", "coordinates": [[[[3.3807368, 45.139929], [3.3807263, 45.1399956], [3.3806983, 45.1399906], [3.3807206, 45.1399268], [3.3807368, 45.139929]]]]}, "properties": {"type": "02", "nom": null, "commune": "43175", "created": "2015-01-14", "updated": "2018-06-12"}}, {"type": "Feature", "geometry": {"type": "MultiPolygon", "coordinates": [[[[3.3589365, 45.1595772], [3.3589211, 45.1594954], [3.359289, 45.1594607], [3.3592803, 45.1594147], [3.3588573, 45.1594545], [3.3588416, 45.1593712], [3.359597, 45.1593], [3.3596128, 45.1593834], [3.3592981, 45.159413], [3.3593067, 45.1594592], [3.3596232, 45.1594292], [3.3596386, 45.159511], [3.3589365, 45.1595772]]]]}, "properties": {"type": "01", "nom": null, "commune": "43031", "created": "2016-05-20", "updated": "2018-06-12"}}, {"type": "Feature", "geometry": {"type": "MultiPolygon", "coordinates": [[[[3.4023546, 45.1490397], [3.4023157, 45.1490845], [3.40225, 45.1490609], [3.4022898, 45.1490125], [3.4023546, 45.1490397]]]]}, "properties": {"type": "01", "nom": null, "commune": "43118", "created": "2014-08-08", "updated": "2018-06-12"}}, {"type": "Feature", "geometry": {"type": "MultiPolygon", "coordinates": [[[[3.3807263, 45.1399956], [3.3807368, 45.139929], [3.3808098, 45.1399395], [3.3807871, 45.1400019], [3.3807263, 45.1399956]]]]}, "properties": {"type": "02", "nom": null, "commune": "43175", "created": "2015-01-14", "updated": "2018-06-12"}}, {"type": "Feature", "geometry": {"type": "MultiPolygon", "coordinates": [[[[3.3617912, 45.1569419], [3.3618803, 45.1571122], [3.3618968, 45.1571436], [3.3619332, 45.1572134], [3.3617653, 45.1572423], [3.3617602, 45.1572234], [3.3617725, 45.1572217], [3.3617582, 45.1571671], [3.3617973, 45.1571587], [3.3617439, 45.1570572], [3.3617343, 45.1570588], [3.3616848, 45.1569599], [3.3617912, 45.1569419]]]]}, "properties": {"type": "01", "nom": null, "commune": "43031", "created": "2014-08-08", "updated": "2018-06-12"}}, {"type": "Feature", "geometry": {"type": "MultiPolygon", "coordinates": [[[[3.4024239, 45.1490689], [3.4023975, 45.1490955], [3.402384, 45.1491089], [3.4023157, 45.1490845], [3.4023546, 45.1490397], [3.4024239, 45.1490689]]]]}, "properties": {"type": "01", "nom": null, "commune": "43118", "created": "2014-08-08", "updated": "2018-06-12"}}, {"type": "Feature", "geometry": {"type": "MultiPolygon", "coordinates": [[[[3.3803903, 45.1402592], [3.3803474, 45.1402747], [3.3803053, 45.1402215], [3.3804343, 45.1401688], [3.3804748, 45.1402198], [3.3804737, 45.1402238], [3.3803903, 45.1402592]]]]}, "properties": {"type": "02", "nom": null, "commune": "43175", "created": "2015-01-14", "updated": "2018-06-12"}}, {"type": "Feature", "geometry": {"type": "MultiPolygon", "coordinates": [[[[3.3618041, 45.1575125], [3.3618023, 45.1574286], [3.3619866, 45.1574158], [3.3620642, 45.1574118], [3.3620812, 45.1574443], [3.3620973, 45.1574929], [3.3618915, 45.157507], [3.3618041, 45.1575125]]]]}, "properties": {"type": "01", "nom": null, "commune": "43031", "created": "2014-08-08", "updated": "2018-06-12"}}, {"type": "Feature", "geometry": {"type": "MultiPolygon", "coordinates": [[[[3.4022062, 45.1490896], [3.4021607, 45.1491355], [3.4020749, 45.1490486], [3.4020866, 45.1490379], [3.4022062, 45.1490896]]]]}, "properties": {"type": "01", "nom": null, "commune": "43118", "created": "2014-08-08", "updated": "2018-06-12"}}, {"type": "Feature", "geometry": {"type": "MultiPolygon", "coordinates": [[[[3.3807644, 45.1394498], [3.3807326, 45.1394535], [3.3807214, 45.1394042], [3.3807512, 45.1394001], [3.3807644, 45.1394498]]]]}, "properties": {"type": "02", "nom": null, "commune": "43175", "created": "2015-01-14", "updated": "2018-06-12"}}, {"type": "Feature", "geometry": {"type": "MultiPolygon", "coordinates": [[[[3.3615313, 45.1579614], [3.3615848, 45.1578323], [3.3617329, 45.1578619], [3.3616773, 45.1579932], [3.3615313, 45.1579614]]]]}, "properties": {"type": "01", "nom": null, "commune": "43031", "created": "2014-08-08", "updated": "2018-06-12"}}, {"type": "Feature", "geometry": {"type": "MultiPolygon", "coordinates": [[[[3.4022062, 45.1490896], [3.4022144, 45.1490787], [3.4023643, 45.1491344], [3.4023096, 45.1491906], [3.4022664, 45.149165], [3.4022248, 45.1492001], [3.4021607, 45.1491355], [3.4022062, 45.1490896]]]]}, "properties": {"type": "01", "nom": null, "commune": "43118", "created": "2014-08-08", "updated": "2018-06-12"}}, {"type": "Feature", "geometry": {"type": "MultiPolygon", "coordinates": [[[[3.3807855, 45.1400064], [3.3807263, 45.1399956], [3.3807871, 45.1400019], [3.3807855, 45.1400064]]]]}, "properties": {"type": "02", "nom": null, "commune": "43175", "created": "2015-01-14", "updated": "2018-06-12"}}, {"type": "Feature", "geometry": {"type": "MultiPolygon", "coordinates": [[[[3.361476, 45.1580877], [3.3616208, 45.1581219], [3.3615816, 45.1582117], [3.3614365, 45.1581778], [3.361476, 45.1580877]]]]}, "properties": {"type": "01", "nom": null, "commune": "43031", "created": "2014-08-08", "updated": "2018-06-12"}}, {"type": "Feature", "geometry": {"type": "MultiPolygon", "coordinates": [[[[3.4023089, 45.1491939], [3.4022662, 45.1492384], [3.4022248, 45.1492001], [3.4022664, 45.149165], [3.4023096, 45.1491906], [3.4023089, 45.1491939]]]]}, "properties": {"type": "01", "nom": null, "commune": "43118", "created": "2014-08-08", "updated": "2018-06-12"}}, {"type": "Feature", "geometry": {"type": "MultiPolygon", "coordinates": [[[[3.3801051, 45.1399646], [3.3801065, 45.1399769], [3.3801009, 45.1399778], [3.3800982, 45.1399652], [3.3801051, 45.1399646]]]]}, "properties": {"type": "02", "nom": null, "commune": "43175", "created": "2015-01-14", "updated": "2018-06-12"}}, {"type": "Feature", "geometry": {"type": "MultiPolygon", "coordinates": [[[[3.3615313, 45.1579614], [3.3616773, 45.1579932], [3.3616208, 45.1581219], [3.361476, 45.1580877], [3.3615313, 45.1579614]]]]}, "properties": {"type": "02", "nom": null, "commune": "43031", "created": "2014-08-08", "updated": "2018-06-12"}}, {"type": "Feature", "geometry": {"type": "MultiPolygon", "coordinates": [[[[3.4023849, 45.1492336], [3.4023221, 45.1492901], [3.4022662, 45.1492384], [3.4023089, 45.1491939], [3.4023849, 45.1492336]]]]}, "properties": {"type": "01", "nom": null, "commune": "43118", "created": "2014-08-08", "updated": "2018-06-12"}}, {"type": "Feature", "geometry": {"type": "MultiPolygon", "coordinates": [[[[3.3800773, 45.140023], [3.3800701, 45.1399672], [3.3800982, 45.1399652], [3.3801009, 45.1399778], [3.3801065, 45.1399769], [3.380111, 45.1400212], [3.3800773, 45.140023]]]]}, "properties": {"type": "02", "nom": null, "commune": "43175", "created": "2015-01-14", "updated": "2018-06-12"}}, {"type": "Feature", "geometry": {"type": "MultiPolygon", "coordinates": [[[[3.3615086, 45.1584655], [3.3614312, 45.1584953], [3.3613809, 45.1584365], [3.3613961, 45.1584292], [3.3613838, 45.1584144], [3.3614099, 45.1584043], [3.3614229, 45.1584181], [3.3614596, 45.1584037], [3.361504, 45.1584597], [3.3615086, 45.1584655]]]]}, "properties": {"type": "01", "nom": null, "commune": "43031", "created": "2014-08-08", "updated": "2018-06-12"}}, {"type": "Feature", "geometry": {"type": "MultiPolygon", "coordinates": [[[[3.4023849, 45.1492336], [3.4024743, 45.1492859], [3.402452, 45.1493052], [3.4024263, 45.1493284], [3.402393, 45.1493556], [3.4023221, 45.1492901], [3.4023849, 45.1492336]]]]}, "properties": {"type": "01", "nom": null, "commune": "43118", "created": "2014-08-08", "updated": "2018-06-12"}}, {"type": "Feature", "geometry": {"type": "MultiPolygon", "coordinates": [[[[3.3815592, 45.140283], [3.3815446, 45.1402725], [3.381584, 45.140245], [3.3816003, 45.1402548], [3.3815592, 45.140283]]]]}, "properties": {"type": "02", "nom": null, "commune": "43175", "created": "2015-01-14", "updated": "2018-06-12"}}, {"type": "Feature", "geometry": {"type": "MultiPolygon", "coordinates": [[[[3.3616336, 45.1584965], [3.3615592, 45.158529], [3.3615086, 45.1584655], [3.361504, 45.1584597], [3.3615586, 45.1584402], [3.3615404, 45.1584144], [3.3615722, 45.1584028], [3.3615857, 45.1584243], [3.3616336, 45.1584965]]]]}, "properties": {"type": "01", "nom": null, "commune": "43031", "created": "2014-08-08", "updated": "2018-06-12"}}, {"type": "Feature", "geometry": {"type": "MultiPolygon", "coordinates": [[[[3.4024743, 45.1492859], [3.4023849, 45.1492336], [3.4024485, 45.1491776], [3.40249, 45.1491982], [3.4025117, 45.1491781], [3.4025611, 45.1491987], [3.4025627, 45.1492105], [3.4024743, 45.1492859]]]]}, "properties": {"type": "01", "nom": null, "commune": "43118", "created": "2014-08-08", "updated": "2018-06-12"}}, {"type": "Feature", "geometry": {"type": "MultiPolygon", "coordinates": [[[[3.3816003, 45.1402548], [3.381584, 45.140245], [3.3815698, 45.1402365], [3.3815939, 45.1402174], [3.3814964, 45.1401645], [3.3815315, 45.1401309], [3.3815572, 45.1401428], [3.3815779, 45.1401551], [3.381656, 45.1402109], [3.3816603, 45.1402138], [3.3816003, 45.1402548]]]]}, "properties": {"type": "02", "nom": null, "commune": "43175", "created": "2015-01-14", "updated": "2018-06-12"}}, {"type": "Feature", "geometry": {"type": "MultiPolygon", "coordinates": [[[[3.3619551, 45.1583262], [3.3619568, 45.1583028], [3.3620195, 45.158286], [3.3620353, 45.1583022], [3.3620543, 45.1583273], [3.3620684, 45.1583539], [3.3621384, 45.1583336], [3.3621463, 45.1583545], [3.3621608, 45.1584001], [3.3621517, 45.1584041], [3.362012, 45.1584502], [3.3619847, 45.1584148], [3.3619568, 45.1584219], [3.361931, 45.1583793], [3.3619166, 45.1583534], [3.3619483, 45.1583432], [3.3619627, 45.1583391], [3.3619551, 45.1583262]]]]}, "properties": {"type": "01", "nom": null, "commune": "43031", "created": "2014-08-08", "updated": "2018-06-12"}}, {"type": "Feature", "geometry": {"type": "MultiPolygon", "coordinates": [[[[3.4023096, 45.1491906], [3.4023643, 45.1491344], [3.4024485, 45.1491776], [3.4023849, 45.1492336], [3.4023089, 45.1491939], [3.4023096, 45.1491906]]]]}, "properties": {"type": "01", "nom": null, "commune": "43118", "created": "2014-08-08", "updated": "2018-06-12"}}, {"type": "Feature", "geometry": {"type": "MultiPolygon", "coordinates": [[[[3.3815446, 45.1402725], [3.3815592, 45.140283], [3.3814941, 45.1403275], [3.3814445, 45.1402908], [3.3815084, 45.1402463], [3.3815446, 45.1402725]]]]}, "properties": {"type": "02", "nom": null, "commune": "43175", "created": "2015-01-14", "updated": "2018-06-12"}}, {"type": "Feature", "geometry": {"type": "MultiPolygon", "coordinates": [[[[3.3616096, 45.1584603], [3.3616917, 45.158423], [3.3617196, 45.1584588], [3.3617068, 45.1584644], [3.3616336, 45.1584965], [3.3616096, 45.1584603]]]]}, "properties": {"type": "02", "nom": null, "commune": "43031", "created": "2016-05-20", "updated": "2018-06-12"}}, {"type": "Feature", "geometry": {"type": "MultiPolygon", "coordinates": [[[[3.402197, 45.1493584], [3.4020556, 45.1493971], [3.4020134, 45.1493668], [3.4020278, 45.1493559], [3.4020967, 45.1493038], [3.4021377, 45.1492728], [3.4022105, 45.1493472], [3.402197, 45.1493584]]]]}, "properties": {"type": "01", "nom": null, "commune": "43118", "created": "2014-08-08", "updated": "2018-06-12"}}, {"type": "Feature", "geometry": {"type": "MultiPolygon", "coordinates": [[[[3.3820018, 45.1407139], [3.3820123, 45.1407004], [3.3820323, 45.1407081], [3.3820221, 45.1407216], [3.3820018, 45.1407139]]]]}, "properties": {"type": "02", "nom": null, "commune": "43175", "created": "2015-01-14", "updated": "2018-06-12"}}, {"type": "Feature", "geometry": {"type": "MultiPolygon", "coordinates": [[[[3.3615086, 45.1584655], [3.3615212, 45.1584814], [3.3614445, 45.1585109], [3.3614312, 45.1584953], [3.3615086, 45.1584655]]]]}, "properties": {"type": "02", "nom": null, "commune": "43031", "created": "2016-05-20", "updated": "2018-06-12"}}, {"type": "Feature", "geometry": {"type": "MultiPolygon", "coordinates": [[[[3.402193, 45.1494331], [3.4020865, 45.1494321], [3.4020556, 45.1493971], [3.402197, 45.1493584], [3.4022039, 45.1493842], [3.4022197, 45.1493847], [3.4022133, 45.1494324], [3.402193, 45.1494331]]]]}, "properties": {"type": "01", "nom": null, "commune": "43118", "created": "2014-08-08", "updated": "2018-06-12"}}, {"type": "Feature", "geometry": {"type": "MultiPolygon", "coordinates": [[[[3.381583, 45.1406601], [3.3815427, 45.1406812], [3.3815051, 45.1406424], [3.3815434, 45.1406223], [3.381583, 45.1406601]]]]}, "properties": {"type": "02", "nom": null, "commune": "43175", "created": "2015-01-14", "updated": "2018-06-12"}}, {"type": "Feature", "geometry": {"type": "MultiPolygon", "coordinates": [[[[3.3617725, 45.1583917], [3.3617875, 45.1583866], [3.3617954, 45.1583982], [3.3619198, 45.1583589], [3.361931, 45.1583793], [3.3619568, 45.1584219], [3.3619087, 45.1584391], [3.3618739, 45.1584491], [3.3618232, 45.1584657], [3.3618176, 45.1584575], [3.3617767, 45.1583979], [3.3617725, 45.1583917]]]]}, "properties": {"type": "02", "nom": null, "commune": "43031", "created": "2016-05-20", "updated": "2018-06-12"}}, {"type": "Feature", "geometry": {"type": "MultiPolygon", "coordinates": [[[[3.4021848, 45.1494615], [3.4020865, 45.1494568], [3.4020865, 45.1494321], [3.402193, 45.1494331], [3.4021848, 45.1494615]]]]}, "properties": {"type": "01", "nom": null, "commune": "43118", "created": "2014-08-08", "updated": "2018-06-12"}}, {"type": "Feature", "geometry": {"type": "MultiPolygon", "coordinates": [[[[3.3816218, 45.1410583], [3.3816622, 45.1410099], [3.381723, 45.1410389], [3.381685, 45.1410846], [3.3816218, 45.1410583]]]]}, "properties": {"type": "02", "nom": null, "commune": "43175", "created": "2016-05-20", "updated": "2018-06-12"}}, {"type": "Feature", "geometry": {"type": "MultiPolygon", "coordinates": [[[[3.3619723, 45.1571396], [3.3619775, 45.1571397], [3.3620348, 45.1571361], [3.3620439, 45.1572708], [3.3619633, 45.1572711], [3.3619555, 45.1572096], [3.3619332, 45.1572134], [3.3618968, 45.1571436], [3.3619723, 45.1571396]]]]}, "properties": {"type": "01", "nom": null, "commune": "43031", "created": "2014-08-08", "updated": "2018-06-12"}}, {"type": "Feature", "geometry": {"type": "MultiPolygon", "coordinates": [[[[3.4020865, 45.1494568], [3.4021848, 45.1494615], [3.4021713, 45.1495085], [3.4020857, 45.1494947], [3.4020865, 45.1494568]]]]}, "properties": {"type": "01", "nom": null, "commune": "43118", "created": "2014-08-08", "updated": "2018-06-12"}}, {"type": "Feature", "geometry": {"type": "MultiPolygon", "coordinates": [[[[3.3815787, 45.1411101], [3.3816218, 45.1410583], [3.381685, 45.1410846], [3.3817055, 45.1410933], [3.3816596, 45.1411439], [3.3815787, 45.1411101]]]]}, "properties": {"type": "01", "nom": null, "commune": "43175", "created": "2016-05-20", "updated": "2018-06-12"}}, {"type": "Feature", "geometry": {"type": "MultiPolygon", "coordinates": [[[[3.3620079, 45.1576925], [3.3621213, 45.1576878], [3.3621336, 45.1578334], [3.3620325, 45.1578376], [3.3620079, 45.1576925]]]]}, "properties": {"type": "01", "nom": null, "commune": "43031", "created": "2014-08-08", "updated": "2018-06-12"}}, {"type": "Feature", "geometry": {"type": "MultiPolygon", "coordinates": [[[[3.4020749, 45.1496424], [3.4020835, 45.1495797], [3.4021467, 45.1495889], [3.4021366, 45.1496479], [3.4020925, 45.1496434], [3.4020749, 45.1496424]]]]}, "properties": {"type": "01", "nom": null, "commune": "43118", "created": "2014-08-08", "updated": "2018-06-12"}}, {"type": "Feature", "geometry": {"type": "MultiPolygon", "coordinates": [[[[3.3799903, 45.1396607], [3.3799802, 45.1395933], [3.3802056, 45.1395763], [3.3802158, 45.1396438], [3.3799903, 45.1396607]]]]}, "properties": {"type": "02", "nom": null, "commune": "43175", "created": "2016-05-20", "updated": "2018-06-12"}}, {"type": "Feature", "geometry": {"type": "MultiPolygon", "coordinates": [[[[3.3618803, 45.1571122], [3.3619067, 45.157105], [3.3619211, 45.157131], [3.3619611, 45.1571289], [3.3619723, 45.1571396], [3.3618968, 45.1571436], [3.3618803, 45.1571122]]]]}, "properties": {"type": "02", "nom": null, "commune": "43031", "created": "2014-08-08", "updated": "2018-06-12"}}, {"type": "Feature", "geometry": {"type": "MultiPolygon", "coordinates": [[[[3.4024269, 45.1493788], [3.4024518, 45.1493594], [3.4024778, 45.1493761], [3.4024532, 45.1493953], [3.4024269, 45.1493788]]]]}, "properties": {"type": "01", "nom": null, "commune": "43118", "created": "2014-08-08", "updated": "2018-06-12"}}, {"type": "Feature", "geometry": {"type": "MultiPolygon", "coordinates": [[[[3.3815494, 45.1411453], [3.3815787, 45.1411101], [3.3816596, 45.1411439], [3.3816313, 45.1411751], [3.3815494, 45.1411453]]]]}, "properties": {"type": "02", "nom": null, "commune": "43175", "created": "2016-05-20", "updated": "2018-06-12"}}, {"type": "Feature", "geometry": {"type": "MultiPolygon", "coordinates": [[[[3.3619768, 45.1571275], [3.3620341, 45.1571256], [3.3620348, 45.1571361], [3.3619775, 45.1571397], [3.3619768, 45.1571275]]]]}, "properties": {"type": "02", "nom": null, "commune": "43031", "created": "2014-08-08", "updated": "2018-06-12"}}, {"type": "Feature", "geometry": {"type": "MultiPolygon", "coordinates": [[[[3.402318, 45.1494332], [3.4022682, 45.1494575], [3.4022695, 45.1494178], [3.4022879, 45.1494097], [3.402318, 45.1494332]]]]}, "properties": {"type": "01", "nom": null, "commune": "43118", "created": "2014-08-08", "updated": "2018-06-12"}}, {"type": "Feature", "geometry": {"type": "MultiPolygon", "coordinates": [[[[3.4057827, 45.1435861], [3.4057499, 45.1435687], [3.4057998, 45.1435214], [3.4058326, 45.1435388], [3.4057827, 45.1435861]]]]}, "properties": {"type": "02", "nom": null, "commune": "43175", "created": "2016-05-20", "updated": "2018-06-12"}}, {"type": "Feature", "geometry": {"type": "MultiPolygon", "coordinates": [[[[3.3619775, 45.1571397], [3.3619723, 45.1571396], [3.3619611, 45.1571289], [3.3619768, 45.1571275], [3.3619775, 45.1571397]]]]}, "properties": {"type": "02", "nom": null, "commune": "43031", "created": "2014-08-08", "updated": "2018-06-12"}}, {"type": "Feature", "geometry": {"type": "MultiPolygon", "coordinates": [[[[3.4022535, 45.1496162], [3.4022344, 45.1496396], [3.402199, 45.1496279], [3.4022682, 45.1494575], [3.402318, 45.1494332], [3.4023785, 45.1494768], [3.4023489, 45.1495035], [3.4022696, 45.1495751], [3.4022813, 45.1495819], [3.4022727, 45.1495925], [3.4022535, 45.1496162]]]]}, "properties": {"type": "01", "nom": null, "commune": "43118", "created": "2014-08-08", "updated": "2018-06-12"}}, {"type": "Feature", "geometry": {"type": "MultiPolygon", "coordinates": [[[[3.4066102, 45.1454967], [3.4064672, 45.1454095], [3.4065207, 45.1453666], [3.4066642, 45.1454509], [3.4066102, 45.1454967]]]]}, "properties": {"type": "01", "nom": null, "commune": "43175", "created": "2015-01-14", "updated": "2018-06-12"}}, {"type": "Feature", "geometry": {"type": "MultiPolygon", "coordinates": [[[[3.3621608, 45.1584001], [3.3621463, 45.1583545], [3.3622243, 45.1583388], [3.3622569, 45.1583942], [3.3622836, 45.158437], [3.3623395, 45.1585108], [3.3623668, 45.1585508], [3.3622786, 45.1585706], [3.3622676, 45.1585724], [3.3621517, 45.1584041], [3.3621608, 45.1584001]]]]}, "properties": {"type": "01", "nom": null, "commune": "43031", "created": "2014-08-08", "updated": "2018-06-12"}}, {"type": "Feature", "geometry": {"type": "MultiPolygon", "coordinates": [[[[3.4023489, 45.1495035], [3.4024009, 45.149547], [3.4024028, 45.1495486], [3.4023194, 45.1496106], [3.4022813, 45.1495819], [3.4022696, 45.1495751], [3.4023489, 45.1495035]]]]}, "properties": {"type": "01", "nom": null, "commune": "43118", "created": "2014-08-08", "updated": "2018-06-12"}}, {"type": "Feature", "geometry": {"type": "MultiPolygon", "coordinates": [[[[3.4060077, 45.1443347], [3.4059405, 45.1442533], [3.4058981, 45.1442023], [3.4058894, 45.1441936], [3.4059642, 45.1441613], [3.4059882, 45.1441522], [3.4060181, 45.1441879], [3.4060906, 45.1442744], [3.4060752, 45.1443061], [3.4060077, 45.1443347]]]]}, "properties": {"type": "01", "nom": null, "commune": "43175", "created": "2015-01-14", "updated": "2018-06-12"}}, {"type": "Feature", "geometry": {"type": "MultiPolygon", "coordinates": [[[[3.3623999, 45.1583885], [3.3623343, 45.1584004], [3.362291, 45.1583031], [3.3623761, 45.158287], [3.3624161, 45.1583832], [3.3623999, 45.1583885]]]]}, "properties": {"type": "01", "nom": null, "commune": "43031", "created": "2014-08-08", "updated": "2018-06-12"}}, {"type": "Feature", "geometry": {"type": "MultiPolygon", "coordinates": [[[[3.4023489, 45.1495035], [3.4023785, 45.1494768], [3.4024557, 45.1495121], [3.4024009, 45.149547], [3.4023489, 45.1495035]]]]}, "properties": {"type": "01", "nom": null, "commune": "43118", "created": "2014-08-08", "updated": "2018-06-12"}}, {"type": "Feature", "geometry": {"type": "MultiPolygon", "coordinates": [[[[3.4057499, 45.1435687], [3.4056274, 45.1435041], [3.4056773, 45.1434568], [3.4057998, 45.1435214], [3.4057499, 45.1435687]]]]}, "properties": {"type": "01", "nom": null, "commune": "43175", "created": "2016-05-20", "updated": "2018-06-12"}}, {"type": "Feature", "geometry": {"type": "MultiPolygon", "coordinates": [[[[3.3625742, 45.158718], [3.3625376, 45.1586791], [3.3626162, 45.158642], [3.3626488, 45.1586765], [3.3625742, 45.158718]]]]}, "properties": {"type": "01", "nom": null, "commune": "43031", "created": "2014-08-08", "updated": "2018-06-12"}}, {"type": "Feature", "geometry": {"type": "MultiPolygon", "coordinates": [[[[3.4024736, 45.1496094], [3.4024028, 45.1495486], [3.4024009, 45.149547], [3.4024557, 45.1495121], [3.4025814, 45.1496092], [3.4025127, 45.1496438], [3.4024736, 45.1496094]]]]}, "properties": {"type": "01", "nom": null, "commune": "43118", "created": "2014-08-08", "updated": "2018-06-12"}}, {"type": "Feature", "geometry": {"type": "MultiPolygon", "coordinates": [[[[3.407757, 45.1450251], [3.4077324, 45.1450199], [3.4077603, 45.1449463], [3.407785, 45.1449512], [3.407757, 45.1450251]]]]}, "properties": {"type": "02", "nom": null, "commune": "43175", "created": "2015-01-14", "updated": "2018-06-12"}}, {"type": "Feature", "geometry": {"type": "MultiPolygon", "coordinates": [[[[3.3626506, 45.1587988], [3.3625742, 45.158718], [3.3626488, 45.1586765], [3.3627291, 45.1587616], [3.3626506, 45.1587988]]]]}, "properties": {"type": "01", "nom": null, "commune": "43031", "created": "2014-08-08", "updated": "2018-06-12"}}, {"type": "Feature", "geometry": {"type": "MultiPolygon", "coordinates": [[[[3.4025127, 45.1496438], [3.4025814, 45.1496092], [3.4026257, 45.1496434], [3.4025552, 45.1496778], [3.4025127, 45.1496438]]]]}, "properties": {"type": "01", "nom": null, "commune": "43118", "created": "2014-08-08", "updated": "2018-06-12"}}, {"type": "Feature", "geometry": {"type": "MultiPolygon", "coordinates": [[[[3.4082597, 45.1453016], [3.4081732, 45.145291], [3.4081802, 45.1452642], [3.4082664, 45.1452762], [3.4082597, 45.1453016]]]]}, "properties": {"type": "02", "nom": null, "commune": "43175", "created": "2015-01-14", "updated": "2018-06-12"}}, {"type": "Feature", "geometry": {"type": "MultiPolygon", "coordinates": [[[[3.3626378, 45.1591455], [3.3625556, 45.159181], [3.3625249, 45.1591393], [3.3625848, 45.1591139], [3.3625979, 45.1591293], [3.3626173, 45.1591211], [3.3626378, 45.1591455]]]]}, "properties": {"type": "01", "nom": null, "commune": "43031", "created": "2014-08-08", "updated": "2018-06-12"}}, {"type": "Feature", "geometry": {"type": "MultiPolygon", "coordinates": [[[[3.4025552, 45.1496778], [3.4026257, 45.1496434], [3.4026916, 45.1496942], [3.4026158, 45.1497266], [3.4025552, 45.1496778]]]]}, "properties": {"type": "01", "nom": null, "commune": "43118", "created": "2014-08-08", "updated": "2018-06-12"}}, {"type": "Feature", "geometry": {"type": "MultiPolygon", "coordinates": [[[[3.4073854, 45.1446271], [3.4073378, 45.1446246], [3.407342, 45.14453], [3.4073905, 45.1445316], [3.4073854, 45.1446271]]]]}, "properties": {"type": "02", "nom": null, "commune": "43175", "created": "2015-01-14", "updated": "2018-06-12"}}, {"type": "Feature", "geometry": {"type": "MultiPolygon", "coordinates": [[[[3.3627084, 45.1594473], [3.3625615, 45.15949], [3.3625027, 45.1594243], [3.3624662, 45.1593705], [3.3625528, 45.1593397], [3.3626135, 45.1593187], [3.3627084, 45.1594473]]]]}, "properties": {"type": "01", "nom": null, "commune": "43031", "created": "2014-08-08", "updated": "2018-06-12"}}, {"type": "Feature", "geometry": {"type": "MultiPolygon", "coordinates": [[[[3.4023864, 45.1496552], [3.4023268, 45.1497028], [3.402275, 45.1497217], [3.4022486, 45.1496975], [3.4022915, 45.1496707], [3.4022797, 45.1496614], [3.4023477, 45.1496203], [3.4023864, 45.1496552]]]]}, "properties": {"type": "01", "nom": null, "commune": "43118", "created": "2014-08-08", "updated": "2018-06-12"}}, {"type": "Feature", "geometry": {"type": "MultiPolygon", "coordinates": [[[[3.4090813, 45.1430487], [3.4088143, 45.1432694], [3.4087531, 45.1432331], [3.4090194, 45.1430093], [3.4090813, 45.1430487]]]]}, "properties": {"type": "02", "nom": null, "commune": "43175", "created": "2015-01-14", "updated": "2018-06-12"}}, {"type": "Feature", "geometry": {"type": "MultiPolygon", "coordinates": [[[[3.3627013, 45.1594576], [3.3627424, 45.1595261], [3.3626273, 45.1595584], [3.3625873, 45.1594924], [3.3627013, 45.1594576]]]]}, "properties": {"type": "01", "nom": null, "commune": "43031", "created": "2014-08-08", "updated": "2018-06-12"}}, {"type": "Feature", "geometry": {"type": "MultiPolygon", "coordinates": [[[[3.4090194, 45.1430093], [3.4090887, 45.1429512], [3.4091537, 45.1429889], [3.4090813, 45.1430487], [3.4090194, 45.1430093]]]]}, "properties": {"type": "02", "nom": null, "commune": "43175", "created": "2015-01-14", "updated": "2018-06-12"}}, {"type": "Feature", "geometry": {"type": "MultiPolygon", "coordinates": [[[[3.4023945, 45.149663], [3.4024452, 45.1497119], [3.4023981, 45.149745], [3.4023818, 45.1497565], [3.4023751, 45.1497482], [3.4023607, 45.1497321], [3.4023446, 45.149717], [3.4023268, 45.1497028], [3.4023864, 45.1496552], [3.4023945, 45.149663]]]]}, "properties": {"type": "01", "nom": null, "commune": "43118", "created": "2014-08-08", "updated": "2018-06-12"}}, {"type": "Feature", "geometry": {"type": "MultiPolygon", "coordinates": [[[[3.3621758, 45.1594371], [3.3622585, 45.159414], [3.3623032, 45.1594924], [3.3623468, 45.1594729], [3.3623936, 45.1595456], [3.3621667, 45.1596129], [3.3621447, 45.1595711], [3.3621274, 45.1595392], [3.362214, 45.1595159], [3.3621758, 45.1594371]]]]}, "properties": {"type": "01", "nom": null, "commune": "43031", "created": "2014-08-08", "updated": "2018-06-12"}}, {"type": "Feature", "geometry": {"type": "MultiPolygon", "coordinates": [[[[3.4023981, 45.149745], [3.4024452, 45.1497119], [3.4025058, 45.149676], [3.4025608, 45.1497576], [3.4024869, 45.1497882], [3.4024445, 45.1498056], [3.4023981, 45.149745]]]]}, "properties": {"type": "01", "nom": null, "commune": "43118", "created": "2014-08-08", "updated": "2018-06-12"}}, {"type": "Feature", "geometry": {"type": "MultiPolygon", "coordinates": [[[[3.4073643, 45.1453134], [3.4072729, 45.1454252], [3.4071268, 45.1453605], [3.4072136, 45.1452559], [3.4073643, 45.1453134]]]]}, "properties": {"type": "01", "nom": null, "commune": "43175", "created": "2015-01-14", "updated": "2018-06-12"}}, {"type": "Feature", "geometry": {"type": "MultiPolygon", "coordinates": [[[[3.3620972, 45.1592836], [3.3621732, 45.1592613], [3.3622268, 45.1593553], [3.3622585, 45.159414], [3.3621758, 45.1594371], [3.3621686, 45.1594222], [3.3620994, 45.1592912], [3.3620972, 45.1592836]]]]}, "properties": {"type": "01", "nom": null, "commune": "43031", "created": "2014-08-08", "updated": "2018-06-12"}}, {"type": "Feature", "geometry": {"type": "MultiPolygon", "coordinates": [[[[3.40241, 45.1498994], [3.4023589, 45.1498409], [3.4024445, 45.1498056], [3.4024869, 45.1497882], [3.4025545, 45.1498744], [3.4024758, 45.1499091], [3.4024514, 45.1498813], [3.40241, 45.1498994]]]]}, "properties": {"type": "01", "nom": null, "commune": "43118", "created": "2014-08-08", "updated": "2018-06-12"}}, {"type": "Feature", "geometry": {"type": "MultiPolygon", "coordinates": [[[[3.4080732, 45.1453551], [3.4080891, 45.1452819], [3.4081732, 45.145291], [3.4082597, 45.1453016], [3.40824, 45.1453755], [3.4080732, 45.1453551]]]]}, "properties": {"type": "01", "nom": null, "commune": "43175", "created": "2015-01-14", "updated": "2018-06-12"}}, {"type": "Feature", "geometry": {"type": "MultiPolygon", "coordinates": [[[[3.3630684, 45.1594636], [3.3631321, 45.1594484], [3.3630765, 45.1594808], [3.3630684, 45.1594636]]]]}, "properties": {"type": "01", "nom": null, "commune": "43031", "created": "2014-08-08", "updated": "2018-06-12"}}, {"type": "Feature", "geometry": {"type": "MultiPolygon", "coordinates": [[[[3.4025934, 45.1500684], [3.4024724, 45.1499211], [3.402564, 45.149884], [3.4026963, 45.1500546], [3.4026962, 45.1500596], [3.402694, 45.1500644], [3.4026898, 45.1500685], [3.4026841, 45.1500715], [3.4026775, 45.1500731], [3.4026704, 45.1500732], [3.4026636, 45.1500719], [3.4026566, 45.1500685], [3.402642, 45.1500495], [3.4025934, 45.1500684]]]]}, "properties": {"type": "01", "nom": null, "commune": "43118", "created": "2014-08-08", "updated": "2018-06-12"}}, {"type": "Feature", "geometry": {"type": "MultiPolygon", "coordinates": [[[[3.4073378, 45.1446246], [3.4073854, 45.1446271], [3.4073803, 45.1447269], [3.4073332, 45.1447261], [3.4073378, 45.1446246]]]]}, "properties": {"type": "01", "nom": null, "commune": "43175", "created": "2015-01-14", "updated": "2018-06-12"}}, {"type": "Feature", "geometry": {"type": "MultiPolygon", "coordinates": [[[[3.3632627, 45.1595883], [3.3631448, 45.1596187], [3.3630765, 45.1594808], [3.3631321, 45.1594484], [3.3631836, 45.1594351], [3.3632627, 45.1595883]]]]}, "properties": {"type": "01", "nom": null, "commune": "43031", "created": "2014-08-08", "updated": "2018-06-12"}}, {"type": "Feature", "geometry": {"type": "MultiPolygon", "coordinates": [[[[3.4026402, 45.1498532], [3.4025828, 45.149783], [3.4027288, 45.1497268], [3.4027874, 45.1497986], [3.4027545, 45.1498102], [3.4028662, 45.1499459], [3.4027548, 45.1499936], [3.4026402, 45.1498532]]]]}, "properties": {"type": "01", "nom": null, "commune": "43118", "created": "2014-08-08", "updated": "2018-06-12"}}, {"type": "Feature", "geometry": {"type": "MultiPolygon", "coordinates": [[[[3.4072126, 45.1449264], [3.4072423, 45.1448662], [3.4073542, 45.1448901], [3.4073133, 45.144979], [3.4072002, 45.1449517], [3.4071928, 45.1449659], [3.4071766, 45.1449604], [3.4071692, 45.1449532], [3.4071666, 45.1449443], [3.4071693, 45.1449356], [3.407177, 45.1449285], [3.407188, 45.1449242], [3.4072006, 45.1449234], [3.4072126, 45.1449264]]]]}, "properties": {"type": "01", "nom": null, "commune": "43175", "created": "2015-01-14", "updated": "2018-06-12"}}, {"type": "Feature", "geometry": {"type": "MultiPolygon", "coordinates": [[[[3.3632923, 45.1601291], [3.3631239, 45.1597844], [3.363289, 45.159744], [3.3634575, 45.1600887], [3.3632923, 45.1601291]]]]}, "properties": {"type": "01", "nom": null, "commune": "43031", "created": "2014-08-08", "updated": "2018-06-12"}}, {"type": "Feature", "geometry": {"type": "MultiPolygon", "coordinates": [[[[3.4027328, 45.1500864], [3.4028068, 45.1500568], [3.4028375, 45.1500943], [3.4027526, 45.1501301], [3.4027498, 45.1501314], [3.4027248, 45.1501042], [3.4027328, 45.1500864]]]]}, "properties": {"type": "01", "nom": null, "commune": "43118", "created": "2014-08-08", "updated": "2018-06-12"}}, {"type": "Feature", "geometry": {"type": "MultiPolygon", "coordinates": [[[[3.4077181, 45.1450578], [3.4077324, 45.1450199], [3.407757, 45.1450251], [3.407785, 45.1449512], [3.4078901, 45.1449722], [3.4078485, 45.1450855], [3.4077181, 45.1450578]]]]}, "properties": {"type": "01", "nom": null, "commune": "43175", "created": "2015-01-14", "updated": "2018-06-12"}}, {"type": "Feature", "geometry": {"type": "MultiPolygon", "coordinates": [[[[3.3622687, 45.1591411], [3.3622859, 45.1591607], [3.3622356, 45.1591789], [3.3622216, 45.1591604], [3.3622687, 45.1591411]]]]}, "properties": {"type": "01", "nom": null, "commune": "43031", "created": "2014-08-08", "updated": "2018-06-12"}}, {"type": "Feature", "geometry": {"type": "MultiPolygon", "coordinates": [[[[3.4028765, 45.1500776], [3.4029784, 45.1500347], [3.4030661, 45.150143], [3.4029384, 45.1502007], [3.4028511, 45.1502401], [3.4027526, 45.1501301], [3.4028375, 45.1500943], [3.4028832, 45.15015], [3.4029396, 45.1501527], [3.4028765, 45.1500776]]]]}, "properties": {"type": "01", "nom": null, "commune": "43118", "created": "2014-08-08", "updated": "2018-06-12"}}, {"type": "Feature", "geometry": {"type": "MultiPolygon", "coordinates": [[[[3.4085055, 45.1444817], [3.4085013, 45.1445002], [3.408499, 45.1445], [3.4084962, 45.1445152], [3.4084397, 45.1445098], [3.4084272, 45.1445767], [3.4083994, 45.144574], [3.4084182, 45.144474], [3.4085055, 45.1444817]]]]}, "properties": {"type": "02", "nom": null, "commune": "43175", "created": "2016-05-20", "updated": "2018-06-12"}}, {"type": "Feature", "geometry": {"type": "MultiPolygon", "coordinates": [[[[3.3620801, 45.157093], [3.3620829, 45.1571119], [3.3620479, 45.1571144], [3.3620453, 45.1570964], [3.3620801, 45.157093]]]]}, "properties": {"type": "01", "nom": null, "commune": "43031", "created": "2014-08-08", "updated": "2018-06-12"}}, {"type": "Feature", "geometry": {"type": "MultiPolygon", "coordinates": [[[[3.4028662, 45.1499459], [3.402897, 45.1499327], [3.4029784, 45.1500347], [3.4028765, 45.1500776], [3.4028375, 45.1500943], [3.4028068, 45.1500568], [3.4027548, 45.1499936], [3.4028662, 45.1499459]]]]}, "properties": {"type": "01", "nom": null, "commune": "43118", "created": "2014-08-08", "updated": "2018-06-12"}}, {"type": "Feature", "geometry": {"type": "MultiPolygon", "coordinates": [[[[3.408499, 45.1445], [3.4085506, 45.1445048], [3.4085352, 45.1445872], [3.4085473, 45.1445883], [3.4085311, 45.1446739], [3.4084034, 45.1446619], [3.408409, 45.1446314], [3.408389, 45.1446295], [3.4083994, 45.144574], [3.4084272, 45.1445767], [3.4084397, 45.1445098], [3.4084962, 45.1445152], [3.408499, 45.1445]]]]}, "properties": {"type": "01", "nom": null, "commune": "43175", "created": "2016-05-20", "updated": "2018-06-12"}}, {"type": "Feature", "geometry": {"type": "MultiPolygon", "coordinates": [[[[3.3629544, 45.1598027], [3.363066, 45.1597739], [3.3630977, 45.1598448], [3.3629904, 45.1598727], [3.3629544, 45.1598027]]]]}, "properties": {"type": "01", "nom": null, "commune": "43031", "created": "2014-08-08", "updated": "2018-06-12"}}, {"type": "Feature", "geometry": {"type": "MultiPolygon", "coordinates": [[[[3.403111, 45.1501983], [3.4030094, 45.1502447], [3.4029908, 45.150222], [3.4029646, 45.1502327], [3.4029384, 45.1502007], [3.4030661, 45.150143], [3.403111, 45.1501983]]]]}, "properties": {"type": "01", "nom": null, "commune": "43118", "created": "2014-08-08", "updated": "2018-06-12"}}, {"type": "Feature", "geometry": {"type": "MultiPolygon", "coordinates": [[[[3.4095373, 45.1450824], [3.4096709, 45.1450899], [3.4096545, 45.1452371], [3.409497, 45.1452285], [3.4095007, 45.1451824], [3.4095261, 45.1451838], [3.4095373, 45.1450824]]]]}, "properties": {"type": "01", "nom": null, "commune": "43175", "created": "2015-01-14", "updated": "2018-06-12"}}, {"type": "Feature", "geometry": {"type": "MultiPolygon", "coordinates": [[[[3.3633964, 45.1606636], [3.3633132, 45.160493], [3.3635033, 45.1604467], [3.3635864, 45.1606172], [3.3633964, 45.1606636]]]]}, "properties": {"type": "01", "nom": null, "commune": "43031", "created": "2014-08-08", "updated": "2018-06-12"}}, {"type": "Feature", "geometry": {"type": "MultiPolygon", "coordinates": [[[[3.4031801, 45.1502835], [3.4030662, 45.1503272], [3.4030021, 45.1502481], [3.4030094, 45.1502447], [3.403111, 45.1501983], [3.4031801, 45.1502835]]]]}, "properties": {"type": "01", "nom": null, "commune": "43118", "created": "2014-08-08", "updated": "2018-06-12"}}, {"type": "Feature", "geometry": {"type": "MultiPolygon", "coordinates": [[[[3.409497, 45.1452285], [3.4094806, 45.1452279], [3.4094861, 45.145182], [3.4095007, 45.1451824], [3.409497, 45.1452285]]]]}, "properties": {"type": "01", "nom": null, "commune": "43175", "created": "2015-01-14", "updated": "2018-06-12"}}, {"type": "Feature", "geometry": {"type": "MultiPolygon", "coordinates": [[[[3.3674073, 45.1601368], [3.3674704, 45.1602816], [3.3673583, 45.1603121], [3.3672908, 45.1601642], [3.3673673, 45.1601462], [3.3674073, 45.1601368]]]]}, "properties": {"type": "01", "nom": null, "commune": "43031", "created": "2014-08-08", "updated": "2018-06-12"}}, {"type": "Feature", "geometry": {"type": "MultiPolygon", "coordinates": [[[[3.4032087, 45.1503188], [3.4030998, 45.150366], [3.4030662, 45.1503272], [3.4031801, 45.1502835], [3.4032087, 45.1503188]]]]}, "properties": {"type": "01", "nom": null, "commune": "43118", "created": "2014-08-08", "updated": "2018-06-12"}}, {"type": "Feature", "geometry": {"type": "MultiPolygon", "coordinates": [[[[3.4059671, 45.1461217], [3.4059815, 45.1461375], [3.4059544, 45.1461512], [3.4059397, 45.146135], [3.4059671, 45.1461217]]]]}, "properties": {"type": "02", "nom": null, "commune": "43175", "created": "2015-01-14", "updated": "2018-06-12"}}, {"type": "Feature", "geometry": {"type": "MultiPolygon", "coordinates": [[[[3.3675995, 45.1602098], [3.3675546, 45.1602177], [3.3675349, 45.1601618], [3.3675861, 45.1601528], [3.3675995, 45.1602098]]]]}, "properties": {"type": "01", "nom": null, "commune": "43031", "created": "2014-08-08", "updated": "2018-06-12"}}, {"type": "Feature", "geometry": {"type": "MultiPolygon", "coordinates": [[[[3.4031679, 45.1505639], [3.4030439, 45.1504114], [3.4030295, 45.1503963], [3.4030998, 45.150366], [3.4032087, 45.1503188], [3.403274, 45.1503995], [3.4031779, 45.1504408], [3.4032303, 45.1505075], [3.4031679, 45.1505639]]]]}, "properties": {"type": "01", "nom": null, "commune": "43118", "created": "2014-08-08", "updated": "2018-06-12"}}, {"type": "Feature", "geometry": {"type": "MultiPolygon", "coordinates": [[[[3.4064316, 45.1456238], [3.4063551, 45.1457211], [3.4062599, 45.1456834], [3.4063073, 45.1456233], [3.4062708, 45.1456089], [3.4063377, 45.1455268], [3.406429, 45.1455663], [3.4063953, 45.1456092], [3.4064316, 45.1456238]]]]}, "properties": {"type": "01", "nom": null, "commune": "43175", "created": "2015-01-14", "updated": "2018-06-12"}}, {"type": "Feature", "geometry": {"type": "MultiPolygon", "coordinates": [[[[3.4032128, 45.1506725], [3.4032308, 45.1506488], [3.4031344, 45.1505987], [3.4031314, 45.1505972], [3.4031679, 45.1505639], [3.4032303, 45.1505075], [3.4033294, 45.1504678], [3.4033705, 45.1505184], [3.4032635, 45.1506661], [3.4032724, 45.150671], [3.4032517, 45.1506933], [3.4032128, 45.1506725]]]]}, "properties": {"type": "01", "nom": null, "commune": "43118", "created": "2014-08-08", "updated": "2018-06-12"}}, {"type": "Feature", "geometry": {"type": "MultiPolygon", "coordinates": [[[[3.4059384, 45.1457881], [3.4059478, 45.1457871], [3.4059612, 45.1457887], [3.4059726, 45.1457939], [3.4059805, 45.1458019], [3.4059832, 45.1458113], [3.4059807, 45.1458208], [3.4059733, 45.1458289], [3.4059621, 45.1458343], [3.4059488, 45.1458363], [3.4059356, 45.1458333], [3.405925, 45.145827], [3.4059187, 45.1458183], [3.4059175, 45.1458085], [3.4059217, 45.1457992], [3.4059303, 45.1457916], [3.4059384, 45.1457881]]]]}, "properties": {"type": "01", "nom": null, "commune": "43175", "created": "2015-01-14", "updated": "2018-06-12"}}, {"type": "Feature", "geometry": {"type": "MultiPolygon", "coordinates": [[[[3.3675849, 45.1602504], [3.3676066, 45.1602528], [3.3675898, 45.1603311], [3.3675335, 45.160325], [3.3675474, 45.1602606], [3.3675849, 45.1602504]]]]}, "properties": {"type": "01", "nom": null, "commune": "43031", "created": "2014-08-08", "updated": "2018-06-12"}}, {"type": "Feature", "geometry": {"type": "MultiPolygon", "coordinates": [[[[3.3674704, 45.1602816], [3.3674989, 45.160347], [3.367388, 45.1603768], [3.3673583, 45.1603121], [3.3674704, 45.1602816]]]]}, "properties": {"type": "01", "nom": null, "commune": "43031", "created": "2014-08-08", "updated": "2018-06-12"}}, {"type": "Feature", "geometry": {"type": "MultiPolygon", "coordinates": [[[[3.4031314, 45.1505972], [3.4031344, 45.1505987], [3.4031348, 45.1506464], [3.4030825, 45.1506476], [3.4030803, 45.1506002], [3.4031314, 45.1505972]]]]}, "properties": {"type": "01", "nom": null, "commune": "43118", "created": "2014-08-08", "updated": "2018-06-12"}}, {"type": "Feature", "geometry": {"type": "MultiPolygon", "coordinates": [[[[3.4058269, 45.1459224], [3.4058363, 45.1459288], [3.4058844, 45.1458953], [3.4059197, 45.1459191], [3.4058509, 45.145974], [3.4058031, 45.145943], [3.4058269, 45.1459224]]]]}, "properties": {"type": "01", "nom": null, "commune": "43175", "created": "2015-01-14", "updated": "2018-06-12"}}, {"type": "Feature", "geometry": {"type": "MultiPolygon", "coordinates": [[[[3.3675725, 45.1604402], [3.3675218, 45.1604321], [3.3675448, 45.1603598], [3.3676142, 45.1603635], [3.3675725, 45.1604402]]]]}, "properties": {"type": "01", "nom": null, "commune": "43031", "created": "2014-08-08", "updated": "2018-06-12"}}, {"type": "Feature", "geometry": {"type": "MultiPolygon", "coordinates": [[[[3.403376, 45.1507466], [3.4034088, 45.1507088], [3.4034599, 45.1507309], [3.4034749, 45.1507372], [3.4033577, 45.1508783], [3.4032347, 45.1508413], [3.4033145, 45.1507491], [3.4033591, 45.1507686], [3.403376, 45.1507466]]]]}, "properties": {"type": "01", "nom": null, "commune": "43118", "created": "2014-08-08", "updated": "2018-06-12"}}, {"type": "Feature", "geometry": {"type": "MultiPolygon", "coordinates": [[[[3.4058079, 45.146125], [3.4058499, 45.1461336], [3.4059111, 45.1461036], [3.4059397, 45.146135], [3.4059544, 45.1461512], [3.4058361, 45.1462111], [3.405821, 45.1461963], [3.4057853, 45.1462142], [3.4057337, 45.1461647], [3.4058079, 45.146125]]]]}, "properties": {"type": "01", "nom": null, "commune": "43175", "created": "2015-01-14", "updated": "2018-06-12"}}, {"type": "Feature", "geometry": {"type": "MultiPolygon", "coordinates": [[[[3.3675503, 45.1602467], [3.3675849, 45.1602504], [3.3675474, 45.1602606], [3.3675503, 45.1602467]]]]}, "properties": {"type": "01", "nom": null, "commune": "43031", "created": "2014-08-08", "updated": "2018-06-12"}}, {"type": "Feature", "geometry": {"type": "MultiPolygon", "coordinates": [[[[3.4031012, 45.1510415], [3.4031216, 45.1509932], [3.4032126, 45.1510153], [3.4031526, 45.1511372], [3.4030594, 45.1511153], [3.4030936, 45.1510394], [3.4031012, 45.1510415]]]]}, "properties": {"type": "01", "nom": null, "commune": "43118", "created": "2014-08-08", "updated": "2018-06-12"}}, {"type": "Feature", "geometry": {"type": "MultiPolygon", "coordinates": [[[[3.4055677, 45.1462399], [3.4052581, 45.1463259], [3.4052254, 45.1462676], [3.4054715, 45.1461994], [3.4054774, 45.1462099], [3.4055413, 45.1461922], [3.4055677, 45.1462399]]]]}, "properties": {"type": "01", "nom": null, "commune": "43175", "created": "2015-01-14", "updated": "2018-06-12"}}, {"type": "Feature", "geometry": {"type": "MultiPolygon", "coordinates": [[[[3.3673972, 45.1601117], [3.3674073, 45.1601368], [3.3673673, 45.1601462], [3.3673567, 45.16012], [3.3673972, 45.1601117]]]]}, "properties": {"type": "01", "nom": null, "commune": "43031", "created": "2014-08-08", "updated": "2018-06-12"}}, {"type": "Feature", "geometry": {"type": "MultiPolygon", "coordinates": [[[[3.4031965, 45.1511474], [3.4031791, 45.1511845], [3.4030445, 45.1511525], [3.4030594, 45.1511153], [3.4031526, 45.1511372], [3.4031965, 45.1511474]]]]}, "properties": {"type": "01", "nom": null, "commune": "43118", "created": "2014-08-08", "updated": "2018-06-12"}}, {"type": "Feature", "geometry": {"type": "MultiPolygon", "coordinates": [[[[3.4041798, 45.1472222], [3.4041122, 45.1472548], [3.4040799, 45.1472212], [3.4041301, 45.1471976], [3.4041798, 45.1472222]]]]}, "properties": {"type": "01", "nom": null, "commune": "43175", "created": "2015-01-14", "updated": "2018-06-12"}}, {"type": "Feature", "geometry": {"type": "MultiPolygon", "coordinates": [[[[3.3986874, 45.1679887], [3.3987844, 45.1679658], [3.398793, 45.1679873], [3.3986972, 45.1680111], [3.3986874, 45.1679887]]]]}, "properties": {"type": "02", "nom": null, "commune": "43031", "created": "2014-08-08", "updated": "2018-06-12"}}, {"type": "Feature", "geometry": {"type": "MultiPolygon", "coordinates": [[[[3.4031509, 45.1512985], [3.4031588, 45.1512393], [3.4032036, 45.1512423], [3.4031959, 45.1513013], [3.4031509, 45.1512985]]]]}, "properties": {"type": "01", "nom": null, "commune": "43118", "created": "2014-08-08", "updated": "2018-06-12"}}, {"type": "Feature", "geometry": {"type": "MultiPolygon", "coordinates": [[[[3.4080412, 45.1461629], [3.4081074, 45.1461758], [3.4080727, 45.1462649], [3.4080054, 45.14625], [3.4080412, 45.1461629]]]]}, "properties": {"type": "02", "nom": null, "commune": "43175", "created": "2015-01-14", "updated": "2018-06-12"}}, {"type": "Feature", "geometry": {"type": "MultiPolygon", "coordinates": [[[[3.3994437, 45.16914], [3.3994246, 45.16914], [3.3994246, 45.1691252], [3.3994461, 45.1691252], [3.3994437, 45.16914]]]]}, "properties": {"type": "01", "nom": null, "commune": "43031", "created": "2014-08-08", "updated": "2018-06-12"}}, {"type": "Feature", "geometry": {"type": "MultiPolygon", "coordinates": [[[[3.4027968, 45.149322], [3.4027884, 45.1493298], [3.4027722, 45.1493212], [3.4027811, 45.1493129], [3.4027968, 45.149322]]]]}, "properties": {"type": "01", "nom": null, "commune": "43118", "created": "2014-08-08", "updated": "2018-06-12"}}, {"type": "Feature", "geometry": {"type": "MultiPolygon", "coordinates": [[[[3.4086789, 45.1459259], [3.4087434, 45.1459383], [3.4087358, 45.1459572], [3.4086713, 45.1459446], [3.4086789, 45.1459259]]]]}, "properties": {"type": "02", "nom": null, "commune": "43175", "created": "2015-01-14", "updated": "2018-06-12"}}, {"type": "Feature", "geometry": {"type": "MultiPolygon", "coordinates": [[[[3.400396, 45.1696954], [3.4004051, 45.1697114], [3.4003588, 45.1697138], [3.400396, 45.1696954]]]]}, "properties": {"type": "02", "nom": null, "commune": "43031", "created": "2014-08-08", "updated": "2018-06-12"}}, {"type": "Feature", "geometry": {"type": "MultiPolygon", "coordinates": [[[[3.4025319, 45.149288], [3.4026266, 45.149349], [3.4025211, 45.149456], [3.4024922, 45.1494341], [3.4024862, 45.149426], [3.4024784, 45.1493765], [3.4025319, 45.149288]]]]}, "properties": {"type": "01", "nom": null, "commune": "43118", "created": "2014-08-08", "updated": "2018-06-12"}}, {"type": "Feature", "geometry": {"type": "MultiPolygon", "coordinates": [[[[3.4086231, 45.1462604], [3.4086073, 45.146333], [3.4085789, 45.14633], [3.4085956, 45.1462572], [3.4086231, 45.1462604]]]]}, "properties": {"type": "02", "nom": null, "commune": "43175", "created": "2015-01-14", "updated": "2018-06-12"}}, {"type": "Feature", "geometry": {"type": "MultiPolygon", "coordinates": [[[[3.4003771, 45.1696621], [3.400396, 45.1696954], [3.4003588, 45.1697138], [3.4003351, 45.169674], [3.4003771, 45.1696621]]]]}, "properties": {"type": "02", "nom": null, "commune": "43031", "created": "2014-08-08", "updated": "2018-06-12"}}, {"type": "Feature", "geometry": {"type": "MultiPolygon", "coordinates": [[[[3.402717, 45.1494072], [3.4025934, 45.1495127], [3.4025211, 45.149456], [3.4026266, 45.149349], [3.402717, 45.1494072]]]]}, "properties": {"type": "01", "nom": null, "commune": "43118", "created": "2014-08-08", "updated": "2018-06-12"}}, {"type": "Feature", "geometry": {"type": "MultiPolygon", "coordinates": [[[[3.4074732, 45.1460598], [3.4074455, 45.1460957], [3.4073548, 45.1460569], [3.4073831, 45.1460215], [3.4074732, 45.1460598]]]]}, "properties": {"type": "02", "nom": null, "commune": "43175", "created": "2015-01-14", "updated": "2018-06-12"}}, {"type": "Feature", "geometry": {"type": "MultiPolygon", "coordinates": [[[[3.3993713, 45.169718], [3.399472, 45.1697084], [3.3994781, 45.1697395], [3.3993812, 45.1697516], [3.3993708, 45.1697216], [3.3993713, 45.169718]]]]}, "properties": {"type": "02", "nom": null, "commune": "43031", "created": "2014-08-08", "updated": "2018-06-12"}}, {"type": "Feature", "geometry": {"type": "MultiPolygon", "coordinates": [[[[3.402717, 45.1494072], [3.402728, 45.149414], [3.4027463, 45.1493992], [3.4027656, 45.1494113], [3.4027483, 45.1494293], [3.4028075, 45.1494671], [3.402817, 45.1494597], [3.4028345, 45.1494709], [3.4028237, 45.1494793], [3.4028154, 45.1494739], [3.4026758, 45.1495772], [3.4025934, 45.1495127], [3.402717, 45.1494072]]]]}, "properties": {"type": "01", "nom": null, "commune": "43118", "created": "2014-08-08", "updated": "2018-06-12"}}, {"type": "Feature", "geometry": {"type": "MultiPolygon", "coordinates": [[[[3.4065198, 45.1453233], [3.4065515, 45.145342], [3.4065207, 45.1453666], [3.4064892, 45.145348], [3.4065198, 45.1453233]]]]}, "properties": {"type": "01", "nom": null, "commune": "43175", "created": "2015-01-14", "updated": "2018-06-12"}}, {"type": "Feature", "geometry": {"type": "MultiPolygon", "coordinates": [[[[3.3987696, 45.1677726], [3.3987001, 45.1677984], [3.3987081, 45.1678131], [3.3986181, 45.1678422], [3.3984808, 45.167564], [3.3985651, 45.167537], [3.3987253, 45.1676883], [3.3987696, 45.1677726]]]]}, "properties": {"type": "01", "nom": null, "commune": "43031", "created": "2014-08-08", "updated": "2018-06-12"}}, {"type": "Feature", "geometry": {"type": "MultiPolygon", "coordinates": [[[[3.40284, 45.1494919], [3.4029499, 45.1495744], [3.402928, 45.1495892], [3.4028005, 45.1496757], [3.4026918, 45.1495898], [3.40284, 45.1494919]]]]}, "properties": {"type": "01", "nom": null, "commune": "43118", "created": "2014-08-08", "updated": "2018-06-12"}}, {"type": "Feature", "geometry": {"type": "MultiPolygon", "coordinates": [[[[3.4067783, 45.145607], [3.4066895, 45.1455543], [3.4067416, 45.1455019], [3.4068887, 45.1455974], [3.4068416, 45.1456444], [3.4068291, 45.145637], [3.4067783, 45.145607]]]]}, "properties": {"type": "01", "nom": null, "commune": "43175", "created": "2015-01-14", "updated": "2018-06-12"}}, {"type": "Feature", "geometry": {"type": "MultiPolygon", "coordinates": [[[[3.3988834, 45.1677052], [3.3989257, 45.1677239], [3.3989182, 45.1677641], [3.3988709, 45.1677543], [3.3988834, 45.1677052]]]]}, "properties": {"type": "01", "nom": null, "commune": "43031", "created": "2014-08-08", "updated": "2018-06-12"}}, {"type": "Feature", "geometry": {"type": "MultiPolygon", "coordinates": [[[[3.4028005, 45.1496757], [3.402928, 45.1495892], [3.4029865, 45.1496576], [3.4029991, 45.1496716], [3.4028643, 45.1497523], [3.4028005, 45.1496757]]]]}, "properties": {"type": "01", "nom": null, "commune": "43118", "created": "2014-08-08", "updated": "2018-06-12"}}, {"type": "Feature", "geometry": {"type": "MultiPolygon", "coordinates": [[[[3.4068291, 45.145637], [3.4068017, 45.1456621], [3.406755, 45.1456312], [3.4067783, 45.145607], [3.4068291, 45.145637]]]]}, "properties": {"type": "01", "nom": null, "commune": "43175", "created": "2015-01-14", "updated": "2018-06-12"}}, {"type": "Feature", "geometry": {"type": "MultiPolygon", "coordinates": [[[[3.3989226, 45.1677988], [3.3989246, 45.1678122], [3.398932, 45.1678617], [3.398914, 45.1678684], [3.398866, 45.1678863], [3.3988485, 45.1678927], [3.3988424, 45.1678144], [3.3989226, 45.1677988]]]]}, "properties": {"type": "01", "nom": null, "commune": "43031", "created": "2014-08-08", "updated": "2018-06-12"}}, {"type": "Feature", "geometry": {"type": "MultiPolygon", "coordinates": [[[[3.4028643, 45.1497523], [3.4029991, 45.1496716], [3.4030463, 45.1497268], [3.4029107, 45.1498083], [3.4028643, 45.1497523]]]]}, "properties": {"type": "01", "nom": null, "commune": "43118", "created": "2014-08-08", "updated": "2018-06-12"}}, {"type": "Feature", "geometry": {"type": "MultiPolygon", "coordinates": [[[[3.4072102, 45.1457827], [3.4073461, 45.1458229], [3.4072787, 45.145934], [3.4071432, 45.145895], [3.4072102, 45.1457827]]]]}, "properties": {"type": "01", "nom": null, "commune": "43175", "created": "2015-01-14", "updated": "2018-06-12"}}, {"type": "Feature", "geometry": {"type": "MultiPolygon", "coordinates": [[[[3.3988926, 45.1679198], [3.398866, 45.1678863], [3.398914, 45.1678684], [3.3989399, 45.1679011], [3.3988926, 45.1679198]]]]}, "properties": {"type": "01", "nom": null, "commune": "43031", "created": "2014-08-08", "updated": "2018-06-12"}}, {"type": "Feature", "geometry": {"type": "MultiPolygon", "coordinates": [[[[3.403107, 45.1497738], [3.4030459, 45.1498102], [3.4030435, 45.1498082], [3.4029545, 45.1498613], [3.4029107, 45.1498083], [3.4030463, 45.1497268], [3.4030816, 45.1497679], [3.4030964, 45.1497615], [3.403107, 45.1497738]]]]}, "properties": {"type": "01", "nom": null, "commune": "43118", "created": "2014-08-08", "updated": "2018-06-12"}}, {"type": "Feature", "geometry": {"type": "MultiPolygon", "coordinates": [[[[3.4076345, 45.1454997], [3.4076214, 45.1455698], [3.4074573, 45.1455573], [3.4074684, 45.1454852], [3.4076345, 45.1454997]]]]}, "properties": {"type": "01", "nom": null, "commune": "43175", "created": "2015-01-14", "updated": "2018-06-12"}}, {"type": "Feature", "geometry": {"type": "MultiPolygon", "coordinates": [[[[3.3986874, 45.1679887], [3.3986972, 45.1680111], [3.398793, 45.1679873], [3.398817, 45.1680475], [3.3988116, 45.1680486], [3.3986581, 45.1680824], [3.3986539, 45.1680833], [3.3986447, 45.1680607], [3.3986085, 45.167977], [3.3986747, 45.1679597], [3.3986874, 45.1679887]]]]}, "properties": {"type": "01", "nom": null, "commune": "43031", "created": "2014-08-08", "updated": "2018-06-12"}}, {"type": "Feature", "geometry": {"type": "MultiPolygon", "coordinates": [[[[3.4030435, 45.1498082], [3.4030459, 45.1498102], [3.4030993, 45.1498708], [3.4030082, 45.1499258], [3.4029545, 45.1498613], [3.4030435, 45.1498082]]]]}, "properties": {"type": "01", "nom": null, "commune": "43118", "created": "2014-08-08", "updated": "2018-06-12"}}, {"type": "Feature", "geometry": {"type": "MultiPolygon", "coordinates": [[[[3.4078931, 45.1462253], [3.4080235, 45.1458728], [3.4082111, 45.1459091], [3.4081074, 45.1461758], [3.4080412, 45.1461629], [3.4080054, 45.14625], [3.4078931, 45.1462253]]]]}, "properties": {"type": "01", "nom": null, "commune": "43175", "created": "2015-01-14", "updated": "2018-06-12"}}, {"type": "Feature", "geometry": {"type": "MultiPolygon", "coordinates": [[[[3.3988116, 45.1680486], [3.3988318, 45.1680921], [3.3986759, 45.1681249], [3.3986581, 45.1680824], [3.3988116, 45.1680486]]]]}, "properties": {"type": "01", "nom": null, "commune": "43031", "created": "2014-08-08", "updated": "2018-06-12"}}, {"type": "Feature", "geometry": {"type": "MultiPolygon", "coordinates": [[[[3.403058, 45.1496366], [3.4030315, 45.1496548], [3.4030125, 45.149641], [3.4030391, 45.149624], [3.403058, 45.1496366]]]]}, "properties": {"type": "01", "nom": null, "commune": "43118", "created": "2014-08-08", "updated": "2018-06-12"}}, {"type": "Feature", "geometry": {"type": "MultiPolygon", "coordinates": [[[[3.4080655, 45.1457251], [3.4081634, 45.14574], [3.4081418, 45.1458157], [3.408046, 45.1458012], [3.4080655, 45.1457251]]]]}, "properties": {"type": "01", "nom": null, "commune": "43175", "created": "2015-01-14", "updated": "2018-06-12"}}, {"type": "Feature", "geometry": {"type": "MultiPolygon", "coordinates": [[[[3.3994465, 45.1694228], [3.3994586, 45.1694822], [3.3993577, 45.1695114], [3.3993465, 45.1694523], [3.3994465, 45.1694228]]]]}, "properties": {"type": "01", "nom": null, "commune": "43031", "created": "2014-08-08", "updated": "2018-06-12"}}, {"type": "Feature", "geometry": {"type": "MultiPolygon", "coordinates": [[[[3.4032014, 45.1499723], [3.4030953, 45.1500319], [3.4030394, 45.1499638], [3.4031344, 45.1499101], [3.4032014, 45.1499723]]]]}, "properties": {"type": "01", "nom": null, "commune": "43118", "created": "2014-08-08", "updated": "2018-06-12"}}, {"type": "Feature", "geometry": {"type": "MultiPolygon", "coordinates": [[[[3.4086889, 45.146013], [3.4086842, 45.146023], [3.4085954, 45.1460085], [3.408622, 45.145936], [3.4086713, 45.1459446], [3.4087358, 45.1459572], [3.4087117, 45.1460163], [3.4086889, 45.146013]]]]}, "properties": {"type": "01", "nom": null, "commune": "43175", "created": "2015-01-14", "updated": "2018-06-12"}}, {"type": "Feature", "geometry": {"type": "MultiPolygon", "coordinates": [[[[3.3993577, 45.1695114], [3.3994586, 45.1694822], [3.3994717, 45.1694784], [3.3994951, 45.1695315], [3.3993671, 45.1695602], [3.39936, 45.169523], [3.3993577, 45.1695114]]]]}, "properties": {"type": "01", "nom": null, "commune": "43031", "created": "2014-08-08", "updated": "2018-06-12"}}, {"type": "Feature", "geometry": {"type": "MultiPolygon", "coordinates": [[[[3.4032014, 45.1499723], [3.4032815, 45.1500465], [3.4032506, 45.150064], [3.4031626, 45.150114], [3.4030953, 45.1500319], [3.4032014, 45.1499723]]]]}, "properties": {"type": "01", "nom": null, "commune": "43118", "created": "2014-08-08", "updated": "2018-06-12"}}, {"type": "Feature", "geometry": {"type": "MultiPolygon", "coordinates": [[[[3.4087117, 45.1460163], [3.4087358, 45.1459572], [3.4087434, 45.1459383], [3.4088127, 45.1459516], [3.4087857, 45.1460281], [3.4087117, 45.1460163]]]]}, "properties": {"type": "01", "nom": null, "commune": "43175", "created": "2015-01-14", "updated": "2018-06-12"}}, {"type": "Feature", "geometry": {"type": "MultiPolygon", "coordinates": [[[[3.3993554, 45.1695628], [3.3993671, 45.1695602], [3.3994951, 45.1695315], [3.39954, 45.1695215], [3.399563, 45.1695892], [3.3995847, 45.1696976], [3.399472, 45.1697084], [3.3993713, 45.169718], [3.3993829, 45.1696275], [3.3993546, 45.1695698], [3.3993554, 45.1695628]]]]}, "properties": {"type": "01", "nom": null, "commune": "43031", "created": "2014-08-08", "updated": "2018-06-12"}}, {"type": "Feature", "geometry": {"type": "MultiPolygon", "coordinates": [[[[3.4033258, 45.150138], [3.4032249, 45.1501898], [3.4031626, 45.150114], [3.4032506, 45.150064], [3.4033258, 45.150138]]]]}, "properties": {"type": "01", "nom": null, "commune": "43118", "created": "2014-08-08", "updated": "2018-06-12"}}, {"type": "Feature", "geometry": {"type": "MultiPolygon", "coordinates": [[[[3.4086836, 45.1464606], [3.4085661, 45.1464501], [3.4085744, 45.1464048], [3.4085623, 45.1464031], [3.4085789, 45.14633], [3.4086073, 45.146333], [3.4086231, 45.1462604], [3.4086241, 45.1462546], [3.4087242, 45.1462666], [3.4087094, 45.1463459], [3.4086828, 45.1463453], [3.4086689, 45.1464113], [3.408694, 45.1464145], [3.4086836, 45.1464606]]]]}, "properties": {"type": "01", "nom": null, "commune": "43175", "created": "2015-01-14", "updated": "2018-06-12"}}, {"type": "Feature", "geometry": {"type": "MultiPolygon", "coordinates": [[[[3.3991981, 45.1698148], [3.3991578, 45.1696594], [3.3992368, 45.1696493], [3.3992415, 45.1696676], [3.3992775, 45.169663], [3.3993179, 45.1697994], [3.3991981, 45.1698148]]]]}, "properties": {"type": "01", "nom": null, "commune": "43031", "created": "2014-08-08", "updated": "2018-06-12"}}, {"type": "Feature", "geometry": {"type": "MultiPolygon", "coordinates": [[[[3.4033948, 45.1500632], [3.4034177, 45.1500856], [3.4033833, 45.1501052], [3.4033591, 45.1500814], [3.4033948, 45.1500632]]]]}, "properties": {"type": "01", "nom": null, "commune": "43118", "created": "2014-08-08", "updated": "2018-06-12"}}, {"type": "Feature", "geometry": {"type": "MultiPolygon", "coordinates": [[[[3.4089892, 45.1461296], [3.4090324, 45.1460667], [3.4090412, 45.1459943], [3.4090198, 45.1459935], [3.4090217, 45.1459476], [3.4091453, 45.1459533], [3.4091333, 45.1460841], [3.4090837, 45.14616], [3.4089892, 45.1461296]]]]}, "properties": {"type": "01", "nom": null, "commune": "43175", "created": "2015-01-14", "updated": "2018-06-12"}}, {"type": "Feature", "geometry": {"type": "MultiPolygon", "coordinates": [[[[3.3991981, 45.1698148], [3.3993179, 45.1697994], [3.3993212, 45.1698103], [3.3993539, 45.16986], [3.3992154, 45.1698818], [3.3991981, 45.1698148]]]]}, "properties": {"type": "01", "nom": null, "commune": "43031", "created": "2014-08-08", "updated": "2018-06-12"}}, {"type": "Feature", "geometry": {"type": "MultiPolygon", "coordinates": [[[[3.4035945, 45.1503263], [3.4035313, 45.1503097], [3.4035457, 45.1502834], [3.4035235, 45.1502696], [3.4035127, 45.1502783], [3.4034197, 45.1502158], [3.4034545, 45.1501898], [3.4034459, 45.1501839], [3.4034834, 45.1501559], [3.4035357, 45.1501901], [3.4035494, 45.1501797], [3.4036057, 45.1502175], [3.4036071, 45.1502367], [3.4036535, 45.1502349], [3.4037119, 45.1502316], [3.4037173, 45.1503092], [3.4036025, 45.1503132], [3.4035945, 45.1503263]]]]}, "properties": {"type": "01", "nom": null, "commune": "43118", "created": "2014-08-08", "updated": "2018-06-12"}}, {"type": "Feature", "geometry": {"type": "MultiPolygon", "coordinates": [[[[3.4094912, 45.1462704], [3.4094032, 45.1462647], [3.4094203, 45.1461299], [3.4095528, 45.1461384], [3.4095412, 45.14623], [3.4094966, 45.1462272], [3.4094912, 45.1462704]]]]}, "properties": {"type": "01", "nom": null, "commune": "43175", "created": "2015-01-14", "updated": "2018-06-12"}}, {"type": "Feature", "geometry": {"type": "MultiPolygon", "coordinates": [[[[3.4002183, 45.1696293], [3.4001897, 45.1695501], [3.4002654, 45.1695375], [3.4002931, 45.1696165], [3.4002183, 45.1696293]]]]}, "properties": {"type": "01", "nom": null, "commune": "43031", "created": "2014-08-08", "updated": "2018-06-12"}}, {"type": "Feature", "geometry": {"type": "MultiPolygon", "coordinates": [[[[3.4015602, 45.1490756], [3.4016072, 45.1491073], [3.4015782, 45.149129], [3.4015305, 45.1491002], [3.4015602, 45.1490756]]]]}, "properties": {"type": "02", "nom": null, "commune": "43118", "created": "2014-08-08", "updated": "2018-06-12"}}, {"type": "Feature", "geometry": {"type": "MultiPolygon", "coordinates": [[[[3.4065462, 45.1457867], [3.4065695, 45.1458088], [3.4065263, 45.1458336], [3.4065039, 45.145811], [3.4065462, 45.1457867]]]]}, "properties": {"type": "01", "nom": null, "commune": "43175", "created": "2015-01-14", "updated": "2018-06-12"}}, {"type": "Feature", "geometry": {"type": "MultiPolygon", "coordinates": [[[[3.4001101, 45.1697209], [3.4001627, 45.1697824], [3.4001063, 45.1698066], [3.4000559, 45.1697466], [3.4001101, 45.1697209]]]]}, "properties": {"type": "01", "nom": null, "commune": "43031", "created": "2014-08-08", "updated": "2018-06-12"}}, {"type": "Feature", "geometry": {"type": "MultiPolygon", "coordinates": [[[[3.4021377, 45.1492728], [3.4020967, 45.1493038], [3.4020206, 45.1492536], [3.4020581, 45.1492281], [3.4021377, 45.1492728]]]]}, "properties": {"type": "02", "nom": null, "commune": "43118", "created": "2014-08-08", "updated": "2018-06-12"}}, {"type": "Feature", "geometry": {"type": "MultiPolygon", "coordinates": [[[[3.4077501, 45.1456995], [3.4077952, 45.1457033], [3.4077903, 45.1457315], [3.4077478, 45.1457291], [3.4077501, 45.1456995]]]]}, "properties": {"type": "01", "nom": null, "commune": "43175", "created": "2015-01-14", "updated": "2018-06-12"}}, {"type": "Feature", "geometry": {"type": "MultiPolygon", "coordinates": [[[[3.4000006, 45.1697738], [3.4000559, 45.1697466], [3.4001063, 45.1698066], [3.4000543, 45.1698302], [3.4000006, 45.1697738]]]]}, "properties": {"type": "01", "nom": null, "commune": "43031", "created": "2014-08-08", "updated": "2018-06-12"}}, {"type": "Feature", "geometry": {"type": "MultiPolygon", "coordinates": [[[[3.4019871, 45.1492315], [3.4020155, 45.1492109], [3.4020581, 45.1492281], [3.4020206, 45.1492536], [3.4019871, 45.1492315]]]]}, "properties": {"type": "02", "nom": null, "commune": "43118", "created": "2014-08-08", "updated": "2018-06-12"}}, {"type": "Feature", "geometry": {"type": "MultiPolygon", "coordinates": [[[[3.4089646, 45.1461143], [3.4089461, 45.1461946], [3.4088402, 45.1461823], [3.4088587, 45.1461021], [3.4089646, 45.1461143]]]]}, "properties": {"type": "03", "nom": null, "commune": "43175", "created": "2025-10-03", "updated": "2025-10-03"}}, {"type": "Feature", "geometry": {"type": "MultiPolygon", "coordinates": [[[[3.400292, 45.1698925], [3.4003574, 45.1698631], [3.4004495, 45.1699681], [3.4003594, 45.1699887], [3.4003335, 45.1699562], [3.400292, 45.1698925]]]]}, "properties": {"type": "01", "nom": null, "commune": "43031", "created": "2014-08-08", "updated": "2018-06-12"}}, {"type": "Feature", "geometry": {"type": "MultiPolygon", "coordinates": [[[[3.4022727, 45.1495925], [3.4022944, 45.1496069], [3.4022689, 45.1496263], [3.4022535, 45.1496162], [3.4022727, 45.1495925]]]]}, "properties": {"type": "02", "nom": null, "commune": "43118", "created": "2014-08-08", "updated": "2018-06-12"}}, {"type": "Feature", "geometry": {"type": "MultiPolygon", "coordinates": [[[[3.4087385, 45.1465088], [3.4087657, 45.1464082], [3.4088263, 45.1464173], [3.4088118, 45.1464654], [3.4087914, 45.1464622], [3.4087765, 45.146514], [3.4087385, 45.1465088]]]]}, "properties": {"type": "02", "nom": null, "commune": "43175", "created": "2016-05-20", "updated": "2018-06-12"}}, {"type": "Feature", "geometry": {"type": "MultiPolygon", "coordinates": [[[[3.4001585, 45.1698474], [3.400233, 45.1698158], [3.4002639, 45.1698139], [3.4002767, 45.1698206], [3.4002825, 45.1698654], [3.400292, 45.1698925], [3.4003335, 45.1699562], [3.4002811, 45.1699789], [3.4002611, 45.1699875], [3.4002084, 45.1699245], [3.4002282, 45.1699131], [3.400214, 45.1699015], [3.4001585, 45.1698474]]]]}, "properties": {"type": "01", "nom": null, "commune": "43031", "created": "2014-08-08", "updated": "2018-06-12"}}, {"type": "Feature", "geometry": {"type": "MultiPolygon", "coordinates": [[[[3.4030295, 45.1503963], [3.4030439, 45.1504114], [3.4029958, 45.1504348], [3.4029773, 45.1504156], [3.4030071, 45.150402], [3.4030098, 45.1504052], [3.4030295, 45.1503963]]]]}, "properties": {"type": "02", "nom": null, "commune": "43118", "created": "2014-08-08", "updated": "2018-06-12"}}, {"type": "Feature", "geometry": {"type": "MultiPolygon", "coordinates": [[[[3.4089727, 45.1462668], [3.4089788, 45.1463224], [3.4089661, 45.1463231], [3.40896, 45.1462674], [3.4089727, 45.1462668]]]]}, "properties": {"type": "02", "nom": null, "commune": "43175", "created": "2016-05-20", "updated": "2018-06-12"}}, {"type": "Feature", "geometry": {"type": "MultiPolygon", "coordinates": [[[[3.4002304, 45.1697563], [3.400285, 45.1697244], [3.4003031, 45.1697412], [3.4004191, 45.1698491], [3.4003874, 45.1698653], [3.4003697, 45.1698545], [3.4002304, 45.1697563]]]]}, "properties": {"type": "01", "nom": null, "commune": "43031", "created": "2014-08-08", "updated": "2018-06-12"}}, {"type": "Feature", "geometry": {"type": "MultiPolygon", "coordinates": [[[[3.4033325, 45.1507278], [3.403376, 45.1507466], [3.4033591, 45.1507686], [3.4033145, 45.1507491], [3.4033325, 45.1507278]]]]}, "properties": {"type": "02", "nom": null, "commune": "43118", "created": "2014-08-08", "updated": "2018-06-12"}}, {"type": "Feature", "geometry": {"type": "MultiPolygon", "coordinates": [[[[3.4090996, 45.1464322], [3.4089911, 45.146438], [3.4089855, 45.1463838], [3.4089728, 45.1463844], [3.4089661, 45.1463231], [3.4089788, 45.1463224], [3.4089727, 45.1462668], [3.4090681, 45.1462615], [3.4090802, 45.1463768], [3.4090937, 45.1463763], [3.4090996, 45.1464322]]]]}, "properties": {"type": "01", "nom": null, "commune": "43175", "created": "2016-05-20", "updated": "2018-06-12"}}, {"type": "Feature", "geometry": {"type": "MultiPolygon", "coordinates": [[[[3.4003031, 45.1697412], [3.4003588, 45.1697138], [3.4004074, 45.1697466], [3.4004792, 45.1698187], [3.4004191, 45.1698491], [3.4003031, 45.1697412]]]]}, "properties": {"type": "01", "nom": null, "commune": "43031", "created": "2014-08-08", "updated": "2018-06-12"}}, {"type": "Feature", "geometry": {"type": "MultiPolygon", "coordinates": [[[[3.4031291, 45.1513016], [3.4031953, 45.1513058], [3.4031879, 45.1513649], [3.4031216, 45.1513608], [3.4031291, 45.1513016]]]]}, "properties": {"type": "01", "nom": null, "commune": "43118", "created": "2017-03-28", "updated": "2018-06-12"}}, {"type": "Feature", "geometry": {"type": "MultiPolygon", "coordinates": [[[[3.4099816, 45.1459149], [3.4099821, 45.1459325], [3.4099514, 45.1459528], [3.4099297, 45.145952], [3.4099291, 45.1459163], [3.4099816, 45.1459149]]]]}, "properties": {"type": "02", "nom": null, "commune": "43175", "created": "2015-01-14", "updated": "2018-06-12"}}, {"type": "Feature", "geometry": {"type": "MultiPolygon", "coordinates": [[[[3.4003528, 45.1696194], [3.4003771, 45.1696621], [3.4003351, 45.169674], [3.4003588, 45.1697138], [3.4003031, 45.1697412], [3.400285, 45.1697244], [3.4002476, 45.1696976], [3.400279, 45.1696805], [3.4002554, 45.1696503], [3.4002999, 45.1696361], [3.4003528, 45.1696194]]]]}, "properties": {"type": "01", "nom": null, "commune": "43031", "created": "2014-08-08", "updated": "2018-06-12"}}, {"type": "Feature", "geometry": {"type": "MultiPolygon", "coordinates": [[[[3.4038297, 45.1506831], [3.4038211, 45.1506952], [3.4038516, 45.1507059], [3.4038522, 45.1507157], [3.4038259, 45.1507545], [3.4037903, 45.1507424], [3.403769, 45.1507739], [3.4037508, 45.1507676], [3.4037197, 45.1508199], [3.4036451, 45.1507971], [3.403735, 45.1506526], [3.4038297, 45.1506831]]]]}, "properties": {"type": "01", "nom": null, "commune": "43118", "created": "2014-08-08", "updated": "2018-06-12"}}, {"type": "Feature", "geometry": {"type": "MultiPolygon", "coordinates": [[[[3.4098735, 45.1460203], [3.4098187, 45.1460225], [3.409815, 45.1459425], [3.4097081, 45.1459055], [3.4097483, 45.1458507], [3.4098515, 45.1458874], [3.4098737, 45.1458873], [3.4098719, 45.1458612], [3.4098863, 45.1458616], [3.4098735, 45.1460203]]]]}, "properties": {"type": "01", "nom": null, "commune": "43175", "created": "2015-01-14", "updated": "2018-06-12"}}, {"type": "Feature", "geometry": {"type": "MultiPolygon", "coordinates": [[[[3.4005476, 45.169588], [3.4006422, 45.1695626], [3.4006999, 45.1696669], [3.4006007, 45.1696916], [3.4005476, 45.169588]]]]}, "properties": {"type": "01", "nom": null, "commune": "43031", "created": "2014-08-08", "updated": "2018-06-12"}}, {"type": "Feature", "geometry": {"type": "MultiPolygon", "coordinates": [[[[3.404059, 45.1507915], [3.4039524, 45.150905], [3.4039059, 45.1508197], [3.4039731, 45.1507493], [3.404059, 45.1507915]]]]}, "properties": {"type": "01", "nom": null, "commune": "43118", "created": "2014-08-08", "updated": "2018-06-12"}}, {"type": "Feature", "geometry": {"type": "MultiPolygon", "coordinates": [[[[3.409981, 45.1458611], [3.4099816, 45.1459149], [3.4099291, 45.1459163], [3.4099297, 45.145952], [3.4099309, 45.1460178], [3.4098735, 45.1460203], [3.4098863, 45.1458616], [3.409981, 45.1458611]]]]}, "properties": {"type": "01", "nom": null, "commune": "43175", "created": "2015-01-14", "updated": "2018-06-12"}}, {"type": "Feature", "geometry": {"type": "MultiPolygon", "coordinates": [[[[3.4006007, 45.1696916], [3.4006999, 45.1696669], [3.4007267, 45.1697182], [3.4006276, 45.1697429], [3.4006007, 45.1696916]]]]}, "properties": {"type": "01", "nom": null, "commune": "43031", "created": "2014-08-08", "updated": "2018-06-12"}}, {"type": "Feature", "geometry": {"type": "MultiPolygon", "coordinates": [[[[3.4040688, 45.1510191], [3.4039524, 45.150905], [3.404059, 45.1507915], [3.4042211, 45.1508715], [3.4041471, 45.1509431], [3.4040975, 45.1509913], [3.4040688, 45.1510191]]]]}, "properties": {"type": "01", "nom": null, "commune": "43118", "created": "2014-08-08", "updated": "2018-06-12"}}, {"type": "Feature", "geometry": {"type": "MultiPolygon", "coordinates": [[[[3.3878245, 45.1188227], [3.3878849, 45.1188089], [3.3878976, 45.1188516], [3.3878323, 45.1188673], [3.3878245, 45.1188227]]]]}, "properties": {"type": "01", "nom": null, "commune": "43175", "created": "2015-01-14", "updated": "2018-06-12"}}, {"type": "Feature", "geometry": {"type": "MultiPolygon", "coordinates": [[[[3.4006276, 45.1697429], [3.4007267, 45.1697182], [3.400721, 45.16979], [3.4006549, 45.169765], [3.40062, 45.1697519], [3.4006276, 45.1697429]]]]}, "properties": {"type": "01", "nom": null, "commune": "43031", "created": "2014-08-08", "updated": "2018-06-12"}}, {"type": "Feature", "geometry": {"type": "MultiPolygon", "coordinates": [[[[3.4042494, 45.1510677], [3.4042038, 45.1510385], [3.4041996, 45.1510367], [3.4042465, 45.1509908], [3.4041471, 45.1509431], [3.4042211, 45.1508715], [3.4043787, 45.1509513], [3.4042494, 45.1510677]]]]}, "properties": {"type": "01", "nom": null, "commune": "43118", "created": "2014-08-08", "updated": "2018-06-12"}}, {"type": "Feature", "geometry": {"type": "MultiPolygon", "coordinates": [[[[3.4077946, 45.1310853], [3.4077005, 45.1309207], [3.4078352, 45.1308821], [3.4078935, 45.1309838], [3.4078418, 45.1309986], [3.4078777, 45.1310615], [3.4077946, 45.1310853]]]]}, "properties": {"type": "02", "nom": null, "commune": "43175", "created": "2016-05-20", "updated": "2018-06-12"}}, {"type": "Feature", "geometry": {"type": "MultiPolygon", "coordinates": [[[[3.4006549, 45.169765], [3.4006161, 45.1698116], [3.4005795, 45.1697998], [3.40062, 45.1697519], [3.4006549, 45.169765]]]]}, "properties": {"type": "01", "nom": null, "commune": "43031", "created": "2014-08-08", "updated": "2018-06-12"}}, {"type": "Feature", "geometry": {"type": "MultiPolygon", "coordinates": [[[[3.4041435, 45.1511077], [3.4041699, 45.1510849], [3.4042106, 45.1511027], [3.404177, 45.151133], [3.4041435, 45.1511077]]]]}, "properties": {"type": "01", "nom": null, "commune": "43118", "created": "2014-08-08", "updated": "2018-06-12"}}, {"type": "Feature", "geometry": {"type": "MultiPolygon", "coordinates": [[[[3.4037977, 45.1312634], [3.4038927, 45.1312247], [3.4040049, 45.1313655], [3.4039196, 45.131392], [3.4038953, 45.1314021], [3.4037977, 45.1312634]]]]}, "properties": {"type": "01", "nom": null, "commune": "43175", "created": "2015-01-14", "updated": "2018-06-12"}}, {"type": "Feature", "geometry": {"type": "MultiPolygon", "coordinates": [[[[3.4005943, 45.1698601], [3.400677, 45.1699013], [3.4006597, 45.1699206], [3.4005694, 45.1698882], [3.4005943, 45.1698601]]]]}, "properties": {"type": "01", "nom": null, "commune": "43031", "created": "2014-08-08", "updated": "2018-06-12"}}, {"type": "Feature", "geometry": {"type": "MultiPolygon", "coordinates": [[[[3.4042494, 45.1510677], [3.4043752, 45.1511631], [3.4042995, 45.1512249], [3.404177, 45.151133], [3.4042106, 45.1511027], [3.4042494, 45.1510677]]]]}, "properties": {"type": "01", "nom": null, "commune": "43118", "created": "2014-08-08", "updated": "2018-06-12"}}, {"type": "Feature", "geometry": {"type": "MultiPolygon", "coordinates": [[[[3.4040204, 45.1312492], [3.4040742, 45.1312835], [3.4040887, 45.1312923], [3.4040274, 45.1313458], [3.4039573, 45.1312933], [3.4040051, 45.131261], [3.4040204, 45.1312492]]]]}, "properties": {"type": "01", "nom": null, "commune": "43175", "created": "2015-01-14", "updated": "2018-06-12"}}, {"type": "Feature", "geometry": {"type": "MultiPolygon", "coordinates": [[[[3.400677, 45.1699013], [3.4005943, 45.1698601], [3.4006325, 45.169817], [3.4007248, 45.1698476], [3.400677, 45.1699013]]]]}, "properties": {"type": "01", "nom": null, "commune": "43031", "created": "2014-08-08", "updated": "2018-06-12"}}, {"type": "Feature", "geometry": {"type": "MultiPolygon", "coordinates": [[[[3.4045497, 45.1511825], [3.404459, 45.151133], [3.4045412, 45.1510628], [3.4046303, 45.1511151], [3.4045497, 45.1511825]]]]}, "properties": {"type": "01", "nom": null, "commune": "43118", "created": "2014-08-08", "updated": "2018-06-12"}}, {"type": "Feature", "geometry": {"type": "MultiPolygon", "coordinates": [[[[3.4043874, 45.1310619], [3.4045075, 45.1310123], [3.4046376, 45.1311651], [3.4045455, 45.1312131], [3.4045118, 45.1311808], [3.4044874, 45.1311575], [3.4044462, 45.131118], [3.4043874, 45.1310619]]]]}, "properties": {"type": "01", "nom": null, "commune": "43175", "created": "2015-01-14", "updated": "2018-06-12"}}, {"type": "Feature", "geometry": {"type": "MultiPolygon", "coordinates": [[[[3.4007248, 45.1698476], [3.4006325, 45.169817], [3.4006161, 45.1698116], [3.4006549, 45.169765], [3.400721, 45.16979], [3.4007598, 45.1698046], [3.4007248, 45.1698476]]]]}, "properties": {"type": "01", "nom": null, "commune": "43031", "created": "2014-08-08", "updated": "2018-06-12"}}, {"type": "Feature", "geometry": {"type": "MultiPolygon", "coordinates": [[[[3.4045368, 45.1510311], [3.4045078, 45.1510547], [3.404479, 45.1510372], [3.4045057, 45.1510155], [3.4045368, 45.1510311]]]]}, "properties": {"type": "01", "nom": null, "commune": "43118", "created": "2014-08-08", "updated": "2018-06-12"}}, {"type": "Feature", "geometry": {"type": "MultiPolygon", "coordinates": [[[[3.4045118, 45.1311808], [3.4045455, 45.1312131], [3.404508, 45.131227], [3.4044823, 45.1312012], [3.4045118, 45.1311808]]]]}, "properties": {"type": "01", "nom": null, "commune": "43175", "created": "2015-01-14", "updated": "2018-06-12"}}, {"type": "Feature", "geometry": {"type": "MultiPolygon", "coordinates": [[[[3.3992789, 45.1699177], [3.3993051, 45.170008], [3.3992322, 45.1700382], [3.3992027, 45.1699956], [3.3990982, 45.170026], [3.3990688, 45.1699754], [3.3991228, 45.1699576], [3.3991208, 45.1699492], [3.3992426, 45.1699112], [3.3992493, 45.1699182], [3.3992752, 45.1699113], [3.3992789, 45.1699177]]]]}, "properties": {"type": "01", "nom": null, "commune": "43031", "created": "2014-08-08", "updated": "2018-06-12"}}, {"type": "Feature", "geometry": {"type": "MultiPolygon", "coordinates": [[[[3.404825, 45.1512463], [3.4047108, 45.1513115], [3.4046526, 45.1512588], [3.4047728, 45.1511899], [3.404825, 45.1512463]]]]}, "properties": {"type": "01", "nom": null, "commune": "43118", "created": "2014-08-08", "updated": "2018-06-12"}}, {"type": "Feature", "geometry": {"type": "MultiPolygon", "coordinates": [[[[3.4043992, 45.1311435], [3.4044462, 45.131118], [3.4044874, 45.1311575], [3.4044435, 45.131183], [3.4044295, 45.1311716], [3.4043992, 45.1311435]]]]}, "properties": {"type": "01", "nom": null, "commune": "43175", "created": "2015-01-14", "updated": "2018-06-12"}}, {"type": "Feature", "geometry": {"type": "MultiPolygon", "coordinates": [[[[3.3993677, 45.1699117], [3.3993605, 45.1699852], [3.3993051, 45.170008], [3.3992789, 45.1699177], [3.3993677, 45.1699117]]]]}, "properties": {"type": "01", "nom": null, "commune": "43031", "created": "2014-08-08", "updated": "2018-06-12"}}, {"type": "Feature", "geometry": {"type": "MultiPolygon", "coordinates": [[[[3.404349, 45.1310818], [3.4043874, 45.1310619], [3.4044462, 45.131118], [3.4043992, 45.1311435], [3.4043383, 45.1311657], [3.4043159, 45.1311436], [3.4043319, 45.131133], [3.4043014, 45.1311065], [3.404349, 45.1310818]]]]}, "properties": {"type": "01", "nom": null, "commune": "43175", "created": "2015-01-14", "updated": "2018-06-12"}}, {"type": "Feature", "geometry": {"type": "MultiPolygon", "coordinates": [[[[3.4050568, 45.1515689], [3.4050792, 45.1516017], [3.4049652, 45.151641], [3.4048965, 45.1515446], [3.4049487, 45.151526], [3.4049423, 45.1515169], [3.4049561, 45.1515119], [3.4049628, 45.1515212], [3.4050094, 45.1515046], [3.4050317, 45.1515362], [3.4050496, 45.1515369], [3.4050656, 45.1515612], [3.4050568, 45.1515689]]]]}, "properties": {"type": "01", "nom": null, "commune": "43118", "created": "2014-08-08", "updated": "2018-06-12"}}, {"type": "Feature", "geometry": {"type": "MultiPolygon", "coordinates": [[[[3.3994356, 45.1701243], [3.3994169, 45.1700588], [3.3993949, 45.1700619], [3.3993643, 45.1699906], [3.3994317, 45.1699726], [3.3994331, 45.1699745], [3.3995074, 45.1699739], [3.3995574, 45.1700185], [3.399601, 45.1700721], [3.3995846, 45.1701156], [3.3995633, 45.1701163], [3.3994356, 45.1701243]]]]}, "properties": {"type": "01", "nom": null, "commune": "43031", "created": "2014-08-08", "updated": "2018-06-12"}}, {"type": "Feature", "geometry": {"type": "MultiPolygon", "coordinates": [[[[3.403853, 45.1503473], [3.4040907, 45.1504425], [3.404079, 45.1504602], [3.4040135, 45.1505372], [3.4037699, 45.1504419], [3.403853, 45.1503473]]]]}, "properties": {"type": "01", "nom": null, "commune": "43118", "created": "2014-08-08", "updated": "2018-06-12"}}, {"type": "Feature", "geometry": {"type": "MultiPolygon", "coordinates": [[[[3.4042795, 45.1310697], [3.4043014, 45.1311065], [3.4043059, 45.131121], [3.4042771, 45.1311291], [3.4042228, 45.1311449], [3.4041979, 45.1310854], [3.4042795, 45.1310697]]]]}, "properties": {"type": "01", "nom": null, "commune": "43175", "created": "2015-01-14", "updated": "2018-06-12"}}, {"type": "Feature", "geometry": {"type": "MultiPolygon", "coordinates": [[[[3.3994317, 45.1699726], [3.3993643, 45.1699906], [3.3993605, 45.1699852], [3.3993677, 45.1699117], [3.3993673, 45.169903], [3.399461, 45.169894], [3.399489, 45.169946], [3.3994251, 45.1699638], [3.3994317, 45.1699726]]]]}, "properties": {"type": "01", "nom": null, "commune": "43031", "created": "2014-08-08", "updated": "2018-06-12"}}, {"type": "Feature", "geometry": {"type": "MultiPolygon", "coordinates": [[[[3.4042361, 45.1507227], [3.4042023, 45.150759], [3.4040888, 45.1507051], [3.4041388, 45.1506493], [3.4041469, 45.1506411], [3.4042299, 45.1506828], [3.4042587, 45.150654], [3.4043262, 45.1506444], [3.4043841, 45.1506728], [3.4042964, 45.1507549], [3.4042361, 45.1507227]]]]}, "properties": {"type": "01", "nom": null, "commune": "43118", "created": "2014-08-08", "updated": "2018-06-12"}}, {"type": "Feature", "geometry": {"type": "MultiPolygon", "coordinates": [[[[3.4040326, 45.1310898], [3.4040188, 45.1310596], [3.4040499, 45.1310196], [3.4041257, 45.1310045], [3.4041627, 45.1311106], [3.4041301, 45.1311208], [3.4041738, 45.1312104], [3.4041049, 45.1312425], [3.404021, 45.1311555], [3.4039986, 45.1310982], [3.4040326, 45.1310898]]]]}, "properties": {"type": "01", "nom": null, "commune": "43175", "created": "2015-01-14", "updated": "2018-06-12"}}, {"type": "Feature", "geometry": {"type": "MultiPolygon", "coordinates": [[[[3.3993812, 45.1697516], [3.3994781, 45.1697395], [3.3994908, 45.1698018], [3.3994132, 45.1698124], [3.3993942, 45.1697893], [3.3993812, 45.1697516]]]]}, "properties": {"type": "01", "nom": null, "commune": "43031", "created": "2014-08-08", "updated": "2018-06-12"}}, {"type": "Feature", "geometry": {"type": "MultiPolygon", "coordinates": [[[[3.4046162, 45.1508536], [3.4046959, 45.1509058], [3.4046173, 45.1509648], [3.4045416, 45.1509143], [3.4046162, 45.1508536]]]]}, "properties": {"type": "01", "nom": null, "commune": "43118", "created": "2014-08-08", "updated": "2018-06-12"}}, {"type": "Feature", "geometry": {"type": "MultiPolygon", "coordinates": [[[[3.4042968, 45.1309805], [3.4044029, 45.1309295], [3.4044599, 45.1310025], [3.4043709, 45.1310468], [3.4042968, 45.1309805]]]]}, "properties": {"type": "01", "nom": null, "commune": "43175", "created": "2015-01-14", "updated": "2018-06-12"}}, {"type": "Feature", "geometry": {"type": "MultiPolygon", "coordinates": [[[[3.3997746, 45.1698452], [3.3997342, 45.1698566], [3.3996366, 45.1698843], [3.3996013, 45.1698114], [3.3997299, 45.1697692], [3.3997746, 45.1698452]]]]}, "properties": {"type": "01", "nom": null, "commune": "43031", "created": "2014-08-08", "updated": "2018-06-12"}}, {"type": "Feature", "geometry": {"type": "MultiPolygon", "coordinates": [[[[3.4046789, 45.1509628], [3.4047756, 45.150902], [3.4048543, 45.1509659], [3.4047703, 45.1510171], [3.4047569, 45.1510254], [3.4046789, 45.1509628]]]]}, "properties": {"type": "01", "nom": null, "commune": "43118", "created": "2014-08-08", "updated": "2018-06-12"}}, {"type": "Feature", "geometry": {"type": "MultiPolygon", "coordinates": [[[[3.4045964, 45.1309381], [3.4044599, 45.1310025], [3.4044029, 45.1309295], [3.404567, 45.1308506], [3.4045925, 45.1308767], [3.4045596, 45.1308919], [3.4045905, 45.1309258], [3.4045964, 45.1309381]]]]}, "properties": {"type": "01", "nom": null, "commune": "43175", "created": "2015-01-14", "updated": "2018-06-12"}}, {"type": "Feature", "geometry": {"type": "MultiPolygon", "coordinates": [[[[3.3995484, 45.1699346], [3.3996366, 45.1698843], [3.3996576, 45.1699514], [3.399591, 45.1699886], [3.3995484, 45.1699346]]]]}, "properties": {"type": "01", "nom": null, "commune": "43031", "created": "2014-08-08", "updated": "2018-06-12"}}, {"type": "Feature", "geometry": {"type": "MultiPolygon", "coordinates": [[[[3.4048543, 45.1509659], [3.4049696, 45.1510595], [3.4048849, 45.1511114], [3.4047703, 45.1510171], [3.4048543, 45.1509659]]]]}, "properties": {"type": "01", "nom": null, "commune": "43118", "created": "2014-08-08", "updated": "2018-06-12"}}, {"type": "Feature", "geometry": {"type": "MultiPolygon", "coordinates": [[[[3.4044088, 45.1308608], [3.4043883, 45.1308286], [3.404492, 45.130798], [3.4045179, 45.1308296], [3.4044088, 45.1308608]]]]}, "properties": {"type": "01", "nom": null, "commune": "43175", "created": "2015-01-14", "updated": "2018-06-12"}}, {"type": "Feature", "geometry": {"type": "MultiPolygon", "coordinates": [[[[3.3998411, 45.1698573], [3.3998379, 45.1698421], [3.3998531, 45.1698415], [3.3999013, 45.1698374], [3.3999604, 45.1699239], [3.3999207, 45.1699394], [3.3998622, 45.1699606], [3.3998411, 45.1698573]]]]}, "properties": {"type": "01", "nom": null, "commune": "43031", "created": "2014-08-08", "updated": "2018-06-12"}}, {"type": "Feature", "geometry": {"type": "MultiPolygon", "coordinates": [[[[3.4050281, 45.151194], [3.4049448, 45.1512301], [3.404884, 45.1511613], [3.4049653, 45.1511262], [3.4050281, 45.151194]]]]}, "properties": {"type": "01", "nom": null, "commune": "43118", "created": "2014-08-08", "updated": "2018-06-12"}}, {"type": "Feature", "geometry": {"type": "MultiPolygon", "coordinates": [[[[3.4042561, 45.1307455], [3.4043601, 45.1307215], [3.4043943, 45.1307821], [3.4042883, 45.1308026], [3.4042561, 45.1307455]]]]}, "properties": {"type": "01", "nom": null, "commune": "43175", "created": "2015-01-14", "updated": "2018-06-12"}}, {"type": "Feature", "geometry": {"type": "MultiPolygon", "coordinates": [[[[3.3999865, 45.1699326], [3.3999448, 45.1698789], [3.3999916, 45.1698608], [3.4000277, 45.1699026], [3.4000157, 45.1699097], [3.3999865, 45.1699326]]]]}, "properties": {"type": "01", "nom": null, "commune": "43031", "created": "2014-08-08", "updated": "2018-06-12"}}, {"type": "Feature", "geometry": {"type": "MultiPolygon", "coordinates": [[[[3.4050543, 45.1512257], [3.4049806, 45.1512729], [3.4049448, 45.1512301], [3.4050281, 45.151194], [3.4050543, 45.1512257]]]]}, "properties": {"type": "01", "nom": null, "commune": "43118", "created": "2014-08-08", "updated": "2018-06-12"}}, {"type": "Feature", "geometry": {"type": "MultiPolygon", "coordinates": [[[[3.4041617, 45.1307702], [3.4042561, 45.1307455], [3.4042883, 45.1308026], [3.4041911, 45.1308275], [3.4041617, 45.1307702]]]]}, "properties": {"type": "01", "nom": null, "commune": "43175", "created": "2015-01-14", "updated": "2018-06-12"}}, {"type": "Feature", "geometry": {"type": "MultiPolygon", "coordinates": [[[[3.4000277, 45.1699026], [3.4001585, 45.1698474], [3.400214, 45.1699015], [3.4001397, 45.1699518], [3.4000847, 45.1699913], [3.4000157, 45.1699097], [3.4000277, 45.1699026]]]]}, "properties": {"type": "01", "nom": null, "commune": "43031", "created": "2014-08-08", "updated": "2018-06-12"}}, {"type": "Feature", "geometry": {"type": "MultiPolygon", "coordinates": [[[[3.4049806, 45.1512729], [3.4050543, 45.1512257], [3.4050672, 45.1512176], [3.4051596, 45.1513247], [3.4050717, 45.1513791], [3.4049806, 45.1512729]]]]}, "properties": {"type": "01", "nom": null, "commune": "43118", "created": "2014-08-08", "updated": "2018-06-12"}}, {"type": "Feature", "geometry": {"type": "MultiPolygon", "coordinates": [[[[3.4049254, 45.1307202], [3.4048514, 45.1307546], [3.4048245, 45.1307268], [3.4049036, 45.1306931], [3.4049254, 45.1307202]]]]}, "properties": {"type": "01", "nom": null, "commune": "43175", "created": "2015-01-14", "updated": "2018-06-12"}}, {"type": "Feature", "geometry": {"type": "MultiPolygon", "coordinates": [[[[3.3999865, 45.1699326], [3.4000157, 45.1699097], [3.4000847, 45.1699913], [3.4000989, 45.170008], [3.4000704, 45.1700159], [3.4000599, 45.1700087], [3.4000277, 45.1700305], [3.3999593, 45.169954], [3.3999865, 45.1699326]]]]}, "properties": {"type": "01", "nom": null, "commune": "43031", "created": "2014-08-08", "updated": "2018-06-12"}}, {"type": "Feature", "geometry": {"type": "MultiPolygon", "coordinates": [[[[3.4051506, 45.1514799], [3.40518, 45.1514621], [3.4052282, 45.1515292], [3.4051945, 45.1515413], [3.4051506, 45.1514799]]]]}, "properties": {"type": "01", "nom": null, "commune": "43118", "created": "2014-08-08", "updated": "2018-06-12"}}, {"type": "Feature", "geometry": {"type": "MultiPolygon", "coordinates": [[[[3.4040134, 45.1309696], [3.4039988, 45.130958], [3.404005, 45.1309523], [3.4039788, 45.1309319], [3.4040075, 45.1309122], [3.4040234, 45.1309229], [3.4040335, 45.1309151], [3.4040757, 45.130947], [3.4040349, 45.1309865], [3.4040134, 45.1309696]]]]}, "properties": {"type": "01", "nom": null, "commune": "43175", "created": "2015-01-14", "updated": "2018-06-12"}}, {"type": "Feature", "geometry": {"type": "MultiPolygon", "coordinates": [[[[3.3998703, 45.1700434], [3.3998718, 45.1700589], [3.3997746, 45.1700505], [3.3997652, 45.1699587], [3.3996662, 45.1699786], [3.3996576, 45.1699514], [3.3996366, 45.1698843], [3.3997342, 45.1698566], [3.3997458, 45.1698853], [3.3998411, 45.1698573], [3.3998622, 45.1699606], [3.3998677, 45.1700157], [3.3998703, 45.1700434]]]]}, "properties": {"type": "01", "nom": null, "commune": "43031", "created": "2014-08-08", "updated": "2018-06-12"}}, {"type": "Feature", "geometry": {"type": "MultiPolygon", "coordinates": [[[[3.4052419, 45.1516114], [3.4052221, 45.1515878], [3.4052817, 45.1515626], [3.4053011, 45.1515857], [3.4052768, 45.1515963], [3.4052419, 45.1516114]]]]}, "properties": {"type": "01", "nom": null, "commune": "43118", "created": "2014-08-08", "updated": "2018-06-12"}}, {"type": "Feature", "geometry": {"type": "MultiPolygon", "coordinates": [[[[3.404849, 45.1311043], [3.4047957, 45.1311288], [3.4047868, 45.1311149], [3.4047574, 45.1310734], [3.4048049, 45.1310522], [3.404849, 45.1311043]]]]}, "properties": {"type": "01", "nom": null, "commune": "43175", "created": "2015-01-14", "updated": "2018-06-12"}}, {"type": "Feature", "geometry": {"type": "MultiPolygon", "coordinates": [[[[3.4007248, 45.1698476], [3.4007598, 45.1698046], [3.4007834, 45.1698135], [3.4007574, 45.1698588], [3.4007248, 45.1698476]]]]}, "properties": {"type": "02", "nom": null, "commune": "43031", "created": "2014-08-08", "updated": "2018-06-12"}}, {"type": "Feature", "geometry": {"type": "MultiPolygon", "coordinates": [[[[3.405305, 45.1516292], [3.4052913, 45.1516133], [3.4053637, 45.1515834], [3.4054035, 45.1516317], [3.4053912, 45.1516369], [3.4054744, 45.1517377], [3.4054455, 45.1517501], [3.4053819, 45.151777], [3.4052977, 45.1516763], [3.4053323, 45.1516618], [3.405305, 45.1516292]]]]}, "properties": {"type": "01", "nom": null, "commune": "43118", "created": "2014-08-08", "updated": "2018-06-12"}}, {"type": "Feature", "geometry": {"type": "MultiPolygon", "coordinates": [[[[3.4042498, 45.1307329], [3.4042561, 45.1307455], [3.4041617, 45.1307702], [3.4041551, 45.1307571], [3.4042498, 45.1307329]]]]}, "properties": {"type": "02", "nom": null, "commune": "43175", "created": "2015-01-14", "updated": "2018-06-12"}}, {"type": "Feature", "geometry": {"type": "MultiPolygon", "coordinates": [[[[3.4009016, 45.1698296], [3.4008911, 45.1698158], [3.4009477, 45.1697942], [3.4009572, 45.1698075], [3.4009016, 45.1698296]]]]}, "properties": {"type": "01", "nom": null, "commune": "43031", "created": "2014-08-08", "updated": "2018-06-12"}}, {"type": "Feature", "geometry": {"type": "MultiPolygon", "coordinates": [[[[3.4054607, 45.1516038], [3.4055316, 45.1515729], [3.4055662, 45.1516127], [3.4054965, 45.151643], [3.4054607, 45.1516038]]]]}, "properties": {"type": "01", "nom": null, "commune": "43118", "created": "2014-08-08", "updated": "2018-06-12"}}, {"type": "Feature", "geometry": {"type": "MultiPolygon", "coordinates": [[[[3.4040742, 45.1312835], [3.4040204, 45.1312492], [3.4040407, 45.1312334], [3.4040924, 45.1312703], [3.4040742, 45.1312835]]]]}, "properties": {"type": "02", "nom": null, "commune": "43175", "created": "2015-01-14", "updated": "2018-06-12"}}, {"type": "Feature", "geometry": {"type": "MultiPolygon", "coordinates": [[[[3.405174, 45.1512515], [3.4052868, 45.1511815], [3.4053432, 45.1512271], [3.4053144, 45.151245], [3.4053734, 45.1512936], [3.4052892, 45.1513459], [3.405174, 45.1512515]]]]}, "properties": {"type": "01", "nom": null, "commune": "43118", "created": "2014-08-08", "updated": "2018-06-12"}}, {"type": "Feature", "geometry": {"type": "MultiPolygon", "coordinates": [[[[3.4039895, 45.131075], [3.4040188, 45.1310596], [3.4040326, 45.1310898], [3.4039986, 45.1310982], [3.4039895, 45.131075]]]]}, "properties": {"type": "02", "nom": null, "commune": "43175", "created": "2015-01-14", "updated": "2018-06-12"}}, {"type": "Feature", "geometry": {"type": "MultiPolygon", "coordinates": [[[[3.4009016, 45.1698296], [3.4009572, 45.1698075], [3.4010166, 45.1698913], [3.4009702, 45.1699135], [3.4009232, 45.1699293], [3.400866, 45.1698437], [3.4009016, 45.1698296]]]]}, "properties": {"type": "01", "nom": null, "commune": "43031", "created": "2014-08-08", "updated": "2018-06-12"}}, {"type": "Feature", "geometry": {"type": "MultiPolygon", "coordinates": [[[[3.4007981, 45.1699625], [3.4007209, 45.1700246], [3.4006659, 45.1699857], [3.4007486, 45.1699158], [3.4007981, 45.1699625]]]]}, "properties": {"type": "01", "nom": null, "commune": "43031", "created": "2014-08-08", "updated": "2018-06-12"}}, {"type": "Feature", "geometry": {"type": "MultiPolygon", "coordinates": [[[[3.4054517, 45.1513788], [3.4055598, 45.1513344], [3.405616, 45.1514029], [3.405508, 45.1514473], [3.4054517, 45.1513788]]]]}, "properties": {"type": "01", "nom": null, "commune": "43118", "created": "2014-08-08", "updated": "2018-06-12"}}, {"type": "Feature", "geometry": {"type": "MultiPolygon", "coordinates": [[[[3.4061868, 45.1306399], [3.4061565, 45.1305983], [3.4061951, 45.1305843], [3.4062253, 45.1306259], [3.4061868, 45.1306399]]]]}, "properties": {"type": "01", "nom": null, "commune": "43175", "created": "2016-05-20", "updated": "2018-06-12"}}, {"type": "Feature", "geometry": {"type": "MultiPolygon", "coordinates": [[[[3.3992926, 45.1703793], [3.3992758, 45.1703328], [3.3992995, 45.170327], [3.399364, 45.1703286], [3.3993639, 45.1703764], [3.3992926, 45.1703793]]]]}, "properties": {"type": "02", "nom": null, "commune": "43031", "created": "2016-05-20", "updated": "2018-06-12"}}, {"type": "Feature", "geometry": {"type": "MultiPolygon", "coordinates": [[[[3.4060078, 45.1512109], [3.4059675, 45.151244], [3.4059025, 45.1512072], [3.405943, 45.151174], [3.4060078, 45.1512109]]]]}, "properties": {"type": "01", "nom": null, "commune": "43118", "created": "2014-08-08", "updated": "2018-06-12"}}, {"type": "Feature", "geometry": {"type": "MultiPolygon", "coordinates": [[[[3.4049228, 45.1310609], [3.4048871, 45.1310117], [3.4050717, 45.1309424], [3.4051071, 45.130989], [3.4049228, 45.1310609]]]]}, "properties": {"type": "01", "nom": null, "commune": "43175", "created": "2016-05-20", "updated": "2018-06-12"}}, {"type": "Feature", "geometry": {"type": "MultiPolygon", "coordinates": [[[[3.4002135, 45.1702758], [3.4002345, 45.1702625], [3.4002599, 45.1702825], [3.4002367, 45.1702959], [3.4002135, 45.1702758]]]]}, "properties": {"type": "01", "nom": null, "commune": "43031", "created": "2014-08-08", "updated": "2018-06-12"}}, {"type": "Feature", "geometry": {"type": "MultiPolygon", "coordinates": [[[[3.4061254, 45.1513157], [3.4060939, 45.1513409], [3.4060109, 45.1512847], [3.4060386, 45.1512613], [3.4061254, 45.1513157]]]]}, "properties": {"type": "01", "nom": null, "commune": "43118", "created": "2014-08-08", "updated": "2018-06-12"}}, {"type": "Feature", "geometry": {"type": "MultiPolygon", "coordinates": [[[[3.4055818, 45.1308245], [3.4054421, 45.1308779], [3.4051638, 45.130984], [3.4051535, 45.130971], [3.4051071, 45.130989], [3.4050717, 45.1309424], [3.4053992, 45.1308198], [3.4055379, 45.1307678], [3.4055818, 45.1308245]]]]}, "properties": {"type": "02", "nom": null, "commune": "43175", "created": "2016-05-20", "updated": "2018-06-12"}}, {"type": "Feature", "geometry": {"type": "MultiPolygon", "coordinates": [[[[3.4007557, 45.1706946], [3.4007239, 45.1706807], [3.4007999, 45.1705881], [3.4008193, 45.170597], [3.4008971, 45.1706313], [3.4010538, 45.1707008], [3.4010821, 45.1707134], [3.4011221, 45.1707311], [3.4011183, 45.1707354], [3.4011315, 45.1707421], [3.4011321, 45.1707594], [3.4011099, 45.17076], [3.401062, 45.1708018], [3.4010696, 45.1708195], [3.4010473, 45.1708282], [3.4010499, 45.1708241], [3.400987, 45.170782], [3.4009744, 45.170792], [3.400934, 45.1707725], [3.400927, 45.1707798], [3.4008339, 45.1707348], [3.4008194, 45.1707475], [3.4007962, 45.1707439], [3.4007886, 45.1707386], [3.4007933, 45.1707329], [3.400744, 45.1707144], [3.4007557, 45.1706946]]]]}, "properties": {"type": "01", "nom": null, "commune": "43031", "created": "2014-08-08", "updated": "2018-06-12"}}, {"type": "Feature", "geometry": {"type": "MultiPolygon", "coordinates": [[[[3.404489, 45.1488807], [3.4044742, 45.1488967], [3.4044422, 45.1488822], [3.404457, 45.1488661], [3.404489, 45.1488807]]]]}, "properties": {"type": "01", "nom": null, "commune": "43118", "created": "2014-08-08", "updated": "2018-06-12"}}, {"type": "Feature", "geometry": {"type": "MultiPolygon", "coordinates": [[[[3.4055818, 45.1308245], [3.4055379, 45.1307678], [3.4057762, 45.1306784], [3.4058424, 45.1307697], [3.4056077, 45.1308582], [3.4055818, 45.1308245]]]]}, "properties": {"type": "01", "nom": null, "commune": "43175", "created": "2016-05-20", "updated": "2018-06-12"}}, {"type": "Feature", "geometry": {"type": "MultiPolygon", "coordinates": [[[[3.4006643, 45.1701781], [3.400572, 45.1701677], [3.4005411, 45.1701658], [3.4005738, 45.1701027], [3.4005904, 45.170107], [3.4006465, 45.1701211], [3.4006562, 45.1701514], [3.4006643, 45.1701781]]]]}, "properties": {"type": "01", "nom": null, "commune": "43031", "created": "2014-08-08", "updated": "2018-06-12"}}, {"type": "Feature", "geometry": {"type": "MultiPolygon", "coordinates": [[[[3.4047963, 45.149267], [3.4048581, 45.1492217], [3.4048998, 45.1492721], [3.4048644, 45.1493021], [3.4047963, 45.149267]]]]}, "properties": {"type": "01", "nom": null, "commune": "43118", "created": "2014-08-08", "updated": "2018-06-12"}}, {"type": "Feature", "geometry": {"type": "MultiPolygon", "coordinates": [[[[3.4051604, 45.1312365], [3.4050049, 45.1312954], [3.4049064, 45.1311642], [3.4054685, 45.130956], [3.405584, 45.1309133], [3.4056525, 45.1310048], [3.4055371, 45.1310477], [3.4051311, 45.1311984], [3.4051604, 45.1312365]]]]}, "properties": {"type": "01", "nom": null, "commune": "43175", "created": "2016-05-20", "updated": "2018-06-12"}}, {"type": "Feature", "geometry": {"type": "MultiPolygon", "coordinates": [[[[3.4000171, 45.1702421], [3.3999993, 45.1702322], [3.4000493, 45.170189], [3.4000625, 45.1702014], [3.4000171, 45.1702421]]]]}, "properties": {"type": "02", "nom": null, "commune": "43031", "created": "2014-08-08", "updated": "2018-06-12"}}, {"type": "Feature", "geometry": {"type": "MultiPolygon", "coordinates": [[[[3.4048085, 45.1491539], [3.4048781, 45.1491991], [3.4048833, 45.1492025], [3.4048581, 45.1492217], [3.4047963, 45.149267], [3.4047184, 45.149227], [3.4048085, 45.1491539]]]]}, "properties": {"type": "01", "nom": null, "commune": "43118", "created": "2014-08-08", "updated": "2018-06-12"}}, {"type": "Feature", "geometry": {"type": "MultiPolygon", "coordinates": [[[[3.4063563, 45.1302987], [3.4066973, 45.1301732], [3.4068208, 45.1303412], [3.4064799, 45.1304667], [3.4063563, 45.1302987]]]]}, "properties": {"type": "02", "nom": null, "commune": "43175", "created": "2016-05-20", "updated": "2018-06-12"}}, {"type": "Feature", "geometry": {"type": "MultiPolygon", "coordinates": [[[[3.4000493, 45.170189], [3.4000814, 45.1701612], [3.4000963, 45.1701767], [3.4000625, 45.1702014], [3.4000493, 45.170189]]]]}, "properties": {"type": "02", "nom": null, "commune": "43031", "created": "2014-08-08", "updated": "2018-06-12"}}, {"type": "Feature", "geometry": {"type": "MultiPolygon", "coordinates": [[[[3.4048085, 45.1491539], [3.4047184, 45.149227], [3.4046518, 45.1491926], [3.4047718, 45.1490779], [3.404855, 45.1491153], [3.4048207, 45.1491441], [3.4048085, 45.1491539]]]]}, "properties": {"type": "01", "nom": null, "commune": "43118", "created": "2014-08-08", "updated": "2018-06-12"}}, {"type": "Feature", "geometry": {"type": "MultiPolygon", "coordinates": [[[[3.4058424, 45.1307697], [3.4057762, 45.1306784], [3.4057513, 45.1306443], [3.4060953, 45.1305143], [3.4061565, 45.1305983], [3.4061868, 45.1306399], [3.4058424, 45.1307697]]]]}, "properties": {"type": "02", "nom": null, "commune": "43175", "created": "2016-05-20", "updated": "2018-06-12"}}, {"type": "Feature", "geometry": {"type": "MultiPolygon", "coordinates": [[[[3.4001887, 45.1701295], [3.400262, 45.1700918], [3.400271, 45.1701029], [3.4003093, 45.1701435], [3.4002646, 45.1701708], [3.4001821, 45.170221], [3.400166, 45.1702308], [3.4000963, 45.1701767], [3.4001887, 45.1701295]]]]}, "properties": {"type": "02", "nom": null, "commune": "43031", "created": "2014-08-08", "updated": "2018-06-12"}}, {"type": "Feature", "geometry": {"type": "MultiPolygon", "coordinates": [[[[3.404937, 45.148986], [3.40489, 45.1490616], [3.404837, 45.1490387], [3.4048856, 45.148961], [3.404937, 45.148986]]]]}, "properties": {"type": "01", "nom": null, "commune": "43118", "created": "2014-08-08", "updated": "2018-06-12"}}, {"type": "Feature", "geometry": {"type": "MultiPolygon", "coordinates": [[[[3.4030439, 45.1317149], [3.4028113, 45.131785], [3.4027285, 45.1316418], [3.4032015, 45.1315089], [3.4032784, 45.1316523], [3.4031087, 45.1317009], [3.4031235, 45.1317324], [3.4030633, 45.1317492], [3.4030439, 45.1317149]]]]}, "properties": {"type": "01", "nom": null, "commune": "43175", "created": "2015-01-14", "updated": "2018-06-12"}}, {"type": "Feature", "geometry": {"type": "MultiPolygon", "coordinates": [[[[3.4002135, 45.1702758], [3.4001846, 45.1702941], [3.4001367, 45.1702561], [3.400166, 45.1702308], [3.4001821, 45.170221], [3.4002078, 45.1702413], [3.4002345, 45.1702625], [3.4002135, 45.1702758]]]]}, "properties": {"type": "02", "nom": null, "commune": "43031", "created": "2014-08-08", "updated": "2018-06-12"}}, {"type": "Feature", "geometry": {"type": "MultiPolygon", "coordinates": [[[[3.404943, 45.1489891], [3.405127, 45.1490762], [3.4050528, 45.1491439], [3.4050241, 45.1491284], [3.4049582, 45.1490993], [3.40489, 45.1490616], [3.404937, 45.148986], [3.404943, 45.1489891]]]]}, "properties": {"type": "01", "nom": null, "commune": "43118", "created": "2014-08-08", "updated": "2018-06-12"}}, {"type": "Feature", "geometry": {"type": "MultiPolygon", "coordinates": [[[[3.4041165, 45.1319482], [3.4041245, 45.1319627], [3.4040496, 45.1319788], [3.4040456, 45.131973], [3.4041165, 45.1319482]]]]}, "properties": {"type": "01", "nom": null, "commune": "43175", "created": "2015-01-14", "updated": "2018-06-12"}}, {"type": "Feature", "geometry": {"type": "MultiPolygon", "coordinates": [[[[3.4005109, 45.1704072], [3.4005378, 45.170449], [3.4005239, 45.1704537], [3.4005016, 45.170461], [3.4004709, 45.1704224], [3.4005109, 45.1704072]]]]}, "properties": {"type": "02", "nom": null, "commune": "43031", "created": "2014-08-08", "updated": "2018-06-12"}}, {"type": "Feature", "geometry": {"type": "MultiPolygon", "coordinates": [[[[3.4052073, 45.1489531], [3.4052416, 45.1489769], [3.4052035, 45.1490044], [3.4051613, 45.148975], [3.4051402, 45.1489854], [3.4051167, 45.1489616], [3.4052073, 45.1489531]]]]}, "properties": {"type": "01", "nom": null, "commune": "43118", "created": "2014-08-08", "updated": "2018-06-12"}}, {"type": "Feature", "geometry": {"type": "MultiPolygon", "coordinates": [[[[3.4044823, 45.1325777], [3.4044189, 45.1325907], [3.4043842, 45.1325134], [3.4044073, 45.1325083], [3.4043936, 45.132479], [3.4044405, 45.1324712], [3.4044474, 45.132498], [3.4044623, 45.1325384], [3.4044823, 45.1325777]]]]}, "properties": {"type": "01", "nom": null, "commune": "43175", "created": "2015-01-14", "updated": "2018-06-12"}}, {"type": "Feature", "geometry": {"type": "MultiPolygon", "coordinates": [[[[3.4004328, 45.1706284], [3.4003998, 45.1706365], [3.4003644, 45.1705781], [3.4004036, 45.1705681], [3.4004328, 45.1706284]]]]}, "properties": {"type": "02", "nom": null, "commune": "43031", "created": "2014-08-08", "updated": "2018-06-12"}}, {"type": "Feature", "geometry": {"type": "MultiPolygon", "coordinates": [[[[3.4052857, 45.1491969], [3.4052201, 45.149239], [3.4051569, 45.1492088], [3.4050605, 45.1491481], [3.4051436, 45.1490808], [3.4051464, 45.1490825], [3.4052444, 45.1491538], [3.4052368, 45.1491589], [3.4052857, 45.1491969]]]]}, "properties": {"type": "01", "nom": null, "commune": "43118", "created": "2014-08-08", "updated": "2018-06-12"}}, {"type": "Feature", "geometry": {"type": "MultiPolygon", "coordinates": [[[[3.4041572, 45.1328404], [3.4041823, 45.1328133], [3.4042453, 45.1327839], [3.4043883, 45.1329421], [3.4044684, 45.1328827], [3.4044654, 45.1328594], [3.4044169, 45.1327699], [3.404451, 45.13276], [3.4045125, 45.1328757], [3.4045166, 45.1329018], [3.404515, 45.1329129], [3.4044942, 45.1329201], [3.4045081, 45.1329372], [3.4045016, 45.1329515], [3.4044466, 45.1329989], [3.4044172, 45.1330136], [3.4043471, 45.1330488], [3.4042109, 45.1328995], [3.4041572, 45.1328404]]]]}, "properties": {"type": "01", "nom": null, "commune": "43175", "created": "2015-01-14", "updated": "2018-06-12"}}, {"type": "Feature", "geometry": {"type": "MultiPolygon", "coordinates": [[[[3.3990942, 45.1704084], [3.3991149, 45.1704382], [3.3990534, 45.1704599], [3.3990324, 45.1704298], [3.3990942, 45.1704084]]]]}, "properties": {"type": "02", "nom": null, "commune": "43031", "created": "2014-08-08", "updated": "2018-06-12"}}, {"type": "Feature", "geometry": {"type": "MultiPolygon", "coordinates": [[[[3.405464, 45.1492003], [3.4054248, 45.1492428], [3.4053059, 45.1491822], [3.4052857, 45.1491969], [3.4052368, 45.1491589], [3.4052444, 45.1491538], [3.4052678, 45.1491404], [3.4052529, 45.1491273], [3.4052657, 45.1491199], [3.4052786, 45.1491312], [3.4053538, 45.1490856], [3.4053793, 45.1491067], [3.4054727, 45.1491628], [3.4054966, 45.1491657], [3.405464, 45.1492003]]]]}, "properties": {"type": "01", "nom": null, "commune": "43118", "created": "2014-08-08", "updated": "2018-06-12"}}, {"type": "Feature", "geometry": {"type": "MultiPolygon", "coordinates": [[[[3.4039975, 45.1329888], [3.40393, 45.1329096], [3.4040365, 45.1329054], [3.4041467, 45.132829], [3.4041572, 45.1328404], [3.4042109, 45.1328995], [3.4039975, 45.1329888]]]]}, "properties": {"type": "01", "nom": null, "commune": "43175", "created": "2015-01-14", "updated": "2018-06-12"}}, {"type": "Feature", "geometry": {"type": "MultiPolygon", "coordinates": [[[[3.3996214, 45.1707708], [3.3996659, 45.1708594], [3.3995972, 45.1708663], [3.3995721, 45.1707779], [3.3996214, 45.1707708]]]]}, "properties": {"type": "02", "nom": null, "commune": "43031", "created": "2014-08-08", "updated": "2018-06-12"}}, {"type": "Feature", "geometry": {"type": "MultiPolygon", "coordinates": [[[[3.4049493, 45.1492346], [3.405008, 45.1491912], [3.4050151, 45.1491846], [3.4051293, 45.1492461], [3.4051178, 45.1492557], [3.404996, 45.1493657], [3.4049623, 45.1493435], [3.404928, 45.1492738], [3.4049149, 45.1492545], [3.4049223, 45.1492508], [3.4049493, 45.1492346]]]]}, "properties": {"type": "01", "nom": null, "commune": "43118", "created": "2014-08-08", "updated": "2018-06-12"}}, {"type": "Feature", "geometry": {"type": "MultiPolygon", "coordinates": [[[[3.4039641, 45.1328733], [3.4041219, 45.1327996], [3.40413, 45.1328091], [3.4041467, 45.132829], [3.4040365, 45.1329054], [3.40393, 45.1329096], [3.4039171, 45.1328945], [3.4039641, 45.1328733]]]]}, "properties": {"type": "01", "nom": null, "commune": "43175", "created": "2015-01-14", "updated": "2018-06-12"}}, {"type": "Feature", "geometry": {"type": "MultiPolygon", "coordinates": [[[[3.3988981, 45.170955], [3.3989434, 45.1709339], [3.3989717, 45.1709627], [3.398926, 45.1709851], [3.3988981, 45.170955]]]]}, "properties": {"type": "02", "nom": null, "commune": "43031", "created": "2014-08-08", "updated": "2018-06-12"}}, {"type": "Feature", "geometry": {"type": "MultiPolygon", "coordinates": [[[[3.4051178, 45.1492557], [3.4051733, 45.1492832], [3.4051293, 45.1493231], [3.4051509, 45.1493351], [3.4051113, 45.1493858], [3.4050855, 45.1494186], [3.4049919, 45.1493695], [3.404996, 45.1493657], [3.4051178, 45.1492557]]]]}, "properties": {"type": "01", "nom": null, "commune": "43118", "created": "2014-08-08", "updated": "2018-06-12"}}, {"type": "Feature", "geometry": {"type": "MultiPolygon", "coordinates": [[[[3.4042606, 45.132614], [3.4043282, 45.1325838], [3.4043304, 45.1325892], [3.4043851, 45.1326432], [3.4043144, 45.1326744], [3.4043272, 45.1326888], [3.4042943, 45.1327048], [3.4042551, 45.132663], [3.4042842, 45.132645], [3.4042622, 45.132627], [3.4042544, 45.1326168], [3.4042606, 45.132614]]]]}, "properties": {"type": "01", "nom": null, "commune": "43175", "created": "2015-01-14", "updated": "2018-06-12"}}, {"type": "Feature", "geometry": {"type": "MultiPolygon", "coordinates": [[[[3.3992887, 45.170926], [3.3993027, 45.1709454], [3.3992341, 45.1709704], [3.3992218, 45.1709501], [3.3992887, 45.170926]]]]}, "properties": {"type": "02", "nom": null, "commune": "43031", "created": "2014-08-08", "updated": "2018-06-12"}}, {"type": "Feature", "geometry": {"type": "MultiPolygon", "coordinates": [[[[3.4049623, 45.1493435], [3.4049533, 45.1493492], [3.4048846, 45.1493132], [3.404928, 45.1492738], [3.4049623, 45.1493435]]]]}, "properties": {"type": "01", "nom": null, "commune": "43118", "created": "2014-08-08", "updated": "2018-06-12"}}, {"type": "Feature", "geometry": {"type": "MultiPolygon", "coordinates": [[[[3.4042355, 45.1324895], [3.4042606, 45.132614], [3.4042544, 45.1326168], [3.4042622, 45.132627], [3.404194, 45.1326342], [3.4041658, 45.1325085], [3.4041852, 45.1324947], [3.4042355, 45.1324895]]]]}, "properties": {"type": "01", "nom": null, "commune": "43175", "created": "2015-01-14", "updated": "2018-06-12"}}, {"type": "Feature", "geometry": {"type": "MultiPolygon", "coordinates": [[[[3.4001427, 45.1700644], [3.4001887, 45.1701295], [3.4000963, 45.1701767], [3.4000814, 45.1701612], [3.4000216, 45.1700987], [3.4001427, 45.1700644]]]]}, "properties": {"type": "01", "nom": null, "commune": "43031", "created": "2014-08-08", "updated": "2018-06-12"}}, {"type": "Feature", "geometry": {"type": "MultiPolygon", "coordinates": [[[[3.4055096, 45.1493443], [3.4055657, 45.1492385], [3.4056148, 45.149183], [3.4056222, 45.1491879], [3.4056925, 45.1492363], [3.4056517, 45.1492977], [3.4056154, 45.149354], [3.4055537, 45.1494251], [3.4054699, 45.1493832], [3.4055096, 45.1493443]]]]}, "properties": {"type": "01", "nom": null, "commune": "43118", "created": "2014-08-08", "updated": "2018-06-12"}}, {"type": "Feature", "geometry": {"type": "MultiPolygon", "coordinates": [[[[3.4042355, 45.1324895], [3.4042883, 45.1324835], [3.4043282, 45.1325838], [3.4042606, 45.132614], [3.4042355, 45.1324895]]]]}, "properties": {"type": "01", "nom": null, "commune": "43175", "created": "2015-01-14", "updated": "2018-06-12"}}, {"type": "Feature", "geometry": {"type": "MultiPolygon", "coordinates": [[[[3.4003093, 45.1701435], [3.400271, 45.1701029], [3.4003308, 45.1700883], [3.4003867, 45.1701441], [3.4003739, 45.1701515], [3.400337, 45.1701728], [3.4003093, 45.1701435]]]]}, "properties": {"type": "01", "nom": null, "commune": "43031", "created": "2014-08-08", "updated": "2018-06-12"}}, {"type": "Feature", "geometry": {"type": "MultiPolygon", "coordinates": [[[[3.4057738, 45.1494035], [3.4057283, 45.1494808], [3.4056034, 45.1494417], [3.4056609, 45.1493549], [3.4057738, 45.1494035]]]]}, "properties": {"type": "01", "nom": null, "commune": "43118", "created": "2014-08-08", "updated": "2018-06-12"}}, {"type": "Feature", "geometry": {"type": "MultiPolygon", "coordinates": [[[[3.4043372, 45.1324627], [3.4043321, 45.1324146], [3.4044086, 45.1324135], [3.4044107, 45.1324549], [3.4043779, 45.1324591], [3.4043372, 45.1324627]]]]}, "properties": {"type": "01", "nom": null, "commune": "43175", "created": "2015-01-14", "updated": "2018-06-12"}}, {"type": "Feature", "geometry": {"type": "MultiPolygon", "coordinates": [[[[3.4002811, 45.1699789], [3.4003335, 45.1699562], [3.4003594, 45.1699887], [3.4003077, 45.1700112], [3.4002811, 45.1699789]]]]}, "properties": {"type": "01", "nom": null, "commune": "43031", "created": "2014-08-08", "updated": "2018-06-12"}}, {"type": "Feature", "geometry": {"type": "MultiPolygon", "coordinates": [[[[3.405686, 45.1493149], [3.4057336, 45.1492641], [3.4058076, 45.1493153], [3.4057686, 45.149357], [3.405686, 45.1493149]]]]}, "properties": {"type": "01", "nom": null, "commune": "43118", "created": "2014-08-08", "updated": "2018-06-12"}}, {"type": "Feature", "geometry": {"type": "MultiPolygon", "coordinates": [[[[3.4039723, 45.1322184], [3.4039098, 45.1321039], [3.4040352, 45.1320676], [3.4040788, 45.1321195], [3.4041029, 45.1321661], [3.4040963, 45.1321771], [3.4040635, 45.1321877], [3.4040928, 45.1322375], [3.4040041, 45.1322417], [3.4039914, 45.1322423], [3.4039723, 45.1322184]]]]}, "properties": {"type": "01", "nom": null, "commune": "43175", "created": "2015-01-14", "updated": "2018-06-12"}}, {"type": "Feature", "geometry": {"type": "MultiPolygon", "coordinates": [[[[3.4006465, 45.1701211], [3.4005904, 45.170107], [3.4006201, 45.1700244], [3.4007096, 45.1700665], [3.4007035, 45.170089], [3.4006465, 45.1701211]]]]}, "properties": {"type": "01", "nom": null, "commune": "43031", "created": "2014-08-08", "updated": "2018-06-12"}}, {"type": "Feature", "geometry": {"type": "MultiPolygon", "coordinates": [[[[3.4058449, 45.1494353], [3.405804, 45.1494957], [3.4057994, 45.149503], [3.4057283, 45.1494808], [3.4057738, 45.1494035], [3.4058449, 45.1494353]]]]}, "properties": {"type": "01", "nom": null, "commune": "43118", "created": "2014-08-08", "updated": "2018-06-12"}}, {"type": "Feature", "geometry": {"type": "MultiPolygon", "coordinates": [[[[3.404148, 45.1320425], [3.4042507, 45.1320034], [3.4043017, 45.1320685], [3.4043137, 45.1321275], [3.4042145, 45.1321661], [3.4042018, 45.1321034], [3.404148, 45.1320425]]]]}, "properties": {"type": "01", "nom": null, "commune": "43175", "created": "2015-01-14", "updated": "2018-06-12"}}, {"type": "Feature", "geometry": {"type": "MultiPolygon", "coordinates": [[[[3.4006742, 45.1702096], [3.4005974, 45.1702406], [3.400564, 45.1701918], [3.400572, 45.1701677], [3.4006643, 45.1701781], [3.4006742, 45.1702096]]]]}, "properties": {"type": "01", "nom": null, "commune": "43031", "created": "2014-08-08", "updated": "2018-06-12"}}, {"type": "Feature", "geometry": {"type": "MultiPolygon", "coordinates": [[[[3.4059785, 45.1494857], [3.4060176, 45.1494997], [3.4059853, 45.1495657], [3.4058728, 45.1495173], [3.4059184, 45.1494636], [3.4059785, 45.1494857]]]]}, "properties": {"type": "01", "nom": null, "commune": "43118", "created": "2014-08-08", "updated": "2018-06-12"}}, {"type": "Feature", "geometry": {"type": "MultiPolygon", "coordinates": [[[[3.404243, 45.1319552], [3.4042477, 45.1319704], [3.4040837, 45.1320262], [3.4040496, 45.1319788], [3.4041245, 45.1319627], [3.4042279, 45.1319408], [3.404237, 45.1319388], [3.404243, 45.1319552]]]]}, "properties": {"type": "01", "nom": null, "commune": "43175", "created": "2015-01-14", "updated": "2018-06-12"}}, {"type": "Feature", "geometry": {"type": "MultiPolygon", "coordinates": [[[[3.4005974, 45.1702406], [3.4006742, 45.1702096], [3.4006857, 45.1702462], [3.4006193, 45.1702725], [3.4005974, 45.1702406]]]]}, "properties": {"type": "01", "nom": null, "commune": "43031", "created": "2014-08-08", "updated": "2018-06-12"}}, {"type": "Feature", "geometry": {"type": "MultiPolygon", "coordinates": [[[[3.405804, 45.1494957], [3.4058449, 45.1494353], [3.4058509, 45.1494295], [3.4057599, 45.1493818], [3.4057686, 45.149357], [3.4058076, 45.1493153], [3.405921, 45.149368], [3.4060097, 45.1493868], [3.4060032, 45.1494277], [3.405995, 45.1494658], [3.4059785, 45.1494857], [3.4059184, 45.1494636], [3.4058728, 45.1495173], [3.405804, 45.1494957]]]]}, "properties": {"type": "01", "nom": null, "commune": "43118", "created": "2014-08-08", "updated": "2018-06-12"}}, {"type": "Feature", "geometry": {"type": "MultiPolygon", "coordinates": [[[[3.4041165, 45.1319482], [3.4042082, 45.131916], [3.4042279, 45.1319408], [3.4041245, 45.1319627], [3.4041165, 45.1319482]]]]}, "properties": {"type": "01", "nom": null, "commune": "43175", "created": "2015-01-14", "updated": "2018-06-12"}}, {"type": "Feature", "geometry": {"type": "MultiPolygon", "coordinates": [[[[3.4007435, 45.1702981], [3.4006589, 45.1703283], [3.4006193, 45.1702725], [3.4006857, 45.1702462], [3.4006919, 45.1702437], [3.4007435, 45.1702981]]]]}, "properties": {"type": "01", "nom": null, "commune": "43031", "created": "2014-08-08", "updated": "2018-06-12"}}, {"type": "Feature", "geometry": {"type": "MultiPolygon", "coordinates": [[[[3.406141, 45.149504], [3.4060517, 45.1495064], [3.4060499, 45.1494695], [3.4061485, 45.1494851], [3.406148, 45.1494897], [3.4061455, 45.1494971], [3.406141, 45.149504]]]]}, "properties": {"type": "01", "nom": null, "commune": "43118", "created": "2014-08-08", "updated": "2018-06-12"}}, {"type": "Feature", "geometry": {"type": "MultiPolygon", "coordinates": [[[[3.4040805, 45.1318275], [3.4041023, 45.1318601], [3.4040711, 45.1318674], [3.4041101, 45.1319362], [3.404037, 45.1319628], [3.4039732, 45.1318696], [3.4040805, 45.1318275]]]]}, "properties": {"type": "01", "nom": null, "commune": "43175", "created": "2015-01-14", "updated": "2018-06-12"}}, {"type": "Feature", "geometry": {"type": "MultiPolygon", "coordinates": [[[[3.4008497, 45.1703396], [3.4008924, 45.1704005], [3.4007188, 45.1704651], [3.4006999, 45.170441], [3.400734, 45.1704281], [3.400705, 45.1703903], [3.4008497, 45.1703396]]]]}, "properties": {"type": "01", "nom": null, "commune": "43031", "created": "2014-08-08", "updated": "2018-06-12"}}, {"type": "Feature", "geometry": {"type": "MultiPolygon", "coordinates": [[[[3.4061485, 45.1494851], [3.4060499, 45.1494695], [3.406147, 45.1494602], [3.4061485, 45.1494851]]]]}, "properties": {"type": "01", "nom": null, "commune": "43118", "created": "2014-08-08", "updated": "2018-06-12"}}, {"type": "Feature", "geometry": {"type": "MultiPolygon", "coordinates": [[[[3.4041273, 45.1318975], [3.4041411, 45.1319178], [3.4041198, 45.131924], [3.4041038, 45.1319029], [3.4041273, 45.1318975]]]]}, "properties": {"type": "01", "nom": null, "commune": "43175", "created": "2015-01-14", "updated": "2018-06-12"}}, {"type": "Feature", "geometry": {"type": "MultiPolygon", "coordinates": [[[[3.4004948, 45.1706132], [3.4004328, 45.1706284], [3.4004036, 45.1705681], [3.4004544, 45.1705551], [3.4004767, 45.1705871], [3.4004948, 45.1706132]]]]}, "properties": {"type": "01", "nom": null, "commune": "43031", "created": "2014-08-08", "updated": "2018-06-12"}}, {"type": "Feature", "geometry": {"type": "MultiPolygon", "coordinates": [[[[3.406034, 45.1494074], [3.4061336, 45.1493966], [3.4061231, 45.1494416], [3.4060485, 45.1494415], [3.406037, 45.1494316], [3.406034, 45.1494074]]]]}, "properties": {"type": "01", "nom": null, "commune": "43118", "created": "2014-08-08", "updated": "2018-06-12"}}, {"type": "Feature", "geometry": {"type": "MultiPolygon", "coordinates": [[[[3.4041023, 45.1318601], [3.4041273, 45.1318975], [3.4041038, 45.1319029], [3.4041198, 45.131924], [3.4041411, 45.1319178], [3.4041457, 45.1319244], [3.4041101, 45.1319362], [3.4040711, 45.1318674], [3.4041023, 45.1318601]]]]}, "properties": {"type": "01", "nom": null, "commune": "43175", "created": "2015-01-14", "updated": "2018-06-12"}}, {"type": "Feature", "geometry": {"type": "MultiPolygon", "coordinates": [[[[3.4004328, 45.1706284], [3.4004948, 45.1706132], [3.4005287, 45.1706623], [3.4004572, 45.1706787], [3.4004328, 45.1706284]]]]}, "properties": {"type": "01", "nom": null, "commune": "43031", "created": "2014-08-08", "updated": "2018-06-12"}}, {"type": "Feature", "geometry": {"type": "MultiPolygon", "coordinates": [[[[3.4061286, 45.1495501], [3.4061845, 45.1495515], [3.4061839, 45.1495631], [3.4062499, 45.1495696], [3.4062373, 45.149632], [3.4061554, 45.1496213], [3.4061113, 45.1496078], [3.4061286, 45.1495501]]]]}, "properties": {"type": "01", "nom": null, "commune": "43118", "created": "2014-08-08", "updated": "2018-06-12"}}, {"type": "Feature", "geometry": {"type": "MultiPolygon", "coordinates": [[[[3.404198, 45.1317473], [3.4040605, 45.1317898], [3.4040439, 45.1317584], [3.4040236, 45.1317625], [3.4040163, 45.131762], [3.4040085, 45.1317582], [3.4040049, 45.1317521], [3.4040064, 45.1317455], [3.4040127, 45.1317405], [3.4040301, 45.1317336], [3.4040222, 45.1317193], [3.404163, 45.1316779], [3.404198, 45.1317473]]]]}, "properties": {"type": "01", "nom": null, "commune": "43175", "created": "2015-01-14", "updated": "2018-06-12"}}, {"type": "Feature", "geometry": {"type": "MultiPolygon", "coordinates": [[[[3.4006188, 45.1705555], [3.4006578, 45.1706327], [3.4005287, 45.1706623], [3.4004948, 45.1706132], [3.4004767, 45.1705871], [3.4005857, 45.1705629], [3.4006188, 45.1705555]]]]}, "properties": {"type": "01", "nom": null, "commune": "43031", "created": "2014-08-08", "updated": "2018-06-12"}}, {"type": "Feature", "geometry": {"type": "MultiPolygon", "coordinates": [[[[3.4061286, 45.1495501], [3.4061218, 45.1495503], [3.406141, 45.149504], [3.4061455, 45.1494971], [3.406148, 45.1494897], [3.4061485, 45.1494851], [3.4062679, 45.1494946], [3.4062499, 45.1495696], [3.4061839, 45.1495631], [3.4061845, 45.1495515], [3.4061286, 45.1495501]]]]}, "properties": {"type": "01", "nom": null, "commune": "43118", "created": "2014-08-08", "updated": "2018-06-12"}}, {"type": "Feature", "geometry": {"type": "MultiPolygon", "coordinates": [[[[3.40433, 45.1315798], [3.4043702, 45.1315523], [3.404447, 45.131622], [3.4043132, 45.1317007], [3.4042233, 45.1316527], [3.40433, 45.1315798]]]]}, "properties": {"type": "01", "nom": null, "commune": "43175", "created": "2015-01-14", "updated": "2018-06-12"}}, {"type": "Feature", "geometry": {"type": "MultiPolygon", "coordinates": [[[[3.4005579, 45.1704424], [3.4006079, 45.1704259], [3.4006232, 45.170467], [3.4005732, 45.170478], [3.4005579, 45.1704424]]]]}, "properties": {"type": "01", "nom": null, "commune": "43031", "created": "2014-08-08", "updated": "2018-06-12"}}, {"type": "Feature", "geometry": {"type": "MultiPolygon", "coordinates": [[[[3.4063398, 45.1495619], [3.4063326, 45.1496309], [3.4062711, 45.1496382], [3.4062811, 45.1495621], [3.4063398, 45.1495619]]]]}, "properties": {"type": "01", "nom": null, "commune": "43118", "created": "2014-08-08", "updated": "2018-06-12"}}, {"type": "Feature", "geometry": {"type": "MultiPolygon", "coordinates": [[[[3.4043702, 45.1315523], [3.4045328, 45.1314554], [3.4046128, 45.1315232], [3.4045476, 45.1315599], [3.404447, 45.131622], [3.4043702, 45.1315523]]]]}, "properties": {"type": "01", "nom": null, "commune": "43175", "created": "2015-01-14", "updated": "2018-06-12"}}, {"type": "Feature", "geometry": {"type": "MultiPolygon", "coordinates": [[[[3.4003644, 45.1705781], [3.4003084, 45.1705925], [3.400269, 45.1705379], [3.4003694, 45.1705047], [3.4005016, 45.170461], [3.4005239, 45.1704537], [3.4005556, 45.17049], [3.4005325, 45.1704998], [3.4005857, 45.1705629], [3.4004767, 45.1705871], [3.4004544, 45.1705551], [3.4004036, 45.1705681], [3.4003644, 45.1705781]]]]}, "properties": {"type": "01", "nom": null, "commune": "43031", "created": "2014-08-08", "updated": "2018-06-12"}}, {"type": "Feature", "geometry": {"type": "MultiPolygon", "coordinates": [[[[3.406391, 45.1494095], [3.4063691, 45.149472], [3.4062487, 45.1494632], [3.4062498, 45.1494385], [3.4062516, 45.1493999], [3.406391, 45.1494095]]]]}, "properties": {"type": "01", "nom": null, "commune": "43118", "created": "2014-08-08", "updated": "2018-06-12"}}, {"type": "Feature", "geometry": {"type": "MultiPolygon", "coordinates": [[[[3.4043342, 45.1313906], [3.4043534, 45.1314659], [3.4042837, 45.1314739], [3.4042625, 45.1313982], [3.4043342, 45.1313906]]]]}, "properties": {"type": "01", "nom": null, "commune": "43175", "created": "2015-01-14", "updated": "2018-06-12"}}, {"type": "Feature", "geometry": {"type": "MultiPolygon", "coordinates": [[[[3.4004256, 45.1704401], [3.4004709, 45.1704224], [3.4005016, 45.170461], [3.4003694, 45.1705047], [3.4003611, 45.1704912], [3.4003507, 45.1704695], [3.4004256, 45.1704401]]]]}, "properties": {"type": "01", "nom": null, "commune": "43031", "created": "2014-08-08", "updated": "2018-06-12"}}, {"type": "Feature", "geometry": {"type": "MultiPolygon", "coordinates": [[[[3.406391, 45.1494095], [3.4064942, 45.1494369], [3.40646, 45.1494735], [3.4064386, 45.149482], [3.4063674, 45.1494785], [3.4063691, 45.149472], [3.406391, 45.1494095]]]]}, "properties": {"type": "01", "nom": null, "commune": "43118", "created": "2014-08-08", "updated": "2018-06-12"}}, {"type": "Feature", "geometry": {"type": "MultiPolygon", "coordinates": [[[[3.4042837, 45.1314739], [3.4042073, 45.1314826], [3.4041805, 45.1314044], [3.4041921, 45.1313752], [3.4042544, 45.1313694], [3.4042625, 45.1313982], [3.4042837, 45.1314739]]]]}, "properties": {"type": "01", "nom": null, "commune": "43175", "created": "2015-01-14", "updated": "2018-06-12"}}, {"type": "Feature", "geometry": {"type": "MultiPolygon", "coordinates": [[[[3.4002606, 45.1704115], [3.4002687, 45.1704346], [3.4001901, 45.1704503], [3.4001812, 45.1704254], [3.4002606, 45.1704115]]]]}, "properties": {"type": "01", "nom": null, "commune": "43031", "created": "2014-08-08", "updated": "2018-06-12"}}, {"type": "Feature", "geometry": {"type": "MultiPolygon", "coordinates": [[[[3.4051113, 45.1493858], [3.4051685, 45.1494146], [3.4051367, 45.1494456], [3.4050855, 45.1494186], [3.4051113, 45.1493858]]]]}, "properties": {"type": "01", "nom": null, "commune": "43118", "created": "2014-08-08", "updated": "2018-06-12"}}, {"type": "Feature", "geometry": {"type": "MultiPolygon", "coordinates": [[[[3.4043612, 45.1313548], [3.4043207, 45.1313056], [3.4043594, 45.1312944], [3.404396, 45.1313409], [3.4043612, 45.1313548]]]]}, "properties": {"type": "01", "nom": null, "commune": "43175", "created": "2015-01-14", "updated": "2018-06-12"}}, {"type": "Feature", "geometry": {"type": "MultiPolygon", "coordinates": [[[[3.4002687, 45.1704346], [3.400313, 45.1704258], [3.4003507, 45.1704695], [3.4003611, 45.1704912], [3.4001894, 45.1705221], [3.4001611, 45.1704561], [3.4001901, 45.1704503], [3.4002687, 45.1704346]]]]}, "properties": {"type": "01", "nom": null, "commune": "43031", "created": "2014-08-08", "updated": "2018-06-12"}}, {"type": "Feature", "geometry": {"type": "MultiPolygon", "coordinates": [[[[3.4051685, 45.1494146], [3.4051113, 45.1493858], [3.4051509, 45.1493351], [3.4051293, 45.1493231], [3.4051733, 45.1492832], [3.405256, 45.1493268], [3.4052089, 45.1493666], [3.4052149, 45.1493697], [3.4051685, 45.1494146]]]]}, "properties": {"type": "01", "nom": null, "commune": "43118", "created": "2014-08-08", "updated": "2018-06-12"}}, {"type": "Feature", "geometry": {"type": "MultiPolygon", "coordinates": [[[[3.4040253, 45.1314738], [3.4040625, 45.1314439], [3.4041145, 45.1314717], [3.4041242, 45.1314751], [3.4040788, 45.131513], [3.4040221, 45.1315441], [3.4039825, 45.1315219], [3.4040253, 45.1314738]]]]}, "properties": {"type": "01", "nom": null, "commune": "43175", "created": "2015-01-14", "updated": "2018-06-12"}}, {"type": "Feature", "geometry": {"type": "MultiPolygon", "coordinates": [[[[3.400346, 45.1702922], [3.40037, 45.1703498], [3.4003479, 45.1703592], [3.4003571, 45.1703678], [3.400369, 45.1703795], [3.4003019, 45.1704122], [3.4002467, 45.1703443], [3.4003437, 45.1702935], [3.400346, 45.1702922]]]]}, "properties": {"type": "01", "nom": null, "commune": "43031", "created": "2014-08-08", "updated": "2018-06-12"}}, {"type": "Feature", "geometry": {"type": "MultiPolygon", "coordinates": [[[[3.4052089, 45.1493666], [3.405256, 45.1493268], [3.4053206, 45.1493651], [3.4052763, 45.1494064], [3.4052931, 45.1494155], [3.4052162, 45.1494871], [3.4051367, 45.1494456], [3.4051685, 45.1494146], [3.4052149, 45.1493697], [3.4052089, 45.1493666]]]]}, "properties": {"type": "01", "nom": null, "commune": "43118", "created": "2014-08-08", "updated": "2018-06-12"}}, {"type": "Feature", "geometry": {"type": "MultiPolygon", "coordinates": [[[[3.4040253, 45.1314738], [3.4039825, 45.1315219], [3.4039054, 45.1314788], [3.4039651, 45.1314328], [3.4040253, 45.1314738]]]]}, "properties": {"type": "01", "nom": null, "commune": "43175", "created": "2015-01-14", "updated": "2018-06-12"}}, {"type": "Feature", "geometry": {"type": "MultiPolygon", "coordinates": [[[[3.4002078, 45.1702413], [3.400289, 45.170191], [3.400337, 45.1702364], [3.4003037, 45.1702563], [3.4002599, 45.1702825], [3.4002345, 45.1702625], [3.4002078, 45.1702413]]]]}, "properties": {"type": "01", "nom": null, "commune": "43031", "created": "2014-08-08", "updated": "2018-06-12"}}, {"type": "Feature", "geometry": {"type": "MultiPolygon", "coordinates": [[[[3.4052766, 45.1495189], [3.4052162, 45.1494871], [3.4052931, 45.1494155], [3.4053381, 45.1494407], [3.4053499, 45.1494474], [3.4052766, 45.1495189]]]]}, "properties": {"type": "01", "nom": null, "commune": "43118", "created": "2014-08-08", "updated": "2018-06-12"}}, {"type": "Feature", "geometry": {"type": "MultiPolygon", "coordinates": [[[[3.4038594, 45.131417], [3.4038953, 45.1314021], [3.4039196, 45.131392], [3.4039651, 45.1314328], [3.4039054, 45.1314788], [3.4038645, 45.131456], [3.4038207, 45.1314349], [3.4038594, 45.131417]]]]}, "properties": {"type": "01", "nom": null, "commune": "43175", "created": "2015-01-14", "updated": "2018-06-12"}}, {"type": "Feature", "geometry": {"type": "MultiPolygon", "coordinates": [[[[3.4000171, 45.1702421], [3.4000625, 45.1702014], [3.4000963, 45.1701767], [3.400166, 45.1702308], [3.4001367, 45.1702561], [3.4000349, 45.1703438], [3.3999626, 45.1702909], [3.4000171, 45.1702421]]]]}, "properties": {"type": "01", "nom": null, "commune": "43031", "created": "2014-08-08", "updated": "2018-06-12"}}, {"type": "Feature", "geometry": {"type": "MultiPolygon", "coordinates": [[[[3.4052931, 45.1494155], [3.4052763, 45.1494064], [3.4053206, 45.1493651], [3.4053794, 45.1493999], [3.4053381, 45.1494407], [3.4052931, 45.1494155]]]]}, "properties": {"type": "01", "nom": null, "commune": "43118", "created": "2014-08-08", "updated": "2018-06-12"}}, {"type": "Feature", "geometry": {"type": "MultiPolygon", "coordinates": [[[[3.4037935, 45.1314984], [3.4039826, 45.1316315], [3.4039081, 45.1316845], [3.403725, 45.1315407], [3.4037935, 45.1314984]]]]}, "properties": {"type": "01", "nom": null, "commune": "43175", "created": "2015-01-14", "updated": "2018-06-12"}}, {"type": "Feature", "geometry": {"type": "MultiPolygon", "coordinates": [[[[3.3994356, 45.1701243], [3.3995633, 45.1701163], [3.3995337, 45.1701933], [3.3994114, 45.1701813], [3.3994157, 45.1701256], [3.3994356, 45.1701243]]]]}, "properties": {"type": "01", "nom": null, "commune": "43031", "created": "2014-08-08", "updated": "2018-06-12"}}, {"type": "Feature", "geometry": {"type": "MultiPolygon", "coordinates": [[[[3.4053381, 45.1494407], [3.4053794, 45.1493999], [3.4054088, 45.1494174], [3.4053683, 45.1494575], [3.4053499, 45.1494474], [3.4053381, 45.1494407]]]]}, "properties": {"type": "01", "nom": null, "commune": "43118", "created": "2014-08-08", "updated": "2018-06-12"}}, {"type": "Feature", "geometry": {"type": "MultiPolygon", "coordinates": [[[[3.4037419, 45.1317601], [3.4037297, 45.1317638], [3.4037273, 45.1317588], [3.4036299, 45.1315958], [3.4037268, 45.1315692], [3.4038322, 45.1317488], [3.4037419, 45.1317601]]]]}, "properties": {"type": "01", "nom": null, "commune": "43175", "created": "2015-01-14", "updated": "2018-06-12"}}, {"type": "Feature", "geometry": {"type": "MultiPolygon", "coordinates": [[[[3.3994098, 45.1702034], [3.3995242, 45.1702184], [3.3995087, 45.1702587], [3.3993805, 45.1702408], [3.3994098, 45.1702034]]]]}, "properties": {"type": "01", "nom": null, "commune": "43031", "created": "2014-08-08", "updated": "2018-06-12"}}, {"type": "Feature", "geometry": {"type": "MultiPolygon", "coordinates": [[[[3.4037258, 45.1320449], [3.4037577, 45.1321277], [3.4036605, 45.132151], [3.4035719, 45.1321544], [3.4035424, 45.1321002], [3.4035373, 45.1320888], [3.4036279, 45.1320676], [3.4037258, 45.1320449]]]]}, "properties": {"type": "01", "nom": null, "commune": "43175", "created": "2015-01-14", "updated": "2018-06-12"}}, {"type": "Feature", "geometry": {"type": "MultiPolygon", "coordinates": [[[[3.4053834, 45.1494923], [3.4053273, 45.1495456], [3.4052766, 45.1495189], [3.4053499, 45.1494474], [3.4053683, 45.1494575], [3.405401, 45.1494757], [3.4053834, 45.1494923]]]]}, "properties": {"type": "01", "nom": null, "commune": "43118", "created": "2014-08-08", "updated": "2018-06-12"}}, {"type": "Feature", "geometry": {"type": "MultiPolygon", "coordinates": [[[[3.3993805, 45.1702408], [3.3995087, 45.1702587], [3.3995064, 45.1702643], [3.3994722, 45.1703005], [3.3993104, 45.1702834], [3.3993076, 45.1702306], [3.3993805, 45.1702408]]]]}, "properties": {"type": "01", "nom": null, "commune": "43031", "created": "2014-08-08", "updated": "2018-06-12"}}, {"type": "Feature", "geometry": {"type": "MultiPolygon", "coordinates": [[[[3.4054935, 45.1494675], [3.4054538, 45.1495047], [3.4054326, 45.1495245], [3.4053834, 45.1494923], [3.405401, 45.1494757], [3.4053683, 45.1494575], [3.4054088, 45.1494174], [3.4054935, 45.1494675]]]]}, "properties": {"type": "01", "nom": null, "commune": "43118", "created": "2014-08-08", "updated": "2018-06-12"}}, {"type": "Feature", "geometry": {"type": "MultiPolygon", "coordinates": [[[[3.4034892, 45.1319932], [3.4036401, 45.1319666], [3.4036469, 45.1319997], [3.4036053, 45.1320087], [3.4036279, 45.1320676], [3.4035373, 45.1320888], [3.4035424, 45.1321002], [3.4035172, 45.132101], [3.4034982, 45.1320385], [3.4034778, 45.1320365], [3.4034718, 45.1320146], [3.4034951, 45.1320056], [3.4034892, 45.1319932]]]]}, "properties": {"type": "01", "nom": null, "commune": "43175", "created": "2015-01-14", "updated": "2018-06-12"}}, {"type": "Feature", "geometry": {"type": "MultiPolygon", "coordinates": [[[[3.3991917, 45.1701244], [3.3992268, 45.1701122], [3.3992445, 45.1701411], [3.3992548, 45.1701813], [3.3992325, 45.170186], [3.3992157, 45.1701888], [3.3992095, 45.1701655], [3.3992007, 45.1701425], [3.3991917, 45.1701244]]]]}, "properties": {"type": "01", "nom": null, "commune": "43031", "created": "2014-08-08", "updated": "2018-06-12"}}, {"type": "Feature", "geometry": {"type": "MultiPolygon", "coordinates": [[[[3.4054326, 45.1495245], [3.405379, 45.1495764], [3.4053273, 45.1495456], [3.4053834, 45.1494923], [3.4054326, 45.1495245]]]]}, "properties": {"type": "01", "nom": null, "commune": "43118", "created": "2014-08-08", "updated": "2018-06-12"}}, {"type": "Feature", "geometry": {"type": "MultiPolygon", "coordinates": [[[[3.4037864, 45.1320202], [3.4037811, 45.1320078], [3.4038801, 45.1319723], [3.4039403, 45.1319508], [3.4040352, 45.1320676], [3.4039098, 45.1321039], [3.403853, 45.1321203], [3.4037864, 45.1320202]]]]}, "properties": {"type": "01", "nom": null, "commune": "43175", "created": "2015-01-14", "updated": "2018-06-12"}}, {"type": "Feature", "geometry": {"type": "MultiPolygon", "coordinates": [[[[3.3998677, 45.1700157], [3.3999069, 45.1700146], [3.3999085, 45.1700422], [3.3998703, 45.1700434], [3.3998677, 45.1700157]]]]}, "properties": {"type": "01", "nom": null, "commune": "43031", "created": "2014-08-08", "updated": "2018-06-12"}}, {"type": "Feature", "geometry": {"type": "MultiPolygon", "coordinates": [[[[3.4054725, 45.1495535], [3.4054194, 45.1496005], [3.405379, 45.1495764], [3.4054326, 45.1495245], [3.4054725, 45.1495535]]]]}, "properties": {"type": "01", "nom": null, "commune": "43118", "created": "2014-08-08", "updated": "2018-06-12"}}, {"type": "Feature", "geometry": {"type": "MultiPolygon", "coordinates": [[[[3.4038801, 45.1319723], [3.4037811, 45.1320078], [3.4037658, 45.1319724], [3.403766, 45.1319636], [3.4037715, 45.1319557], [3.4038481, 45.1319299], [3.4038801, 45.1319723]]]]}, "properties": {"type": "01", "nom": null, "commune": "43175", "created": "2015-01-14", "updated": "2018-06-12"}}, {"type": "Feature", "geometry": {"type": "MultiPolygon", "coordinates": [[[[3.399789, 45.1701659], [3.3997301, 45.1701369], [3.3997808, 45.1700756], [3.3999277, 45.1700797], [3.399934, 45.170108], [3.3999039, 45.1701146], [3.3998747, 45.170123], [3.3998466, 45.1701332], [3.3998355, 45.1701378], [3.399789, 45.1701659]]]]}, "properties": {"type": "01", "nom": null, "commune": "43031", "created": "2014-08-08", "updated": "2018-06-12"}}, {"type": "Feature", "geometry": {"type": "MultiPolygon", "coordinates": [[[[3.4054725, 45.1495535], [3.4054895, 45.1495406], [3.4055103, 45.1495544], [3.4055117, 45.1495636], [3.4055414, 45.149579], [3.405479, 45.1496358], [3.4054194, 45.1496005], [3.4054725, 45.1495535]]]]}, "properties": {"type": "01", "nom": null, "commune": "43118", "created": "2014-08-08", "updated": "2018-06-12"}}, {"type": "Feature", "geometry": {"type": "MultiPolygon", "coordinates": [[[[3.4041823, 45.1328133], [3.4041572, 45.1328404], [3.4041467, 45.132829], [3.40413, 45.1328091], [3.4041599, 45.1327911], [3.4041823, 45.1328133]]]]}, "properties": {"type": "01", "nom": null, "commune": "43175", "created": "2015-01-14", "updated": "2018-06-12"}}, {"type": "Feature", "geometry": {"type": "MultiPolygon", "coordinates": [[[[3.399848, 45.1702576], [3.3997801, 45.1702285], [3.3998508, 45.1701627], [3.3998769, 45.1701429], [3.3999323, 45.1701825], [3.3998637, 45.1702382], [3.399848, 45.1702576]]]]}, "properties": {"type": "01", "nom": null, "commune": "43031", "created": "2014-08-08", "updated": "2018-06-12"}}, {"type": "Feature", "geometry": {"type": "MultiPolygon", "coordinates": [[[[3.405479, 45.1496358], [3.4055414, 45.149579], [3.4056175, 45.1496185], [3.4055511, 45.1496787], [3.405479, 45.1496358]]]]}, "properties": {"type": "01", "nom": null, "commune": "43118", "created": "2014-08-08", "updated": "2018-06-12"}}, {"type": "Feature", "geometry": {"type": "MultiPolygon", "coordinates": [[[[3.4043702, 45.1315523], [3.40433, 45.1315798], [3.4042073, 45.1314826], [3.4042837, 45.1314739], [3.4043702, 45.1315523]]]]}, "properties": {"type": "02", "nom": null, "commune": "43175", "created": "2015-01-14", "updated": "2018-06-12"}}, {"type": "Feature", "geometry": {"type": "MultiPolygon", "coordinates": [[[[3.3996693, 45.170199], [3.3997301, 45.1701369], [3.399789, 45.1701659], [3.3997346, 45.1702149], [3.3996693, 45.170199]]]]}, "properties": {"type": "01", "nom": null, "commune": "43031", "created": "2014-08-08", "updated": "2018-06-12"}}, {"type": "Feature", "geometry": {"type": "MultiPolygon", "coordinates": [[[[3.4054895, 45.1495406], [3.4054725, 45.1495535], [3.4054326, 45.1495245], [3.4054538, 45.1495047], [3.4055277, 45.1495345], [3.4055097, 45.1495507], [3.4055103, 45.1495544], [3.4054895, 45.1495406]]]]}, "properties": {"type": "01", "nom": null, "commune": "43118", "created": "2014-08-08", "updated": "2018-06-12"}}, {"type": "Feature", "geometry": {"type": "MultiPolygon", "coordinates": [[[[3.4037273, 45.1317588], [3.4037297, 45.1317638], [3.4037419, 45.1317601], [3.4037768, 45.13182], [3.4037017, 45.1318395], [3.4036709, 45.1317742], [3.4037273, 45.1317588]]]]}, "properties": {"type": "02", "nom": null, "commune": "43175", "created": "2015-01-14", "updated": "2018-06-12"}}, {"type": "Feature", "geometry": {"type": "MultiPolygon", "coordinates": [[[[3.3996316, 45.1702323], [3.3996811, 45.1702335], [3.3996823, 45.1702761], [3.3996653, 45.1702761], [3.3996306, 45.1702753], [3.3996316, 45.1702323]]]]}, "properties": {"type": "01", "nom": null, "commune": "43031", "created": "2014-08-08", "updated": "2018-06-12"}}, {"type": "Feature", "geometry": {"type": "MultiPolygon", "coordinates": [[[[3.4054538, 45.1495047], [3.4054935, 45.1494675], [3.405573, 45.1494939], [3.4055277, 45.1495345], [3.4054538, 45.1495047]]]]}, "properties": {"type": "01", "nom": null, "commune": "43118", "created": "2014-08-08", "updated": "2018-06-12"}}, {"type": "Feature", "geometry": {"type": "MultiPolygon", "coordinates": [[[[3.404006, 45.1334851], [3.4040289, 45.1334684], [3.4040683, 45.1334976], [3.4040435, 45.1335151], [3.404006, 45.1334851]]]]}, "properties": {"type": "02", "nom": null, "commune": "43175", "created": "2015-01-14", "updated": "2018-06-12"}}, {"type": "Feature", "geometry": {"type": "MultiPolygon", "coordinates": [[[[3.3996322, 45.1702052], [3.3996316, 45.1702323], [3.3996306, 45.1702753], [3.3995387, 45.1702729], [3.3995596, 45.1702007], [3.3996322, 45.1702052]]]]}, "properties": {"type": "01", "nom": null, "commune": "43031", "created": "2014-08-08", "updated": "2018-06-12"}}, {"type": "Feature", "geometry": {"type": "MultiPolygon", "coordinates": [[[[3.4056334, 45.1495369], [3.4055891, 45.1495773], [3.4055349, 45.1495531], [3.4055849, 45.1495072], [3.4056221, 45.1495309], [3.4056334, 45.1495369]]]]}, "properties": {"type": "01", "nom": null, "commune": "43118", "created": "2014-08-08", "updated": "2018-06-12"}}, {"type": "Feature", "geometry": {"type": "MultiPolygon", "coordinates": [[[[3.4037601, 45.132585], [3.4038601, 45.1326422], [3.4038394, 45.1326604], [3.4037394, 45.1326031], [3.4037601, 45.132585]]]]}, "properties": {"type": "02", "nom": null, "commune": "43175", "created": "2016-05-20", "updated": "2018-06-12"}}, {"type": "Feature", "geometry": {"type": "MultiPolygon", "coordinates": [[[[3.3996306, 45.1702753], [3.3996653, 45.1702761], [3.3996678, 45.1703148], [3.3995298, 45.1703423], [3.3995255, 45.1703299], [3.3995217, 45.17033], [3.3995277, 45.1703031], [3.39953, 45.1703029], [3.3995387, 45.1702729], [3.3996306, 45.1702753]]]]}, "properties": {"type": "01", "nom": null, "commune": "43031", "created": "2014-08-08", "updated": "2018-06-12"}}, {"type": "Feature", "geometry": {"type": "MultiPolygon", "coordinates": [[[[3.4057082, 45.1495799], [3.4056653, 45.1496113], [3.4055891, 45.1495773], [3.4056334, 45.1495369], [3.4056381, 45.1495395], [3.4057184, 45.1495725], [3.4057082, 45.1495799]]]]}, "properties": {"type": "01", "nom": null, "commune": "43118", "created": "2014-08-08", "updated": "2018-06-12"}}, {"type": "Feature", "geometry": {"type": "MultiPolygon", "coordinates": [[[[3.4040552, 45.1326685], [3.40405, 45.1326545], [3.4040993, 45.1326454], [3.4041042, 45.1326594], [3.4040552, 45.1326685]]]]}, "properties": {"type": "02", "nom": null, "commune": "43175", "created": "2016-05-20", "updated": "2018-06-12"}}, {"type": "Feature", "geometry": {"type": "MultiPolygon", "coordinates": [[[[3.3995298, 45.1703423], [3.3996678, 45.1703148], [3.3996714, 45.1703725], [3.3995477, 45.1703949], [3.3995298, 45.1703423]]]]}, "properties": {"type": "01", "nom": null, "commune": "43031", "created": "2014-08-08", "updated": "2018-06-12"}}, {"type": "Feature", "geometry": {"type": "MultiPolygon", "coordinates": [[[[3.405755, 45.1495471], [3.4057184, 45.1495725], [3.4056381, 45.1495395], [3.4056584, 45.1495201], [3.405755, 45.1495471]]]]}, "properties": {"type": "01", "nom": null, "commune": "43118", "created": "2014-08-08", "updated": "2018-06-12"}}, {"type": "Feature", "geometry": {"type": "MultiPolygon", "coordinates": [[[[3.4040147, 45.1325919], [3.4040939, 45.1325821], [3.4041042, 45.1326244], [3.404025, 45.1326342], [3.4040147, 45.1325919]]]]}, "properties": {"type": "01", "nom": null, "commune": "43175", "created": "2016-05-20", "updated": "2018-06-12"}}, {"type": "Feature", "geometry": {"type": "MultiPolygon", "coordinates": [[[[3.3998332, 45.1704001], [3.3997129, 45.1704044], [3.3997205, 45.1703482], [3.3996973, 45.1703486], [3.399701, 45.1703045], [3.3997266, 45.1703051], [3.3997297, 45.1702761], [3.3997547, 45.170276], [3.3997801, 45.1702285], [3.399848, 45.1702576], [3.3998421, 45.1702647], [3.3998264, 45.1703054], [3.3998254, 45.1703135], [3.3998231, 45.170344], [3.3998236, 45.1703745], [3.3998332, 45.1704001]]]]}, "properties": {"type": "01", "nom": null, "commune": "43031", "created": "2014-08-08", "updated": "2018-06-12"}}, {"type": "Feature", "geometry": {"type": "MultiPolygon", "coordinates": [[[[3.4057693, 45.1495373], [3.4058167, 45.1495672], [3.4057571, 45.1496189], [3.4057528, 45.1496226], [3.4057082, 45.1495799], [3.4057184, 45.1495725], [3.405755, 45.1495471], [3.4057693, 45.1495373]]]]}, "properties": {"type": "01", "nom": null, "commune": "43118", "created": "2014-08-08", "updated": "2018-06-12"}}, {"type": "Feature", "geometry": {"type": "MultiPolygon", "coordinates": [[[[3.4040571, 45.132311], [3.4040041, 45.1322417], [3.4040928, 45.1322375], [3.4041022, 45.1322363], [3.4041539, 45.1323112], [3.4040571, 45.132311]]]]}, "properties": {"type": "01", "nom": null, "commune": "43175", "created": "2016-05-20", "updated": "2018-06-12"}}, {"type": "Feature", "geometry": {"type": "MultiPolygon", "coordinates": [[[[3.4057963, 45.1496429], [3.4057571, 45.1496189], [3.4058167, 45.1495672], [3.4058293, 45.1495562], [3.4058366, 45.1495508], [3.4058959, 45.1495767], [3.4058491, 45.1496088], [3.4057963, 45.1496429]]]]}, "properties": {"type": "01", "nom": null, "commune": "43118", "created": "2014-08-08", "updated": "2018-06-12"}}, {"type": "Feature", "geometry": {"type": "MultiPolygon", "coordinates": [[[[3.4040848, 45.1324512], [3.4040858, 45.1324639], [3.4040939, 45.1324645], [3.4040915, 45.1324669], [3.4041218, 45.1325265], [3.4040961, 45.1325267], [3.4040444, 45.1325244], [3.4040259, 45.1324739], [3.4040304, 45.1324616], [3.4040816, 45.1324514], [3.4040848, 45.1324512]]]]}, "properties": {"type": "01", "nom": null, "commune": "43175", "created": "2025-04-09", "updated": "2025-04-09"}}, {"type": "Feature", "geometry": {"type": "MultiPolygon", "coordinates": [[[[3.3997129, 45.1704044], [3.3998332, 45.1704001], [3.3998607, 45.1704411], [3.3997563, 45.1704734], [3.3997518, 45.1704652], [3.3997166, 45.1704394], [3.3996868, 45.1704164], [3.3997129, 45.1704044]]]]}, "properties": {"type": "01", "nom": null, "commune": "43031", "created": "2014-08-08", "updated": "2018-06-12"}}, {"type": "Feature", "geometry": {"type": "MultiPolygon", "coordinates": [[[[3.3996678, 45.1704693], [3.399727, 45.170459], [3.3997304, 45.1704689], [3.3997518, 45.1704652], [3.3997563, 45.1704734], [3.3997835, 45.1705231], [3.399711, 45.1705338], [3.3996974, 45.1705358], [3.3996678, 45.1704693]]]]}, "properties": {"type": "01", "nom": null, "commune": "43031", "created": "2014-08-08", "updated": "2018-06-12"}}, {"type": "Feature", "geometry": {"type": "MultiPolygon", "coordinates": [[[[3.4058175, 45.1496559], [3.4057744, 45.1496864], [3.4057215, 45.1496498], [3.4057528, 45.1496226], [3.4057571, 45.1496189], [3.4057963, 45.1496429], [3.4058175, 45.1496559]]]]}, "properties": {"type": "01", "nom": null, "commune": "43118", "created": "2014-08-08", "updated": "2018-06-12"}}, {"type": "Feature", "geometry": {"type": "MultiPolygon", "coordinates": [[[[3.4040974, 45.132354], [3.4040964, 45.1323803], [3.4040815, 45.1323801], [3.4040815, 45.1323866], [3.4040152, 45.1323918], [3.4040151, 45.1323794], [3.4040412, 45.1323514], [3.4040576, 45.1323527], [3.4040974, 45.132354]]]]}, "properties": {"type": "02", "nom": null, "commune": "43175", "created": "2025-04-09", "updated": "2025-04-09"}}, {"type": "Feature", "geometry": {"type": "MultiPolygon", "coordinates": [[[[3.3996136, 45.1704787], [3.3996678, 45.1704693], [3.3996974, 45.1705358], [3.3996276, 45.1705464], [3.3996227, 45.1705351], [3.3996128, 45.1705366], [3.3996002, 45.1704997], [3.3996188, 45.1704964], [3.3996136, 45.1704787]]]]}, "properties": {"type": "01", "nom": null, "commune": "43031", "created": "2014-08-08", "updated": "2018-06-12"}}, {"type": "Feature", "geometry": {"type": "MultiPolygon", "coordinates": [[[[3.4055678, 45.1496868], [3.4056222, 45.1496408], [3.405658, 45.1496737], [3.405611, 45.149713], [3.4055678, 45.1496868]]]]}, "properties": {"type": "01", "nom": null, "commune": "43118", "created": "2014-08-08", "updated": "2018-06-12"}}, {"type": "Feature", "geometry": {"type": "MultiPolygon", "coordinates": [[[[3.4040816, 45.1324514], [3.4040815, 45.1323866], [3.4040815, 45.1323801], [3.4040964, 45.1323803], [3.4041779, 45.1323839], [3.4041703, 45.1324721], [3.4040915, 45.1324669], [3.4040939, 45.1324645], [3.4040858, 45.1324639], [3.4040848, 45.1324512], [3.4040816, 45.1324514]]]]}, "properties": {"type": "01", "nom": null, "commune": "43175", "created": "2025-04-09", "updated": "2025-04-09"}}, {"type": "Feature", "geometry": {"type": "MultiPolygon", "coordinates": [[[[3.3994666, 45.1704816], [3.3994412, 45.1704817], [3.399442, 45.1704394], [3.3995203, 45.1704378], [3.3995366, 45.1704952], [3.39954, 45.1705091], [3.3994703, 45.1705198], [3.3994666, 45.1704816]]]]}, "properties": {"type": "01", "nom": null, "commune": "43031", "created": "2014-08-08", "updated": "2018-06-12"}}, {"type": "Feature", "geometry": {"type": "MultiPolygon", "coordinates": [[[[3.4057045, 45.1496969], [3.4056516, 45.1497374], [3.405611, 45.149713], [3.405658, 45.1496737], [3.4056633, 45.1496696], [3.4057045, 45.1496969]]]]}, "properties": {"type": "01", "nom": null, "commune": "43118", "created": "2014-08-08", "updated": "2018-06-12"}}, {"type": "Feature", "geometry": {"type": "MultiPolygon", "coordinates": [[[[3.3824528, 45.1340606], [3.3824736, 45.1340322], [3.3825105, 45.1340457], [3.3824897, 45.134074], [3.3824528, 45.1340606]]]]}, "properties": {"type": "01", "nom": null, "commune": "43175", "created": "2015-01-14", "updated": "2018-06-12"}}, {"type": "Feature", "geometry": {"type": "MultiPolygon", "coordinates": [[[[3.3994739, 45.1705582], [3.3994703, 45.1705198], [3.39954, 45.1705091], [3.3996002, 45.1704997], [3.3996128, 45.1705366], [3.3995093, 45.1705528], [3.3994739, 45.1705582]]]]}, "properties": {"type": "01", "nom": null, "commune": "43031", "created": "2014-08-08", "updated": "2018-06-12"}}, {"type": "Feature", "geometry": {"type": "MultiPolygon", "coordinates": [[[[3.4056516, 45.1497374], [3.4057045, 45.1496969], [3.4057344, 45.1496742], [3.4058003, 45.1497462], [3.4057418, 45.1497884], [3.4056516, 45.1497374]]]]}, "properties": {"type": "01", "nom": null, "commune": "43118", "created": "2014-08-08", "updated": "2018-06-12"}}, {"type": "Feature", "geometry": {"type": "MultiPolygon", "coordinates": [[[[3.3905437, 45.1362739], [3.3905167, 45.1362522], [3.3905509, 45.136229], [3.3906154, 45.136279], [3.3905872, 45.1363024], [3.3905437, 45.1362739]]]]}, "properties": {"type": "01", "nom": null, "commune": "43175", "created": "2015-01-14", "updated": "2018-06-12"}}, {"type": "Feature", "geometry": {"type": "MultiPolygon", "coordinates": [[[[3.3994739, 45.1705582], [3.3993951, 45.1705705], [3.3993904, 45.170557], [3.3993853, 45.1704821], [3.3994412, 45.1704817], [3.3994666, 45.1704816], [3.3994703, 45.1705198], [3.3994739, 45.1705582]]]]}, "properties": {"type": "01", "nom": null, "commune": "43031", "created": "2014-08-08", "updated": "2018-06-12"}}, {"type": "Feature", "geometry": {"type": "MultiPolygon", "coordinates": [[[[3.4058903, 45.1497959], [3.4059509, 45.1498262], [3.4059617, 45.1498181], [3.4059756, 45.1498277], [3.4058959, 45.1498778], [3.4058264, 45.1498386], [3.4058903, 45.1497959]]]]}, "properties": {"type": "01", "nom": null, "commune": "43118", "created": "2014-08-08", "updated": "2018-06-12"}}, {"type": "Feature", "geometry": {"type": "MultiPolygon", "coordinates": [[[[3.3908708, 45.1361333], [3.3908548, 45.1361444], [3.3908253, 45.1361636], [3.3907677, 45.1361055], [3.3908083, 45.1360983], [3.3908329, 45.1361049], [3.3908708, 45.1361333]]]]}, "properties": {"type": "01", "nom": null, "commune": "43175", "created": "2015-01-14", "updated": "2018-06-12"}}, {"type": "Feature", "geometry": {"type": "MultiPolygon", "coordinates": [[[[3.3992379, 45.1703938], [3.3992738, 45.17038], [3.3993639, 45.1703764], [3.399364, 45.1703286], [3.3994594, 45.1703311], [3.3994608, 45.1703548], [3.399501, 45.1703513], [3.3995035, 45.1703803], [3.3994582, 45.1703869], [3.3994574, 45.1704132], [3.3993668, 45.1704249], [3.3993753, 45.1704408], [3.3993203, 45.170458], [3.3992538, 45.1704769], [3.3992055, 45.1704063], [3.3992379, 45.1703938]]]]}, "properties": {"type": "01", "nom": null, "commune": "43031", "created": "2014-08-08", "updated": "2018-06-12"}}, {"type": "Feature", "geometry": {"type": "MultiPolygon", "coordinates": [[[[3.4059731, 45.1497402], [3.405914, 45.1497057], [3.4059648, 45.149665], [3.4058931, 45.1496308], [3.4059318, 45.1495898], [3.406011, 45.1496162], [3.4060059, 45.1496237], [3.406056, 45.1496429], [3.4059731, 45.1497402]]]]}, "properties": {"type": "01", "nom": null, "commune": "43118", "created": "2014-08-08", "updated": "2018-06-12"}}, {"type": "Feature", "geometry": {"type": "MultiPolygon", "coordinates": [[[[3.3903309, 45.1365349], [3.3902912, 45.1365862], [3.3901507, 45.136556], [3.3901836, 45.1365112], [3.3902377, 45.1365242], [3.3902428, 45.1365138], [3.3903309, 45.1365349]]]]}, "properties": {"type": "01", "nom": null, "commune": "43175", "created": "2015-01-14", "updated": "2018-06-12"}}, {"type": "Feature", "geometry": {"type": "MultiPolygon", "coordinates": [[[[3.3992538, 45.1704769], [3.3991463, 45.1705205], [3.3991105, 45.1705355], [3.3990534, 45.1704599], [3.3991149, 45.1704382], [3.3992055, 45.1704063], [3.3992538, 45.1704769]]]]}, "properties": {"type": "01", "nom": null, "commune": "43031", "created": "2014-08-08", "updated": "2018-06-12"}}, {"type": "Feature", "geometry": {"type": "MultiPolygon", "coordinates": [[[[3.4059731, 45.1497402], [3.4059372, 45.1497644], [3.4059903, 45.1497972], [3.4059617, 45.1498181], [3.4059509, 45.1498262], [3.4058903, 45.1497959], [3.4058432, 45.1497523], [3.405914, 45.1497057], [3.4059731, 45.1497402]]]]}, "properties": {"type": "01", "nom": null, "commune": "43118", "created": "2014-08-08", "updated": "2018-06-12"}}, {"type": "Feature", "geometry": {"type": "MultiPolygon", "coordinates": [[[[3.3893565, 45.1362601], [3.3892321, 45.1361585], [3.3893096, 45.136111], [3.3894308, 45.1362102], [3.3893565, 45.1362601]]]]}, "properties": {"type": "01", "nom": null, "commune": "43175", "created": "2015-01-14", "updated": "2018-06-12"}}, {"type": "Feature", "geometry": {"type": "MultiPolygon", "coordinates": [[[[3.3989434, 45.1709339], [3.3988981, 45.170955], [3.398926, 45.1709851], [3.3988097, 45.1710424], [3.3987784, 45.1710104], [3.3988504, 45.1709752], [3.3987696, 45.170893], [3.3988244, 45.170866], [3.3988498, 45.1708918], [3.398885, 45.1708745], [3.3989434, 45.1709339]]]]}, "properties": {"type": "01", "nom": null, "commune": "43031", "created": "2014-08-08", "updated": "2018-06-12"}}, {"type": "Feature", "geometry": {"type": "MultiPolygon", "coordinates": [[[[3.4058959, 45.1498778], [3.4059756, 45.1498277], [3.4059811, 45.1498237], [3.406036, 45.149854], [3.4059652, 45.1499169], [3.4058959, 45.1498778]]]]}, "properties": {"type": "01", "nom": null, "commune": "43118", "created": "2014-08-08", "updated": "2018-06-12"}}, {"type": "Feature", "geometry": {"type": "MultiPolygon", "coordinates": [[[[3.3893701, 45.1366055], [3.389291, 45.1365476], [3.3893685, 45.1364948], [3.3894475, 45.1365526], [3.3893701, 45.1366055]]]]}, "properties": {"type": "01", "nom": null, "commune": "43175", "created": "2015-01-14", "updated": "2018-06-12"}}, {"type": "Feature", "geometry": {"type": "MultiPolygon", "coordinates": [[[[3.3993688, 45.1709213], [3.3994206, 45.171], [3.3993769, 45.1710185], [3.3992729, 45.1710586], [3.3992255, 45.1709736], [3.3992341, 45.1709704], [3.3993027, 45.1709454], [3.3993688, 45.1709213]]]]}, "properties": {"type": "01", "nom": null, "commune": "43031", "created": "2014-08-08", "updated": "2018-06-12"}}, {"type": "Feature", "geometry": {"type": "MultiPolygon", "coordinates": [[[[3.4060654, 45.1498703], [3.4060734, 45.1498753], [3.4060037, 45.1499316], [3.4059652, 45.1499169], [3.406036, 45.149854], [3.4060654, 45.1498703]]]]}, "properties": {"type": "01", "nom": null, "commune": "43118", "created": "2014-08-08", "updated": "2018-06-12"}}, {"type": "Feature", "geometry": {"type": "MultiPolygon", "coordinates": [[[[3.3895792, 45.1366922], [3.389479, 45.1366126], [3.3895616, 45.1365605], [3.389629, 45.1366139], [3.389648, 45.1366019], [3.3896809, 45.136628], [3.3895792, 45.1366922]]]]}, "properties": {"type": "01", "nom": null, "commune": "43175", "created": "2015-01-14", "updated": "2018-06-12"}}, {"type": "Feature", "geometry": {"type": "MultiPolygon", "coordinates": [[[[3.3995134, 45.1708877], [3.3995343, 45.1709517], [3.3994206, 45.171], [3.3993688, 45.1709213], [3.3995134, 45.1708877]]]]}, "properties": {"type": "01", "nom": null, "commune": "43031", "created": "2014-08-08", "updated": "2018-06-12"}}, {"type": "Feature", "geometry": {"type": "MultiPolygon", "coordinates": [[[[3.4061156, 45.1498961], [3.4060447, 45.1499473], [3.4060037, 45.1499316], [3.4060734, 45.1498753], [3.4061156, 45.1498961]]]]}, "properties": {"type": "01", "nom": null, "commune": "43118", "created": "2014-08-08", "updated": "2018-06-12"}}, {"type": "Feature", "geometry": {"type": "MultiPolygon", "coordinates": [[[[3.3897871, 45.1363378], [3.3898435, 45.1363758], [3.3897654, 45.1364381], [3.3897121, 45.1363943], [3.3897871, 45.1363378]]]]}, "properties": {"type": "01", "nom": null, "commune": "43175", "created": "2015-01-14", "updated": "2018-06-12"}}, {"type": "Feature", "geometry": {"type": "MultiPolygon", "coordinates": [[[[3.3995937, 45.1708667], [3.3996135, 45.1709269], [3.3995444, 45.1709475], [3.3995343, 45.1709517], [3.3995134, 45.1708877], [3.3995937, 45.1708667]]]]}, "properties": {"type": "01", "nom": null, "commune": "43031", "created": "2014-08-08", "updated": "2018-06-12"}}, {"type": "Feature", "geometry": {"type": "MultiPolygon", "coordinates": [[[[3.4061781, 45.1498684], [3.4061156, 45.1498961], [3.4060734, 45.1498753], [3.4060654, 45.1498703], [3.406113, 45.1498335], [3.40613, 45.1498389], [3.4061781, 45.1498684]]]]}, "properties": {"type": "01", "nom": null, "commune": "43118", "created": "2014-08-08", "updated": "2018-06-12"}}, {"type": "Feature", "geometry": {"type": "MultiPolygon", "coordinates": [[[[3.3905509, 45.136229], [3.3905167, 45.1362522], [3.3904899, 45.1362321], [3.3904684, 45.1362166], [3.3905382, 45.1361675], [3.3905854, 45.1362054], [3.3905509, 45.136229]]]]}, "properties": {"type": "01", "nom": null, "commune": "43175", "created": "2015-01-14", "updated": "2018-06-12"}}, {"type": "Feature", "geometry": {"type": "MultiPolygon", "coordinates": [[[[3.3996135, 45.1709269], [3.3995937, 45.1708667], [3.3995972, 45.1708663], [3.3996659, 45.1708594], [3.3996763, 45.1708584], [3.3997004, 45.1708986], [3.3996784, 45.1709072], [3.3996466, 45.1709179], [3.3996135, 45.1709269]]]]}, "properties": {"type": "01", "nom": null, "commune": "43031", "created": "2014-08-08", "updated": "2018-06-12"}}, {"type": "Feature", "geometry": {"type": "MultiPolygon", "coordinates": [[[[3.4060447, 45.1499473], [3.4061156, 45.1498961], [3.4061781, 45.1498684], [3.4062183, 45.1499025], [3.406094, 45.1499775], [3.4060447, 45.1499473]]]]}, "properties": {"type": "01", "nom": null, "commune": "43118", "created": "2014-08-08", "updated": "2018-06-12"}}, {"type": "Feature", "geometry": {"type": "MultiPolygon", "coordinates": [[[[3.3907457, 45.1364652], [3.3907338, 45.1364942], [3.3907287, 45.1365069], [3.3906818, 45.1364974], [3.3906968, 45.1364563], [3.3907457, 45.1364652]]]]}, "properties": {"type": "01", "nom": null, "commune": "43175", "created": "2015-01-14", "updated": "2018-06-12"}}, {"type": "Feature", "geometry": {"type": "MultiPolygon", "coordinates": [[[[3.3997269, 45.1708533], [3.3997406, 45.170883], [3.3997004, 45.1708986], [3.3996763, 45.1708584], [3.399697, 45.1708562], [3.3997269, 45.1708533]]]]}, "properties": {"type": "01", "nom": null, "commune": "43031", "created": "2014-08-08", "updated": "2018-06-12"}}, {"type": "Feature", "geometry": {"type": "MultiPolygon", "coordinates": [[[[3.4062506, 45.14993], [3.4062234, 45.1499493], [3.4061389, 45.1500096], [3.4060909, 45.1499801], [3.406094, 45.1499775], [3.4062183, 45.1499025], [3.4062506, 45.14993]]]]}, "properties": {"type": "01", "nom": null, "commune": "43118", "created": "2014-08-08", "updated": "2018-06-12"}}, {"type": "Feature", "geometry": {"type": "MultiPolygon", "coordinates": [[[[3.3909299, 45.1361698], [3.3909457, 45.1361446], [3.3909955, 45.1361638], [3.3909736, 45.1361895], [3.3909299, 45.1361698]]]]}, "properties": {"type": "01", "nom": null, "commune": "43175", "created": "2015-01-14", "updated": "2018-06-12"}}, {"type": "Feature", "geometry": {"type": "MultiPolygon", "coordinates": [[[[3.3998115, 45.1707532], [3.399862, 45.1708366], [3.3997906, 45.1708637], [3.3997379, 45.1707741], [3.3998115, 45.1707532]]]]}, "properties": {"type": "01", "nom": null, "commune": "43031", "created": "2014-08-08", "updated": "2018-06-12"}}, {"type": "Feature", "geometry": {"type": "MultiPolygon", "coordinates": [[[[3.4061389, 45.1500096], [3.4062234, 45.1499493], [3.4062818, 45.149995], [3.4062085, 45.1500523], [3.4061389, 45.1500096]]]]}, "properties": {"type": "01", "nom": null, "commune": "43118", "created": "2014-08-08", "updated": "2018-06-12"}}, {"type": "Feature", "geometry": {"type": "MultiPolygon", "coordinates": [[[[3.3908951, 45.136457], [3.3909223, 45.1364507], [3.3909819, 45.1364597], [3.3909802, 45.1364861], [3.390977, 45.1364936], [3.390909, 45.1364916], [3.3908966, 45.1364821], [3.3908916, 45.1364697], [3.3908951, 45.136457]]]]}, "properties": {"type": "01", "nom": null, "commune": "43175", "created": "2015-01-14", "updated": "2018-06-12"}}, {"type": "Feature", "geometry": {"type": "MultiPolygon", "coordinates": [[[[3.4002093, 45.1705937], [3.400269, 45.1707226], [3.399995, 45.1707926], [3.3999362, 45.1706521], [3.4001065, 45.1706191], [3.4000975, 45.1705956], [3.4001808, 45.1705783], [3.4001902, 45.1705981], [3.4002093, 45.1705937]]]]}, "properties": {"type": "01", "nom": null, "commune": "43031", "created": "2014-08-08", "updated": "2018-06-12"}}, {"type": "Feature", "geometry": {"type": "MultiPolygon", "coordinates": [[[[3.4063191, 45.1498569], [3.4063819, 45.1498964], [3.4063646, 45.1499273], [3.4063424, 45.1499483], [3.406262, 45.1498959], [3.4063005, 45.1498697], [3.4063191, 45.1498569]]]]}, "properties": {"type": "01", "nom": null, "commune": "43118", "created": "2014-08-08", "updated": "2018-06-12"}}, {"type": "Feature", "geometry": {"type": "MultiPolygon", "coordinates": [[[[3.3905167, 45.1362522], [3.3905437, 45.1362739], [3.3904893, 45.136312], [3.3904386, 45.1362737], [3.3904899, 45.1362321], [3.3905167, 45.1362522]]]]}, "properties": {"type": "01", "nom": null, "commune": "43175", "created": "2015-01-14", "updated": "2018-06-12"}}, {"type": "Feature", "geometry": {"type": "MultiPolygon", "coordinates": [[[[3.4004599, 45.1702539], [3.4004994, 45.1702964], [3.4004196, 45.1703335], [3.4003682, 45.1702798], [3.4004482, 45.1702414], [3.4004599, 45.1702539]]]]}, "properties": {"type": "01", "nom": null, "commune": "43031", "created": "2014-08-08", "updated": "2018-06-12"}}, {"type": "Feature", "geometry": {"type": "MultiPolygon", "coordinates": [[[[3.4063005, 45.1498697], [3.406227, 45.149822], [3.4062685, 45.1497881], [3.4063471, 45.1498378], [3.4063191, 45.1498569], [3.4063005, 45.1498697]]]]}, "properties": {"type": "01", "nom": null, "commune": "43118", "created": "2014-08-08", "updated": "2018-06-12"}}, {"type": "Feature", "geometry": {"type": "MultiPolygon", "coordinates": [[[[3.3900523, 45.1362897], [3.3901875, 45.1361268], [3.3902767, 45.1361668], [3.3901444, 45.1363259], [3.3900523, 45.1362897]]]]}, "properties": {"type": "01", "nom": null, "commune": "43175", "created": "2015-01-14", "updated": "2018-06-12"}}, {"type": "Feature", "geometry": {"type": "MultiPolygon", "coordinates": [[[[3.4004776, 45.1703264], [3.4005388, 45.1703964], [3.4005109, 45.1704072], [3.4004709, 45.1704224], [3.4004256, 45.1704401], [3.400369, 45.1703795], [3.4004776, 45.1703264]]]]}, "properties": {"type": "01", "nom": null, "commune": "43031", "created": "2014-08-08", "updated": "2018-06-12"}}, {"type": "Feature", "geometry": {"type": "MultiPolygon", "coordinates": [[[[3.4062685, 45.1497881], [3.4063167, 45.1497456], [3.4064074, 45.1498034], [3.4064086, 45.1498046], [3.4064127, 45.1498096], [3.4064146, 45.1498153], [3.4064146, 45.1498212], [3.4063971, 45.1498692], [3.4063471, 45.1498378], [3.4062685, 45.1497881]]]]}, "properties": {"type": "01", "nom": null, "commune": "43118", "created": "2014-08-08", "updated": "2018-06-12"}}, {"type": "Feature", "geometry": {"type": "MultiPolygon", "coordinates": [[[[3.3903798, 45.1362588], [3.3903365, 45.136308], [3.3902315, 45.1362685], [3.3902818, 45.1362089], [3.3903628, 45.1362476], [3.3903798, 45.1362588]]]]}, "properties": {"type": "01", "nom": null, "commune": "43175", "created": "2015-01-14", "updated": "2018-06-12"}}, {"type": "Feature", "geometry": {"type": "MultiPolygon", "coordinates": [[[[3.400369, 45.1703795], [3.4004256, 45.1704401], [3.4003507, 45.1704695], [3.400313, 45.1704258], [3.4003019, 45.1704122], [3.400369, 45.1703795]]]]}, "properties": {"type": "01", "nom": null, "commune": "43031", "created": "2014-08-08", "updated": "2018-06-12"}}, {"type": "Feature", "geometry": {"type": "MultiPolygon", "coordinates": [[[[3.4062422, 45.1497715], [3.4062934, 45.1497307], [3.4063167, 45.1497456], [3.4062685, 45.1497881], [3.4062422, 45.1497715]]]]}, "properties": {"type": "01", "nom": null, "commune": "43118", "created": "2014-08-08", "updated": "2018-06-12"}}, {"type": "Feature", "geometry": {"type": "MultiPolygon", "coordinates": [[[[3.3903218, 45.1361747], [3.390359, 45.1361429], [3.3904433, 45.1360709], [3.3904712, 45.1360494], [3.3905425, 45.1360931], [3.3905157, 45.1361199], [3.3904141, 45.1362136], [3.3903991, 45.1362097], [3.3903218, 45.1361747]]]]}, "properties": {"type": "01", "nom": null, "commune": "43175", "created": "2015-01-14", "updated": "2018-06-12"}}, {"type": "Feature", "geometry": {"type": "MultiPolygon", "coordinates": [[[[3.4008099, 45.1702369], [3.4008297, 45.1702675], [3.4007435, 45.1702981], [3.4006919, 45.1702437], [3.4007893, 45.1702051], [3.4008099, 45.1702369]]]]}, "properties": {"type": "02", "nom": null, "commune": "43031", "created": "2014-08-08", "updated": "2018-06-12"}}, {"type": "Feature", "geometry": {"type": "MultiPolygon", "coordinates": [[[[3.4062422, 45.1497715], [3.4062685, 45.1497881], [3.406227, 45.149822], [3.4061951, 45.1498482], [3.4061578, 45.1498216], [3.4062422, 45.1497715]]]]}, "properties": {"type": "01", "nom": null, "commune": "43118", "created": "2014-08-08", "updated": "2018-06-12"}}, {"type": "Feature", "geometry": {"type": "MultiPolygon", "coordinates": [[[[3.3903546, 45.1363529], [3.3904251, 45.1363902], [3.3903606, 45.1364523], [3.3902864, 45.136425], [3.3903546, 45.1363529]]]]}, "properties": {"type": "01", "nom": null, "commune": "43175", "created": "2015-01-14", "updated": "2018-06-12"}}, {"type": "Feature", "geometry": {"type": "MultiPolygon", "coordinates": [[[[3.4010497, 45.1704513], [3.4010997, 45.1704265], [3.4011485, 45.1704878], [3.4010659, 45.170523], [3.4010234, 45.1704648], [3.4010497, 45.1704513]]]]}, "properties": {"type": "02", "nom": null, "commune": "43031", "created": "2014-08-08", "updated": "2018-06-12"}}, {"type": "Feature", "geometry": {"type": "MultiPolygon", "coordinates": [[[[3.4064941, 45.1499286], [3.4064503, 45.1499631], [3.4064052, 45.1499353], [3.406428, 45.1498876], [3.4064958, 45.1499273], [3.4064941, 45.1499286]]]]}, "properties": {"type": "01", "nom": null, "commune": "43118", "created": "2014-08-08", "updated": "2018-06-12"}}, {"type": "Feature", "geometry": {"type": "MultiPolygon", "coordinates": [[[[3.3904251, 45.1363902], [3.3904963, 45.1364279], [3.3904537, 45.1364865], [3.3903606, 45.1364523], [3.3904251, 45.1363902]]]]}, "properties": {"type": "01", "nom": null, "commune": "43175", "created": "2015-01-14", "updated": "2018-06-12"}}, {"type": "Feature", "geometry": {"type": "MultiPolygon", "coordinates": [[[[3.4009337, 45.1705839], [3.4009742, 45.1706083], [3.401086, 45.1706748], [3.4010538, 45.1707008], [3.4008971, 45.1706313], [3.4009337, 45.1705839]]]]}, "properties": {"type": "01", "nom": null, "commune": "43031", "created": "2014-08-08", "updated": "2018-06-12"}}, {"type": "Feature", "geometry": {"type": "MultiPolygon", "coordinates": [[[[3.406672, 45.1500208], [3.4066328, 45.1500528], [3.4065606, 45.1501125], [3.4065001, 45.1500724], [3.4066035, 45.1499894], [3.406672, 45.1500208]]]]}, "properties": {"type": "01", "nom": null, "commune": "43118", "created": "2014-08-08", "updated": "2018-06-12"}}, {"type": "Feature", "geometry": {"type": "MultiPolygon", "coordinates": [[[[3.3904963, 45.1364279], [3.3905757, 45.1364792], [3.3905502, 45.1365219], [3.3905045, 45.1365152], [3.3904537, 45.1364865], [3.3904963, 45.1364279]]]]}, "properties": {"type": "01", "nom": null, "commune": "43175", "created": "2015-01-14", "updated": "2018-06-12"}}, {"type": "Feature", "geometry": {"type": "MultiPolygon", "coordinates": [[[[3.4009742, 45.1706083], [3.4010659, 45.170523], [3.4011485, 45.1704878], [3.4012078, 45.1705627], [3.4011284, 45.1706355], [3.401086, 45.1706748], [3.4009742, 45.1706083]]]]}, "properties": {"type": "01", "nom": null, "commune": "43031", "created": "2014-08-08", "updated": "2018-06-12"}}, {"type": "Feature", "geometry": {"type": "MultiPolygon", "coordinates": [[[[3.4064958, 45.1499273], [3.4065792, 45.1498589], [3.4066691, 45.1498989], [3.4065782, 45.1499774], [3.4064941, 45.1499286], [3.4064958, 45.1499273]]]]}, "properties": {"type": "01", "nom": null, "commune": "43118", "created": "2014-08-08", "updated": "2018-06-12"}}, {"type": "Feature", "geometry": {"type": "MultiPolygon", "coordinates": [[[[3.3906457, 45.1362539], [3.3906154, 45.136279], [3.3905509, 45.136229], [3.3905854, 45.1362054], [3.3906457, 45.1362539]]]]}, "properties": {"type": "01", "nom": null, "commune": "43175", "created": "2015-01-14", "updated": "2018-06-12"}}, {"type": "Feature", "geometry": {"type": "MultiPolygon", "coordinates": [[[[3.4008935, 45.1709731], [3.4009277, 45.1710778], [3.4008025, 45.1710891], [3.4007735, 45.1709867], [3.4008935, 45.1709731]]]]}, "properties": {"type": "01", "nom": null, "commune": "43031", "created": "2014-08-08", "updated": "2018-06-12"}}, {"type": "Feature", "geometry": {"type": "MultiPolygon", "coordinates": [[[[3.4062294, 45.1500652], [3.4062961, 45.1500174], [3.4063179, 45.1500054], [3.406359, 45.1499814], [3.4063995, 45.1500192], [3.4062938, 45.1501023], [3.4062294, 45.1500652]]]]}, "properties": {"type": "01", "nom": null, "commune": "43118", "created": "2014-08-08", "updated": "2018-06-12"}}, {"type": "Feature", "geometry": {"type": "MultiPolygon", "coordinates": [[[[3.3905708, 45.1363606], [3.3905343, 45.136346], [3.3904893, 45.136312], [3.3905437, 45.1362739], [3.3905872, 45.1363024], [3.3906041, 45.136322], [3.3905708, 45.1363606]]]]}, "properties": {"type": "01", "nom": null, "commune": "43175", "created": "2015-01-14", "updated": "2018-06-12"}}, {"type": "Feature", "geometry": {"type": "MultiPolygon", "coordinates": [[[[3.4008025, 45.1710891], [3.4009277, 45.1710778], [3.4009492, 45.1711874], [3.4008322, 45.1712002], [3.4008025, 45.1710891]]]]}, "properties": {"type": "01", "nom": null, "commune": "43031", "created": "2014-08-08", "updated": "2018-06-12"}}, {"type": "Feature", "geometry": {"type": "MultiPolygon", "coordinates": [[[[3.4062938, 45.1501023], [3.4063995, 45.1500192], [3.4064298, 45.15006], [3.4063324, 45.1501247], [3.4062938, 45.1501023]]]]}, "properties": {"type": "01", "nom": null, "commune": "43118", "created": "2014-08-08", "updated": "2018-06-12"}}, {"type": "Feature", "geometry": {"type": "MultiPolygon", "coordinates": [[[[3.3904251, 45.1363902], [3.3903546, 45.1363529], [3.3903994, 45.1363055], [3.3904386, 45.1362737], [3.3904893, 45.136312], [3.3905343, 45.136346], [3.390492, 45.1363765], [3.3904603, 45.1363562], [3.3904251, 45.1363902]]]]}, "properties": {"type": "01", "nom": null, "commune": "43175", "created": "2015-01-14", "updated": "2018-06-12"}}, {"type": "Feature", "geometry": {"type": "MultiPolygon", "coordinates": [[[[3.4007505, 45.1701257], [3.4007247, 45.1701328], [3.4006562, 45.1701514], [3.4006465, 45.1701211], [3.4007035, 45.170089], [3.4007505, 45.1701257]]]]}, "properties": {"type": "01", "nom": null, "commune": "43031", "created": "2014-08-08", "updated": "2018-06-12"}}, {"type": "Feature", "geometry": {"type": "MultiPolygon", "coordinates": [[[[3.4063324, 45.1501247], [3.4064298, 45.15006], [3.4064801, 45.1501054], [3.4063983, 45.1501628], [3.4063324, 45.1501247]]]]}, "properties": {"type": "01", "nom": null, "commune": "43118", "created": "2014-08-08", "updated": "2018-06-12"}}, {"type": "Feature", "geometry": {"type": "MultiPolygon", "coordinates": [[[[3.3907759, 45.1366007], [3.3907633, 45.1365953], [3.390786, 45.1365702], [3.3908151, 45.1365491], [3.3908275, 45.1365423], [3.3908854, 45.1365308], [3.3909636, 45.1365575], [3.3909081, 45.1366084], [3.3908706, 45.1366418], [3.3907759, 45.1366007]]]]}, "properties": {"type": "01", "nom": null, "commune": "43175", "created": "2015-01-14", "updated": "2018-06-12"}}, {"type": "Feature", "geometry": {"type": "MultiPolygon", "coordinates": [[[[3.4008059, 45.1700956], [3.4007209, 45.1700246], [3.4007981, 45.1699625], [3.4008983, 45.170057], [3.4008059, 45.1700956]]]]}, "properties": {"type": "01", "nom": null, "commune": "43031", "created": "2014-08-08", "updated": "2018-06-12"}}, {"type": "Feature", "geometry": {"type": "MultiPolygon", "coordinates": [[[[3.4063983, 45.1501628], [3.4064801, 45.1501054], [3.4065368, 45.1501636], [3.4064742, 45.1502065], [3.4063983, 45.1501628]]]]}, "properties": {"type": "01", "nom": null, "commune": "43118", "created": "2014-08-08", "updated": "2018-06-12"}}, {"type": "Feature", "geometry": {"type": "MultiPolygon", "coordinates": [[[[3.3907603, 45.1364291], [3.3907457, 45.1364652], [3.3906968, 45.1364563], [3.3906818, 45.1364974], [3.3906325, 45.1364873], [3.3906529, 45.1364177], [3.3907603, 45.1364291]]]]}, "properties": {"type": "01", "nom": null, "commune": "43175", "created": "2015-01-14", "updated": "2018-06-12"}}, {"type": "Feature", "geometry": {"type": "MultiPolygon", "coordinates": [[[[3.400846, 45.1700891], [3.4008791, 45.1701272], [3.4007543, 45.1701773], [3.4007247, 45.1701328], [3.4007505, 45.1701257], [3.400846, 45.1700891]]]]}, "properties": {"type": "01", "nom": null, "commune": "43031", "created": "2014-08-08", "updated": "2018-06-12"}}, {"type": "Feature", "geometry": {"type": "MultiPolygon", "coordinates": [[[[3.4064511, 45.1497678], [3.4063486, 45.1497213], [3.406367, 45.1496852], [3.4064259, 45.1496964], [3.4064225, 45.1497052], [3.4064801, 45.1497163], [3.4064511, 45.1497678]]]]}, "properties": {"type": "01", "nom": null, "commune": "43118", "created": "2014-08-08", "updated": "2018-06-12"}}, {"type": "Feature", "geometry": {"type": "MultiPolygon", "coordinates": [[[[3.3908571, 45.1363925], [3.3908423, 45.1364379], [3.3907603, 45.1364291], [3.3907841, 45.136371], [3.3907902, 45.1363557], [3.3908571, 45.1363925]]]]}, "properties": {"type": "01", "nom": null, "commune": "43175", "created": "2015-01-14", "updated": "2018-06-12"}}, {"type": "Feature", "geometry": {"type": "MultiPolygon", "coordinates": [[[[3.4011013, 45.1702094], [3.4011245, 45.1702356], [3.401072, 45.1702591], [3.4010488, 45.1702328], [3.4011013, 45.1702094]]]]}, "properties": {"type": "01", "nom": null, "commune": "43031", "created": "2014-08-08", "updated": "2018-06-12"}}, {"type": "Feature", "geometry": {"type": "MultiPolygon", "coordinates": [[[[3.4065781, 45.1496542], [3.4065435, 45.1497063], [3.40649, 45.1496961], [3.4064801, 45.1497163], [3.4064225, 45.1497052], [3.4064259, 45.1496964], [3.406367, 45.1496852], [3.4063927, 45.1496349], [3.4064779, 45.1496404], [3.4065781, 45.1496542]]]]}, "properties": {"type": "01", "nom": null, "commune": "43118", "created": "2014-08-08", "updated": "2018-06-12"}}, {"type": "Feature", "geometry": {"type": "MultiPolygon", "coordinates": [[[[3.3907841, 45.136371], [3.3907603, 45.1364291], [3.3906529, 45.1364177], [3.3906934, 45.1363567], [3.3907841, 45.136371]]]]}, "properties": {"type": "01", "nom": null, "commune": "43175", "created": "2015-01-14", "updated": "2018-06-12"}}, {"type": "Feature", "geometry": {"type": "MultiPolygon", "coordinates": [[[[3.4009337, 45.1703118], [3.4008845, 45.1703274], [3.4008403, 45.1702637], [3.4010194, 45.1701998], [3.4010488, 45.1702328], [3.401072, 45.1702591], [3.4010094, 45.1702877], [3.4009337, 45.1703118]]]]}, "properties": {"type": "01", "nom": null, "commune": "43031", "created": "2014-08-08", "updated": "2018-06-12"}}, {"type": "Feature", "geometry": {"type": "MultiPolygon", "coordinates": [[[[3.4054829, 45.149209], [3.405464, 45.1492003], [3.4054966, 45.1491657], [3.4055195, 45.1491686], [3.4054829, 45.149209]]]]}, "properties": {"type": "02", "nom": null, "commune": "43118", "created": "2014-08-08", "updated": "2018-06-12"}}, {"type": "Feature", "geometry": {"type": "MultiPolygon", "coordinates": [[[[3.3907338, 45.1364942], [3.3907457, 45.1364652], [3.3907603, 45.1364291], [3.3908423, 45.1364379], [3.3908211, 45.1365029], [3.3907338, 45.1364942]]]]}, "properties": {"type": "01", "nom": null, "commune": "43175", "created": "2015-01-14", "updated": "2018-06-12"}}, {"type": "Feature", "geometry": {"type": "MultiPolygon", "coordinates": [[[[3.4008099, 45.1702369], [3.4007893, 45.1702051], [3.4008564, 45.1701785], [3.4008803, 45.17021], [3.4008099, 45.1702369]]]]}, "properties": {"type": "01", "nom": null, "commune": "43031", "created": "2014-08-08", "updated": "2018-06-12"}}, {"type": "Feature", "geometry": {"type": "MultiPolygon", "coordinates": [[[[3.4041387, 45.148917], [3.4040887, 45.1488966], [3.4041054, 45.1488805], [3.4041525, 45.1489019], [3.4041387, 45.148917]]]]}, "properties": {"type": "02", "nom": null, "commune": "43118", "created": "2014-08-08", "updated": "2018-06-12"}}, {"type": "Feature", "geometry": {"type": "MultiPolygon", "coordinates": [[[[3.3909664, 45.1363017], [3.3908893, 45.1363519], [3.3908604, 45.1363289], [3.3909178, 45.136278], [3.3909664, 45.1363017]]]]}, "properties": {"type": "01", "nom": null, "commune": "43175", "created": "2015-01-14", "updated": "2018-06-12"}}, {"type": "Feature", "geometry": {"type": "MultiPolygon", "coordinates": [[[[3.4006589, 45.1703283], [3.4007435, 45.1702981], [3.4007841, 45.1703422], [3.4006935, 45.1703747], [3.4006589, 45.1703283]]]]}, "properties": {"type": "01", "nom": null, "commune": "43031", "created": "2014-08-08", "updated": "2018-06-12"}}, {"type": "Feature", "geometry": {"type": "MultiPolygon", "coordinates": [[[[3.4061951, 45.1498482], [3.406227, 45.149822], [3.4063005, 45.1498697], [3.406262, 45.1498959], [3.4061951, 45.1498482]]]]}, "properties": {"type": "02", "nom": null, "commune": "43118", "created": "2014-08-08", "updated": "2018-06-12"}}, {"type": "Feature", "geometry": {"type": "MultiPolygon", "coordinates": [[[[3.3908604, 45.1363289], [3.3908242, 45.1363005], [3.3908403, 45.136284], [3.3908739, 45.1362567], [3.3909178, 45.136278], [3.3908604, 45.1363289]]]]}, "properties": {"type": "01", "nom": null, "commune": "43175", "created": "2015-01-14", "updated": "2018-06-12"}}, {"type": "Feature", "geometry": {"type": "MultiPolygon", "coordinates": [[[[3.4008924, 45.1704005], [3.4008497, 45.1703396], [3.4008845, 45.1703274], [3.4009337, 45.1703118], [3.4009739, 45.1703688], [3.4009786, 45.1703761], [3.4008967, 45.1704069], [3.4008924, 45.1704005]]]]}, "properties": {"type": "01", "nom": null, "commune": "43031", "created": "2014-08-08", "updated": "2018-06-12"}}, {"type": "Feature", "geometry": {"type": "MultiPolygon", "coordinates": [[[[3.4042106, 45.1511027], [3.4041699, 45.1510849], [3.4041647, 45.1510826], [3.4042038, 45.1510385], [3.4042494, 45.1510677], [3.4042106, 45.1511027]]]]}, "properties": {"type": "02", "nom": null, "commune": "43118", "created": "2014-08-08", "updated": "2018-06-12"}}, {"type": "Feature", "geometry": {"type": "MultiPolygon", "coordinates": [[[[3.3909943, 45.1363173], [3.3909664, 45.1363017], [3.3909178, 45.136278], [3.3908739, 45.1362567], [3.3909251, 45.1362148], [3.3910373, 45.1362721], [3.3909943, 45.1363173]]]]}, "properties": {"type": "01", "nom": null, "commune": "43175", "created": "2015-01-14", "updated": "2018-06-12"}}, {"type": "Feature", "geometry": {"type": "MultiPolygon", "coordinates": [[[[3.4009243, 45.1705081], [3.4009973, 45.1704834], [3.4010259, 45.170525], [3.4010099, 45.1705344], [3.4009302, 45.170546], [3.4009243, 45.1705081]]]]}, "properties": {"type": "01", "nom": null, "commune": "43031", "created": "2014-08-08", "updated": "2018-06-12"}}, {"type": "Feature", "geometry": {"type": "MultiPolygon", "coordinates": [[[[3.4041996, 45.1510367], [3.4040975, 45.1509913], [3.4041471, 45.1509431], [3.4042465, 45.1509908], [3.4041996, 45.1510367]]]]}, "properties": {"type": "02", "nom": null, "commune": "43118", "created": "2014-08-08", "updated": "2018-06-12"}}, {"type": "Feature", "geometry": {"type": "MultiPolygon", "coordinates": [[[[3.3908007, 45.1362374], [3.390716, 45.1361377], [3.3907677, 45.1361055], [3.3908253, 45.1361636], [3.3908614, 45.1362001], [3.3908007, 45.1362374]]]]}, "properties": {"type": "01", "nom": null, "commune": "43175", "created": "2015-01-14", "updated": "2018-06-12"}}, {"type": "Feature", "geometry": {"type": "MultiPolygon", "coordinates": [[[[3.4009973, 45.1704834], [3.4009243, 45.1705081], [3.4009081, 45.1704841], [3.4009016, 45.1704741], [3.4009843, 45.1704464], [3.4010072, 45.1704798], [3.4009973, 45.1704834]]]]}, "properties": {"type": "01", "nom": null, "commune": "43031", "created": "2014-08-08", "updated": "2018-06-12"}}, {"type": "Feature", "geometry": {"type": "MultiPolygon", "coordinates": [[[[3.4041388, 45.1506493], [3.4040888, 45.1507051], [3.4040118, 45.1506658], [3.4040526, 45.1506062], [3.4041388, 45.1506493]]]]}, "properties": {"type": "02", "nom": null, "commune": "43118", "created": "2014-08-08", "updated": "2018-06-12"}}, {"type": "Feature", "geometry": {"type": "MultiPolygon", "coordinates": [[[[3.3908403, 45.136284], [3.3908007, 45.1362374], [3.3908614, 45.1362001], [3.3908253, 45.1361636], [3.3908548, 45.1361444], [3.3909251, 45.1362148], [3.3908739, 45.1362567], [3.3908403, 45.136284]]]]}, "properties": {"type": "01", "nom": null, "commune": "43175", "created": "2015-01-14", "updated": "2018-06-12"}}, {"type": "Feature", "geometry": {"type": "MultiPolygon", "coordinates": [[[[3.400873, 45.1704306], [3.4009016, 45.1704741], [3.4009081, 45.1704841], [3.4007687, 45.1705217], [3.4007429, 45.1704803], [3.400873, 45.1704306]]]]}, "properties": {"type": "01", "nom": null, "commune": "43031", "created": "2014-08-08", "updated": "2018-06-12"}}, {"type": "Feature", "geometry": {"type": "MultiPolygon", "coordinates": [[[[3.4043262, 45.1506444], [3.4042587, 45.150654], [3.4042872, 45.1506254], [3.4043262, 45.1506444]]]]}, "properties": {"type": "02", "nom": null, "commune": "43118", "created": "2014-08-08", "updated": "2018-06-12"}}, {"type": "Feature", "geometry": {"type": "MultiPolygon", "coordinates": [[[[3.3909955, 45.1361638], [3.3910441, 45.1361033], [3.3911393, 45.1361403], [3.3910869, 45.136199], [3.3909955, 45.1361638]]]]}, "properties": {"type": "01", "nom": null, "commune": "43175", "created": "2015-01-14", "updated": "2018-06-12"}}, {"type": "Feature", "geometry": {"type": "MultiPolygon", "coordinates": [[[[3.4009081, 45.1704841], [3.4009243, 45.1705081], [3.4009302, 45.170546], [3.4007963, 45.1705653], [3.4007687, 45.1705217], [3.4009081, 45.1704841]]]]}, "properties": {"type": "01", "nom": null, "commune": "43031", "created": "2014-08-08", "updated": "2018-06-12"}}, {"type": "Feature", "geometry": {"type": "MultiPolygon", "coordinates": [[[[3.4036149, 45.1503325], [3.4035822, 45.1503924], [3.4034999, 45.1503699], [3.4035313, 45.1503097], [3.4035945, 45.1503263], [3.4036149, 45.1503325]]]]}, "properties": {"type": "02", "nom": null, "commune": "43118", "created": "2014-08-08", "updated": "2018-06-12"}}, {"type": "Feature", "geometry": {"type": "MultiPolygon", "coordinates": [[[[3.3912231, 45.1361672], [3.3911913, 45.1362104], [3.3911195, 45.136288], [3.3910639, 45.1362504], [3.3911544, 45.1361569], [3.3912231, 45.1361672]]]]}, "properties": {"type": "01", "nom": null, "commune": "43175", "created": "2015-01-14", "updated": "2018-06-12"}}, {"type": "Feature", "geometry": {"type": "MultiPolygon", "coordinates": [[[[3.4035127, 45.1502783], [3.4035235, 45.1502696], [3.4035457, 45.1502834], [3.4035313, 45.1503097], [3.4034994, 45.1502882], [3.4035127, 45.1502783]]]]}, "properties": {"type": "02", "nom": null, "commune": "43118", "created": "2014-08-08", "updated": "2018-06-12"}}, {"type": "Feature", "geometry": {"type": "MultiPolygon", "coordinates": [[[[3.3912562, 45.1362524], [3.3912074, 45.13632], [3.3911195, 45.136288], [3.3911913, 45.1362104], [3.3912562, 45.1362524]]]]}, "properties": {"type": "01", "nom": null, "commune": "43175", "created": "2015-01-14", "updated": "2018-06-12"}}, {"type": "Feature", "geometry": {"type": "MultiPolygon", "coordinates": [[[[3.4036535, 45.1502349], [3.4036071, 45.1502367], [3.4036057, 45.1502175], [3.4036541, 45.1502184], [3.4036535, 45.1502349]]]]}, "properties": {"type": "02", "nom": null, "commune": "43118", "created": "2014-08-08", "updated": "2018-06-12"}}, {"type": "Feature", "geometry": {"type": "MultiPolygon", "coordinates": [[[[3.3914522, 45.1363147], [3.3914618, 45.1363201], [3.3914463, 45.1363392], [3.3914321, 45.1363567], [3.39139, 45.1364119], [3.3913159, 45.1363836], [3.3913522, 45.1363344], [3.3913891, 45.1362794], [3.3914522, 45.1363147]]]]}, "properties": {"type": "01", "nom": null, "commune": "43175", "created": "2015-01-14", "updated": "2018-06-12"}}, {"type": "Feature", "geometry": {"type": "MultiPolygon", "coordinates": [[[[3.3915205, 45.1364776], [3.3914974, 45.1365042], [3.3914628, 45.1365055], [3.3914287, 45.136501], [3.3913973, 45.1364906], [3.3913743, 45.1364778], [3.3913385, 45.1365198], [3.3912449, 45.1365063], [3.3912851, 45.1364255], [3.3913729, 45.1364569], [3.391407, 45.1364183], [3.3914624, 45.1364395], [3.3914557, 45.1364465], [3.3915205, 45.1364776]]]]}, "properties": {"type": "01", "nom": null, "commune": "43175", "created": "2015-01-14", "updated": "2018-06-12"}}, {"type": "Feature", "geometry": {"type": "MultiPolygon", "coordinates": [[[[3.4035494, 45.1501797], [3.4035357, 45.1501901], [3.4034834, 45.1501559], [3.4034979, 45.1501451], [3.4035494, 45.1501797]]]]}, "properties": {"type": "02", "nom": null, "commune": "43118", "created": "2014-08-08", "updated": "2018-06-12"}}, {"type": "Feature", "geometry": {"type": "MultiPolygon", "coordinates": [[[[3.4052768, 45.1515963], [3.4052913, 45.1516133], [3.405305, 45.1516292], [3.4052738, 45.1516306], [3.4052255, 45.1516579], [3.4052151, 45.1516229], [3.4052419, 45.1516114], [3.4052768, 45.1515963]]]]}, "properties": {"type": "02", "nom": null, "commune": "43118", "created": "2014-08-08", "updated": "2018-06-12"}}, {"type": "Feature", "geometry": {"type": "MultiPolygon", "coordinates": [[[[3.39139, 45.1364119], [3.391407, 45.1364183], [3.3913729, 45.1364569], [3.3912851, 45.1364255], [3.3913159, 45.1363836], [3.39139, 45.1364119]]]]}, "properties": {"type": "01", "nom": null, "commune": "43175", "created": "2015-01-14", "updated": "2018-06-12"}}, {"type": "Feature", "geometry": {"type": "MultiPolygon", "coordinates": [[[[3.4049493, 45.1492346], [3.4049223, 45.1492508], [3.4048965, 45.1492244], [3.4049092, 45.1491829], [3.4049305, 45.1491548], [3.405008, 45.1491912], [3.4049493, 45.1492346]]]]}, "properties": {"type": "01", "nom": null, "commune": "43118", "created": "2014-08-08", "updated": "2018-06-12"}}, {"type": "Feature", "geometry": {"type": "MultiPolygon", "coordinates": [[[[3.3910316, 45.1363474], [3.3910571, 45.1363134], [3.3911439, 45.1363459], [3.3911188, 45.1363797], [3.3912055, 45.1364008], [3.3911803, 45.1364527], [3.391159, 45.1364475], [3.3911313, 45.1365046], [3.3910264, 45.1364918], [3.3910492, 45.1364288], [3.3909904, 45.1364157], [3.3910316, 45.1363474]]]]}, "properties": {"type": "01", "nom": null, "commune": "43175", "created": "2015-01-14", "updated": "2018-06-12"}}, {"type": "Feature", "geometry": {"type": "MultiPolygon", "coordinates": [[[[3.4069394, 45.1500648], [3.4070295, 45.1501092], [3.4069837, 45.150142], [3.4069062, 45.1500935], [3.4069394, 45.1500648]]]]}, "properties": {"type": "01", "nom": null, "commune": "43118", "created": "2014-08-08", "updated": "2018-06-12"}}, {"type": "Feature", "geometry": {"type": "MultiPolygon", "coordinates": [[[[3.3917766, 45.1371879], [3.3917359, 45.1372085], [3.3915501, 45.1370461], [3.3915615, 45.1370392], [3.3916559, 45.1371306], [3.3916788, 45.1371187], [3.3917073, 45.1371461], [3.3917244, 45.1371373], [3.3917766, 45.1371879]]]]}, "properties": {"type": "01", "nom": null, "commune": "43175", "created": "2015-01-14", "updated": "2018-06-12"}}, {"type": "Feature", "geometry": {"type": "MultiPolygon", "coordinates": [[[[3.4066106, 45.1495347], [3.4065972, 45.14964], [3.4065387, 45.1496341], [3.4065404, 45.1496218], [3.4065465, 45.1496223], [3.4065642, 45.1495233], [3.4066072, 45.1495263], [3.4066121, 45.1495267], [3.4066106, 45.1495347]]]]}, "properties": {"type": "01", "nom": null, "commune": "43118", "created": "2014-08-08", "updated": "2018-06-12"}}, {"type": "Feature", "geometry": {"type": "MultiPolygon", "coordinates": [[[[3.391741, 45.137719], [3.3914575, 45.1375738], [3.3915138, 45.1375155], [3.3917928, 45.1376656], [3.391741, 45.137719]]]]}, "properties": {"type": "01", "nom": null, "commune": "43175", "created": "2015-01-14", "updated": "2018-06-12"}}, {"type": "Feature", "geometry": {"type": "MultiPolygon", "coordinates": [[[[3.4064742, 45.1502065], [3.4065368, 45.1501636], [3.4065991, 45.1502111], [3.4065309, 45.1502392], [3.4064742, 45.1502065]]]]}, "properties": {"type": "01", "nom": null, "commune": "43118", "created": "2014-08-08", "updated": "2018-06-12"}}, {"type": "Feature", "geometry": {"type": "MultiPolygon", "coordinates": [[[[3.3913703, 45.1379675], [3.3913803, 45.1379567], [3.3914603, 45.1379975], [3.3913964, 45.1380604], [3.3912474, 45.1379845], [3.3912955, 45.1379323], [3.3913703, 45.1379675]]]]}, "properties": {"type": "01", "nom": null, "commune": "43175", "created": "2015-01-14", "updated": "2018-06-12"}}, {"type": "Feature", "geometry": {"type": "MultiPolygon", "coordinates": [[[[3.4066212, 45.1502912], [3.4065309, 45.1502392], [3.4065991, 45.1502111], [3.4066054, 45.1502184], [3.4066099, 45.1502264], [3.4066123, 45.1502348], [3.4066126, 45.1502434], [3.4066107, 45.1502519], [3.4066097, 45.1502543], [3.4066171, 45.1502577], [3.4066278, 45.1502862], [3.4066212, 45.1502912]]]]}, "properties": {"type": "01", "nom": null, "commune": "43118", "created": "2014-08-08", "updated": "2018-06-12"}}, {"type": "Feature", "geometry": {"type": "MultiPolygon", "coordinates": [[[[3.3915514, 45.1363241], [3.3915363, 45.1363402], [3.3915132, 45.1363647], [3.3914463, 45.1363392], [3.3914618, 45.1363201], [3.3914522, 45.1363147], [3.3914853, 45.1362809], [3.3915617, 45.1363131], [3.3915514, 45.1363241]]]]}, "properties": {"type": "02", "nom": null, "commune": "43175", "created": "2015-01-14", "updated": "2018-06-12"}}, {"type": "Feature", "geometry": {"type": "MultiPolygon", "coordinates": [[[[3.4065785, 45.1501613], [3.4066375, 45.1501143], [3.4066873, 45.150145], [3.4066295, 45.150203], [3.4065785, 45.1501613]]]]}, "properties": {"type": "01", "nom": null, "commune": "43118", "created": "2014-08-08", "updated": "2018-06-12"}}, {"type": "Feature", "geometry": {"type": "MultiPolygon", "coordinates": [[[[3.3903991, 45.1362097], [3.3903628, 45.1362476], [3.3902818, 45.1362089], [3.3903218, 45.1361747], [3.3903991, 45.1362097]]]]}, "properties": {"type": "02", "nom": null, "commune": "43175", "created": "2015-01-14", "updated": "2018-06-12"}}, {"type": "Feature", "geometry": {"type": "MultiPolygon", "coordinates": [[[[3.4066914, 45.1501411], [3.4067453, 45.1501719], [3.4066695, 45.1502357], [3.4066295, 45.150203], [3.4066873, 45.150145], [3.4066914, 45.1501411]]]]}, "properties": {"type": "01", "nom": null, "commune": "43118", "created": "2014-08-08", "updated": "2018-06-12"}}, {"type": "Feature", "geometry": {"type": "MultiPolygon", "coordinates": [[[[3.3907037, 45.1361759], [3.3907449, 45.1362377], [3.3906869, 45.1362624], [3.3906292, 45.1362142], [3.3907037, 45.1361759]]]]}, "properties": {"type": "02", "nom": null, "commune": "43175", "created": "2015-01-14", "updated": "2018-06-12"}}, {"type": "Feature", "geometry": {"type": "MultiPolygon", "coordinates": [[[[3.4066914, 45.1501411], [3.4067227, 45.1501097], [3.4067922, 45.1501428], [3.4067553, 45.150178], [3.4067453, 45.1501719], [3.4066914, 45.1501411]]]]}, "properties": {"type": "01", "nom": null, "commune": "43118", "created": "2014-08-08", "updated": "2018-06-12"}}, {"type": "Feature", "geometry": {"type": "MultiPolygon", "coordinates": [[[[3.3909904, 45.1364157], [3.3910492, 45.1364288], [3.3910264, 45.1364918], [3.3909802, 45.1364861], [3.3909819, 45.1364597], [3.3909904, 45.1364157]]]]}, "properties": {"type": "02", "nom": null, "commune": "43175", "created": "2015-01-14", "updated": "2018-06-12"}}, {"type": "Feature", "geometry": {"type": "MultiPolygon", "coordinates": [[[[3.4066597, 45.1500705], [3.4066826, 45.1500534], [3.406709, 45.1500681], [3.4066874, 45.1500858], [3.4066597, 45.1500705]]]]}, "properties": {"type": "01", "nom": null, "commune": "43118", "created": "2014-08-08", "updated": "2018-06-12"}}, {"type": "Feature", "geometry": {"type": "MultiPolygon", "coordinates": [[[[3.390492, 45.1363765], [3.3905203, 45.1363948], [3.3904963, 45.1364279], [3.3904251, 45.1363902], [3.3904603, 45.1363562], [3.390492, 45.1363765]]]]}, "properties": {"type": "02", "nom": null, "commune": "43175", "created": "2015-01-14", "updated": "2018-06-12"}}, {"type": "Feature", "geometry": {"type": "MultiPolygon", "coordinates": [[[[3.4068762, 45.1500133], [3.4069083, 45.1500291], [3.4068414, 45.1501076], [3.4067799, 45.1500671], [3.4068532, 45.1500028], [3.4068762, 45.1500133]]]]}, "properties": {"type": "01", "nom": null, "commune": "43118", "created": "2014-08-08", "updated": "2018-06-12"}}, {"type": "Feature", "geometry": {"type": "MultiPolygon", "coordinates": [[[[3.3917928, 45.1376656], [3.3915138, 45.1375155], [3.39152, 45.1375099], [3.3915604, 45.1374705], [3.391836, 45.1376223], [3.3917928, 45.1376656]]]]}, "properties": {"type": "02", "nom": null, "commune": "43175", "created": "2015-01-14", "updated": "2018-06-12"}}, {"type": "Feature", "geometry": {"type": "MultiPolygon", "coordinates": [[[[3.4068051, 45.1499806], [3.4068532, 45.1500028], [3.4067799, 45.1500671], [3.4067245, 45.1500305], [3.4067696, 45.1499918], [3.4067926, 45.1499729], [3.4068051, 45.1499806]]]]}, "properties": {"type": "01", "nom": null, "commune": "43118", "created": "2014-08-08", "updated": "2018-06-12"}}, {"type": "Feature", "geometry": {"type": "MultiPolygon", "coordinates": [[[[3.3913893, 45.1379468], [3.3913803, 45.1379567], [3.3913703, 45.1379675], [3.3912955, 45.1379323], [3.391314, 45.1379122], [3.3913893, 45.1379468]]]]}, "properties": {"type": "02", "nom": null, "commune": "43175", "created": "2015-01-14", "updated": "2018-06-12"}}, {"type": "Feature", "geometry": {"type": "MultiPolygon", "coordinates": [[[[3.4068762, 45.1500133], [3.4068532, 45.1500028], [3.4068051, 45.1499806], [3.4068643, 45.1499303], [3.4069373, 45.1499512], [3.4068762, 45.1500133]]]]}, "properties": {"type": "01", "nom": null, "commune": "43118", "created": "2014-08-08", "updated": "2018-06-12"}}, {"type": "Feature", "geometry": {"type": "MultiPolygon", "coordinates": [[[[3.391209, 45.1373187], [3.3912708, 45.1373808], [3.3912459, 45.1373932], [3.3911842, 45.1373311], [3.391209, 45.1373187]]]]}, "properties": {"type": "02", "nom": null, "commune": "43175", "created": "2016-05-20", "updated": "2018-06-12"}}, {"type": "Feature", "geometry": {"type": "MultiPolygon", "coordinates": [[[[3.4068643, 45.1499303], [3.4068051, 45.1499806], [3.4067926, 45.1499729], [3.4067696, 45.1499918], [3.4067116, 45.1499734], [3.4067348, 45.1499386], [3.4067011, 45.1499225], [3.4067181, 45.149899], [3.4067742, 45.149911], [3.4067769, 45.1499046], [3.4068658, 45.1499236], [3.4068643, 45.1499303]]]]}, "properties": {"type": "01", "nom": null, "commune": "43118", "created": "2014-08-08", "updated": "2018-06-12"}}, {"type": "Feature", "geometry": {"type": "MultiPolygon", "coordinates": [[[[3.3917766, 45.1371879], [3.3918036, 45.1371741], [3.3919291, 45.1372948], [3.3918684, 45.1373284], [3.3920257, 45.1374713], [3.391904, 45.1375383], [3.3917436, 45.1373971], [3.3914432, 45.1371053], [3.3915501, 45.1370461], [3.3917359, 45.1372085], [3.3917766, 45.1371879]]]]}, "properties": {"type": "01", "nom": null, "commune": "43175", "created": "2016-05-20", "updated": "2018-06-12"}}, {"type": "Feature", "geometry": {"type": "MultiPolygon", "coordinates": [[[[3.4064511, 45.1497678], [3.4064801, 45.1497163], [3.40649, 45.1496961], [3.4065435, 45.1497063], [3.4064894, 45.1497904], [3.4064511, 45.1497678]]]]}, "properties": {"type": "01", "nom": null, "commune": "43118", "created": "2014-08-08", "updated": "2018-06-12"}}, {"type": "Feature", "geometry": {"type": "MultiPolygon", "coordinates": [[[[3.3895773, 45.1362021], [3.3896352, 45.136239], [3.3896038, 45.1362638], [3.3895459, 45.1362269], [3.3895773, 45.1362021]]]]}, "properties": {"type": "02", "nom": null, "commune": "43175", "created": "2016-05-20", "updated": "2018-06-12"}}, {"type": "Feature", "geometry": {"type": "MultiPolygon", "coordinates": [[[[3.4066169, 45.1497189], [3.4065583, 45.1498122], [3.4064894, 45.1497904], [3.4065435, 45.1497063], [3.4066169, 45.1497189]]]]}, "properties": {"type": "01", "nom": null, "commune": "43118", "created": "2014-08-08", "updated": "2018-06-12"}}, {"type": "Feature", "geometry": {"type": "MultiPolygon", "coordinates": [[[[3.3915388, 45.1364567], [3.3915205, 45.1364776], [3.3914557, 45.1364465], [3.3914624, 45.1364395], [3.391475, 45.1364262], [3.3915388, 45.1364567]]]]}, "properties": {"type": "01", "nom": null, "commune": "43175", "created": "2015-01-14", "updated": "2018-06-12"}}, {"type": "Feature", "geometry": {"type": "MultiPolygon", "coordinates": [[[[3.4066996, 45.1497373], [3.4066418, 45.1498386], [3.4065583, 45.1498122], [3.4066169, 45.1497189], [3.4066897, 45.1497351], [3.4066996, 45.1497373]]]]}, "properties": {"type": "01", "nom": null, "commune": "43118", "created": "2014-08-08", "updated": "2018-06-12"}}, {"type": "Feature", "geometry": {"type": "MultiPolygon", "coordinates": [[[[3.3918978, 45.1366845], [3.3918204, 45.1366473], [3.3919431, 45.136613], [3.3919687, 45.1366529], [3.3918978, 45.1366845]]]]}, "properties": {"type": "01", "nom": null, "commune": "43175", "created": "2015-01-14", "updated": "2018-06-12"}}, {"type": "Feature", "geometry": {"type": "MultiPolygon", "coordinates": [[[[3.4066418, 45.1498386], [3.4066996, 45.1497373], [3.4067124, 45.149692], [3.4067949, 45.1497169], [3.4067289, 45.149866], [3.4066418, 45.1498386]]]]}, "properties": {"type": "01", "nom": null, "commune": "43118", "created": "2014-08-08", "updated": "2018-06-12"}}, {"type": "Feature", "geometry": {"type": "MultiPolygon", "coordinates": [[[[3.3918204, 45.1366473], [3.3917986, 45.1366519], [3.3917092, 45.1365883], [3.3918137, 45.1365269], [3.3918509, 45.1365209], [3.3919431, 45.136613], [3.3918204, 45.1366473]]]]}, "properties": {"type": "01", "nom": null, "commune": "43175", "created": "2015-01-14", "updated": "2018-06-12"}}, {"type": "Feature", "geometry": {"type": "MultiPolygon", "coordinates": [[[[3.4068209, 45.1498407], [3.4069035, 45.1498446], [3.4069013, 45.1498794], [3.4068364, 45.1498781], [3.4067346, 45.1498683], [3.4067485, 45.1498374], [3.4068209, 45.1498407]]]]}, "properties": {"type": "01", "nom": null, "commune": "43118", "created": "2014-08-08", "updated": "2018-06-12"}}, {"type": "Feature", "geometry": {"type": "MultiPolygon", "coordinates": [[[[3.3921079, 45.136529], [3.3921634, 45.1365966], [3.3920071, 45.1366958], [3.3919687, 45.1366529], [3.3919431, 45.136613], [3.3920033, 45.1365823], [3.3921079, 45.136529]]]]}, "properties": {"type": "01", "nom": null, "commune": "43175", "created": "2015-01-14", "updated": "2018-06-12"}}, {"type": "Feature", "geometry": {"type": "MultiPolygon", "coordinates": [[[[3.4067725, 45.1497837], [3.406812, 45.1497948], [3.4068209, 45.1498407], [3.4067485, 45.1498374], [3.4067725, 45.1497837]]]]}, "properties": {"type": "01", "nom": null, "commune": "43118", "created": "2014-08-08", "updated": "2018-06-12"}}, {"type": "Feature", "geometry": {"type": "MultiPolygon", "coordinates": [[[[3.3915169, 45.1369541], [3.3914742, 45.1369168], [3.391513, 45.136892], [3.3915584, 45.1369275], [3.3915169, 45.1369541]]]]}, "properties": {"type": "01", "nom": null, "commune": "43175", "created": "2015-01-14", "updated": "2018-06-12"}}, {"type": "Feature", "geometry": {"type": "MultiPolygon", "coordinates": [[[[3.4068662, 45.149786], [3.4068148, 45.1497876], [3.406818, 45.149779], [3.4068352, 45.1497337], [3.4068416, 45.1497355], [3.406849, 45.1497389], [3.4068552, 45.1497436], [3.4068595, 45.149749], [3.4068662, 45.149786]]]]}, "properties": {"type": "01", "nom": null, "commune": "43118", "created": "2014-08-08", "updated": "2018-06-12"}}, {"type": "Feature", "geometry": {"type": "MultiPolygon", "coordinates": [[[[3.3920997, 45.1368833], [3.3920923, 45.136888], [3.3920328, 45.1369261], [3.3919345, 45.1368678], [3.3920029, 45.1368253], [3.3920997, 45.1368833]]]]}, "properties": {"type": "01", "nom": null, "commune": "43175", "created": "2015-01-14", "updated": "2018-06-12"}}, {"type": "Feature", "geometry": {"type": "MultiPolygon", "coordinates": [[[[3.406818, 45.149779], [3.4067798, 45.1497675], [3.4068008, 45.1497204], [3.4068352, 45.1497337], [3.406818, 45.149779]]]]}, "properties": {"type": "01", "nom": null, "commune": "43118", "created": "2014-08-08", "updated": "2018-06-12"}}, {"type": "Feature", "geometry": {"type": "MultiPolygon", "coordinates": [[[[3.3915363, 45.1363402], [3.3915514, 45.1363241], [3.3915664, 45.1363303], [3.3915526, 45.1363469], [3.3915363, 45.1363402]]]]}, "properties": {"type": "02", "nom": null, "commune": "43175", "created": "2015-01-14", "updated": "2018-06-12"}}, {"type": "Feature", "geometry": {"type": "MultiPolygon", "coordinates": [[[[3.4070007, 45.1498102], [3.4069929, 45.1497556], [3.4070269, 45.1497607], [3.4070372, 45.1496836], [3.4071351, 45.1496836], [3.4071373, 45.1497542], [3.4071351, 45.1497722], [3.4071307, 45.14979], [3.4071242, 45.1498076], [3.4071146, 45.1498264], [3.4070007, 45.1498102]]]]}, "properties": {"type": "01", "nom": null, "commune": "43118", "created": "2014-08-08", "updated": "2018-06-12"}}, {"type": "Feature", "geometry": {"type": "MultiPolygon", "coordinates": [[[[3.3919044, 45.1364888], [3.3920033, 45.1365823], [3.3919431, 45.136613], [3.3918509, 45.1365209], [3.3919044, 45.1364888]]]]}, "properties": {"type": "02", "nom": null, "commune": "43175", "created": "2015-01-14", "updated": "2018-06-12"}}, {"type": "Feature", "geometry": {"type": "MultiPolygon", "coordinates": [[[[3.4068975, 45.1497443], [3.4069483, 45.1497489], [3.4069929, 45.1497556], [3.4070007, 45.1498102], [3.406907, 45.1497968], [3.4068975, 45.1497443]]]]}, "properties": {"type": "01", "nom": null, "commune": "43118", "created": "2014-08-08", "updated": "2018-06-12"}}, {"type": "Feature", "geometry": {"type": "MultiPolygon", "coordinates": [[[[3.3983161, 45.1387909], [3.3982787, 45.1387706], [3.3983136, 45.1387407], [3.3983499, 45.1387619], [3.3983161, 45.1387909]]]]}, "properties": {"type": "01", "nom": null, "commune": "43175", "created": "2015-01-14", "updated": "2018-06-12"}}, {"type": "Feature", "geometry": {"type": "MultiPolygon", "coordinates": [[[[3.4072661, 45.1498422], [3.4072376, 45.1499131], [3.4072355, 45.1499166], [3.4071388, 45.1498878], [3.4071629, 45.1498435], [3.4071589, 45.1498414], [3.4071522, 45.1498367], [3.4071473, 45.1498311], [3.4071478, 45.149821], [3.4072661, 45.1498422]]]]}, "properties": {"type": "01", "nom": null, "commune": "43118", "created": "2014-08-08", "updated": "2018-06-12"}}, {"type": "Feature", "geometry": {"type": "MultiPolygon", "coordinates": [[[[3.4072407, 45.1496824], [3.4072716, 45.1496817], [3.4072993, 45.1496834], [3.4073118, 45.1496904], [3.4073156, 45.1496955], [3.4073173, 45.1497011], [3.4073168, 45.1497068], [3.4073143, 45.1497123], [3.4073097, 45.149717], [3.4073037, 45.1497208], [3.4072985, 45.1497228], [3.4072708, 45.1497271], [3.4072764, 45.1497888], [3.4072776, 45.1498134], [3.4072661, 45.1498422], [3.4071478, 45.149821], [3.4071584, 45.1498097], [3.407191, 45.1498044], [3.4071856, 45.1496836], [3.4072407, 45.1496824]]]]}, "properties": {"type": "01", "nom": null, "commune": "43118", "created": "2014-08-08", "updated": "2018-06-12"}}, {"type": "Feature", "geometry": {"type": "MultiPolygon", "coordinates": [[[[3.4071191, 45.149924], [3.4070821, 45.1499922], [3.407029, 45.1499664], [3.4069919, 45.1499483], [3.4070094, 45.1499052], [3.4071191, 45.149924]]]]}, "properties": {"type": "01", "nom": null, "commune": "43118", "created": "2014-08-08", "updated": "2018-06-12"}}, {"type": "Feature", "geometry": {"type": "MultiPolygon", "coordinates": [[[[3.4070821, 45.1499922], [3.4071191, 45.149924], [3.4071686, 45.1499377], [3.4071991, 45.1499554], [3.4071386, 45.1500092], [3.4070906, 45.1499972], [3.4070821, 45.1499922]]]]}, "properties": {"type": "01", "nom": null, "commune": "43118", "created": "2014-08-08", "updated": "2018-06-12"}}, {"type": "Feature", "geometry": {"type": "MultiPolygon", "coordinates": [[[[3.4070663, 45.1500795], [3.4070295, 45.1501092], [3.4069394, 45.1500648], [3.4069673, 45.1500252], [3.4070663, 45.1500795]]]]}, "properties": {"type": "01", "nom": null, "commune": "43118", "created": "2014-08-08", "updated": "2018-06-12"}}, {"type": "Feature", "geometry": {"type": "MultiPolygon", "coordinates": [[[[3.4069488, 45.1501953], [3.4069338, 45.1501979], [3.4069265, 45.1501937], [3.4068468, 45.1501448], [3.4069062, 45.1500935], [3.4069837, 45.150142], [3.4069664, 45.1501542], [3.4069705, 45.1501696], [3.4069714, 45.1501748], [3.4069704, 45.1501804], [3.4069674, 45.1501855], [3.4069625, 45.15019], [3.4069562, 45.1501933], [3.4069488, 45.1501953]]]]}, "properties": {"type": "01", "nom": null, "commune": "43118", "created": "2014-08-08", "updated": "2018-06-12"}}, {"type": "Feature", "geometry": {"type": "MultiPolygon", "coordinates": [[[[3.4072938, 45.1500809], [3.4071743, 45.150179], [3.4071023, 45.1501352], [3.407093, 45.1501293], [3.4072147, 45.1500324], [3.4072938, 45.1500809]]]]}, "properties": {"type": "01", "nom": null, "commune": "43118", "created": "2014-08-08", "updated": "2018-06-12"}}, {"type": "Feature", "geometry": {"type": "MultiPolygon", "coordinates": [[[[3.4073256, 45.1501055], [3.4073576, 45.1501197], [3.4073485, 45.1501298], [3.4073158, 45.1501152], [3.4073256, 45.1501055]]]]}, "properties": {"type": "01", "nom": null, "commune": "43118", "created": "2014-08-08", "updated": "2018-06-12"}}, {"type": "Feature", "geometry": {"type": "MultiPolygon", "coordinates": [[[[3.4073998, 45.1500796], [3.4073576, 45.1501197], [3.4073256, 45.1501055], [3.4073061, 45.1500958], [3.4073016, 45.1500866], [3.4073479, 45.1500474], [3.4073998, 45.1500796]]]]}, "properties": {"type": "01", "nom": null, "commune": "43118", "created": "2014-08-08", "updated": "2018-06-12"}}, {"type": "Feature", "geometry": {"type": "MultiPolygon", "coordinates": [[[[3.407678, 45.1499965], [3.4076918, 45.1500026], [3.4076916, 45.1500348], [3.4077383, 45.1500607], [3.4076904, 45.15012], [3.4075739, 45.1500756], [3.4074508, 45.1500157], [3.4075354, 45.1499375], [3.407678, 45.1499965]]]]}, "properties": {"type": "01", "nom": null, "commune": "43118", "created": "2014-08-08", "updated": "2018-06-12"}}, {"type": "Feature", "geometry": {"type": "MultiPolygon", "coordinates": [[[[3.4067115, 45.1502462], [3.4067195, 45.1502507], [3.4068042, 45.1502993], [3.4067472, 45.1503455], [3.406654, 45.1503015], [3.4067115, 45.1502462]]]]}, "properties": {"type": "01", "nom": null, "commune": "43118", "created": "2014-08-08", "updated": "2018-06-12"}}, {"type": "Feature", "geometry": {"type": "MultiPolygon", "coordinates": [[[[3.4068501, 45.1502589], [3.406895, 45.1502901], [3.4069258, 45.1502679], [3.4069425, 45.1502796], [3.4069969, 45.1502355], [3.4070311, 45.150256], [3.4069868, 45.1502881], [3.4068587, 45.1503813], [3.4067472, 45.1503455], [3.4068042, 45.1502993], [3.4068501, 45.1502589]]]]}, "properties": {"type": "01", "nom": null, "commune": "43118", "created": "2014-08-08", "updated": "2018-06-12"}}, {"type": "Feature", "geometry": {"type": "MultiPolygon", "coordinates": [[[[3.4069868, 45.1502881], [3.4070964, 45.1503532], [3.4070041, 45.150428], [3.4068587, 45.1503813], [3.4069868, 45.1502881]]]]}, "properties": {"type": "01", "nom": null, "commune": "43118", "created": "2014-08-08", "updated": "2018-06-12"}}, {"type": "Feature", "geometry": {"type": "MultiPolygon", "coordinates": [[[[3.4073199, 45.1504474], [3.4072739, 45.150514], [3.4072653, 45.1505122], [3.4071567, 45.1504769], [3.4072374, 45.1503729], [3.4073453, 45.1504107], [3.4073199, 45.1504474]]]]}, "properties": {"type": "01", "nom": null, "commune": "43118", "created": "2014-08-08", "updated": "2018-06-12"}}, {"type": "Feature", "geometry": {"type": "MultiPolygon", "coordinates": [[[[3.4072739, 45.150514], [3.4073199, 45.1504474], [3.4073924, 45.1504632], [3.4073433, 45.1505289], [3.4072739, 45.150514]]]]}, "properties": {"type": "01", "nom": null, "commune": "43118", "created": "2014-08-08", "updated": "2018-06-12"}}, {"type": "Feature", "geometry": {"type": "MultiPolygon", "coordinates": [[[[3.4074513, 45.150476], [3.4074191, 45.1505451], [3.4073433, 45.1505289], [3.4073924, 45.1504632], [3.4074513, 45.150476]]]]}, "properties": {"type": "01", "nom": null, "commune": "43118", "created": "2014-08-08", "updated": "2018-06-12"}}, {"type": "Feature", "geometry": {"type": "MultiPolygon", "coordinates": [[[[3.4074191, 45.1505451], [3.4074513, 45.150476], [3.4075121, 45.1504892], [3.407493, 45.150539], [3.4074823, 45.1505586], [3.4074191, 45.1505451]]]]}, "properties": {"type": "01", "nom": null, "commune": "43118", "created": "2014-08-08", "updated": "2018-06-12"}}, {"type": "Feature", "geometry": {"type": "MultiPolygon", "coordinates": [[[[3.4075621, 45.1505371], [3.4075642, 45.1505676], [3.407496, 45.1505601], [3.407493, 45.150539], [3.4075621, 45.1505371]]]]}, "properties": {"type": "01", "nom": null, "commune": "43118", "created": "2014-08-08", "updated": "2018-06-12"}}, {"type": "Feature", "geometry": {"type": "MultiPolygon", "coordinates": [[[[3.4076874, 45.1505811], [3.4075642, 45.1505676], [3.4075621, 45.1505371], [3.4075804, 45.1505306], [3.4075976, 45.1505226], [3.4076134, 45.1505134], [3.40763, 45.1505015], [3.4076701, 45.1505182], [3.4076874, 45.1505811]]]]}, "properties": {"type": "01", "nom": null, "commune": "43118", "created": "2014-08-08", "updated": "2018-06-12"}}, {"type": "Feature", "geometry": {"type": "MultiPolygon", "coordinates": [[[[3.4075516, 45.1506476], [3.4075415, 45.1506983], [3.4074839, 45.150692], [3.407494, 45.1506457], [3.4075516, 45.1506476]]]]}, "properties": {"type": "01", "nom": null, "commune": "43118", "created": "2014-08-08", "updated": "2018-06-12"}}, {"type": "Feature", "geometry": {"type": "MultiPolygon", "coordinates": [[[[3.4074377, 45.1506341], [3.4074144, 45.1506845], [3.4073401, 45.1506659], [3.4073652, 45.1506158], [3.4074377, 45.1506341]]]]}, "properties": {"type": "01", "nom": null, "commune": "43118", "created": "2014-08-08", "updated": "2018-06-12"}}, {"type": "Feature", "geometry": {"type": "MultiPolygon", "coordinates": [[[[3.406839, 45.1504746], [3.406845, 45.1504676], [3.4069159, 45.150488], [3.4068488, 45.150554], [3.4067935, 45.1505259], [3.406839, 45.1504746]]]]}, "properties": {"type": "01", "nom": null, "commune": "43118", "created": "2014-08-08", "updated": "2018-06-12"}}, {"type": "Feature", "geometry": {"type": "MultiPolygon", "coordinates": [[[[3.4067576, 45.1504466], [3.406839, 45.1504746], [3.4067935, 45.1505259], [3.4067167, 45.1504868], [3.4067576, 45.1504466]]]]}, "properties": {"type": "01", "nom": null, "commune": "43118", "created": "2014-08-08", "updated": "2018-06-12"}}, {"type": "Feature", "geometry": {"type": "MultiPolygon", "coordinates": [[[[3.407859, 45.1501076], [3.4078135, 45.1501659], [3.4076904, 45.15012], [3.4077383, 45.1500607], [3.407859, 45.1501076]]]]}, "properties": {"type": "01", "nom": null, "commune": "43118", "created": "2014-08-08", "updated": "2018-06-12"}}, {"type": "Feature", "geometry": {"type": "MultiPolygon", "coordinates": [[[[3.4076684, 45.1499588], [3.4075595, 45.1499167], [3.4076224, 45.1498621], [3.4077166, 45.1498979], [3.4076684, 45.1499588]]]]}, "properties": {"type": "01", "nom": null, "commune": "43118", "created": "2014-08-08", "updated": "2018-06-12"}}, {"type": "Feature", "geometry": {"type": "MultiPolygon", "coordinates": [[[[3.4080455, 45.1501558], [3.40795, 45.1501221], [3.4079968, 45.1500598], [3.4080906, 45.1500934], [3.4080455, 45.1501558]]]]}, "properties": {"type": "01", "nom": null, "commune": "43118", "created": "2014-08-08", "updated": "2018-06-12"}}, {"type": "Feature", "geometry": {"type": "MultiPolygon", "coordinates": [[[[3.4083137, 45.1502505], [3.4082748, 45.1503312], [3.4081823, 45.1503014], [3.408221, 45.1502265], [3.4083137, 45.1502505]]]]}, "properties": {"type": "01", "nom": null, "commune": "43118", "created": "2014-08-08", "updated": "2018-06-12"}}, {"type": "Feature", "geometry": {"type": "MultiPolygon", "coordinates": [[[[3.4083286, 45.1502194], [3.4084145, 45.1502393], [3.408348, 45.1503519], [3.4082748, 45.1503312], [3.4083137, 45.1502505], [3.4083286, 45.1502194]]]]}, "properties": {"type": "01", "nom": null, "commune": "43118", "created": "2014-08-08", "updated": "2018-06-12"}}, {"type": "Feature", "geometry": {"type": "MultiPolygon", "coordinates": [[[[3.4085136, 45.1503338], [3.4084832, 45.1503801], [3.408406, 45.1503648], [3.4084386, 45.1503093], [3.4085136, 45.1503338]]]]}, "properties": {"type": "01", "nom": null, "commune": "43118", "created": "2014-08-08", "updated": "2018-06-12"}}, {"type": "Feature", "geometry": {"type": "MultiPolygon", "coordinates": [[[[3.4084361, 45.1505133], [3.4084294, 45.1504826], [3.4084539, 45.15048], [3.4084604, 45.1505095], [3.4084361, 45.1505133]]]]}, "properties": {"type": "01", "nom": null, "commune": "43118", "created": "2014-08-08", "updated": "2018-06-12"}}, {"type": "Feature", "geometry": {"type": "MultiPolygon", "coordinates": [[[[3.409326, 45.1503117], [3.4092222, 45.1503131], [3.4092196, 45.1501669], [3.4093221, 45.1501676], [3.409326, 45.1503117]]]]}, "properties": {"type": "01", "nom": null, "commune": "43118", "created": "2014-08-08", "updated": "2018-06-12"}}, {"type": "Feature", "geometry": {"type": "MultiPolygon", "coordinates": [[[[3.4095501, 45.1502851], [3.4094653, 45.1502546], [3.4095336, 45.1501594], [3.4095857, 45.1501781], [3.4095999, 45.1501583], [3.4096375, 45.1501709], [3.4095939, 45.150228], [3.4095501, 45.1502851]]]]}, "properties": {"type": "01", "nom": null, "commune": "43118", "created": "2014-08-08", "updated": "2018-06-12"}}, {"type": "Feature", "geometry": {"type": "MultiPolygon", "coordinates": [[[[3.4097013, 45.1503663], [3.4096099, 45.1504878], [3.4095005, 45.1504548], [3.4095459, 45.1503945], [3.4095627, 45.1504009], [3.4096135, 45.1503332], [3.4097013, 45.1503663]]]]}, "properties": {"type": "01", "nom": null, "commune": "43118", "created": "2014-08-08", "updated": "2018-06-12"}}, {"type": "Feature", "geometry": {"type": "MultiPolygon", "coordinates": [[[[3.4088989, 45.1494758], [3.4089668, 45.1494509], [3.408973, 45.1494592], [3.4090285, 45.1494377], [3.4090224, 45.1494297], [3.4092462, 45.1493435], [3.4093564, 45.1494925], [3.4090739, 45.149598], [3.4090409, 45.149554], [3.4089867, 45.1494817], [3.4089226, 45.1495068], [3.4088989, 45.1494758]]]]}, "properties": {"type": "01", "nom": null, "commune": "43118", "created": "2014-08-08", "updated": "2018-06-12"}}, {"type": "Feature", "geometry": {"type": "MultiPolygon", "coordinates": [[[[3.4092202, 45.1493084], [3.4092462, 45.1493435], [3.4090224, 45.1494297], [3.4089945, 45.1493925], [3.4092202, 45.1493084]]]]}, "properties": {"type": "01", "nom": null, "commune": "43118", "created": "2014-08-08", "updated": "2018-06-12"}}, {"type": "Feature", "geometry": {"type": "MultiPolygon", "coordinates": [[[[3.4089055, 45.1493049], [3.4090026, 45.1492635], [3.4090274, 45.1492933], [3.4089323, 45.1493346], [3.4089055, 45.1493049]]]]}, "properties": {"type": "01", "nom": null, "commune": "43118", "created": "2014-08-08", "updated": "2018-06-12"}}, {"type": "Feature", "geometry": {"type": "MultiPolygon", "coordinates": [[[[3.4083787, 45.1495758], [3.4085575, 45.1495534], [3.4085819, 45.1496507], [3.4084428, 45.1496681], [3.4084386, 45.1496515], [3.4083988, 45.1496565], [3.4083787, 45.1495758]]]]}, "properties": {"type": "01", "nom": null, "commune": "43118", "created": "2014-08-08", "updated": "2018-06-12"}}, {"type": "Feature", "geometry": {"type": "MultiPolygon", "coordinates": [[[[3.4090739, 45.149598], [3.4090752, 45.1495997], [3.408955, 45.1496187], [3.4089355, 45.1495849], [3.4090409, 45.149554], [3.4090739, 45.149598]]]]}, "properties": {"type": "02", "nom": null, "commune": "43118", "created": "2014-08-08", "updated": "2018-06-12"}}, {"type": "Feature", "geometry": {"type": "MultiPolygon", "coordinates": [[[[3.4071351, 45.1496836], [3.4070372, 45.1496836], [3.4070408, 45.1496566], [3.4072403, 45.1496553], [3.4072407, 45.1496824], [3.4071856, 45.1496836], [3.4071351, 45.1496836]]]]}, "properties": {"type": "02", "nom": null, "commune": "43118", "created": "2014-08-08", "updated": "2018-06-12"}}, {"type": "Feature", "geometry": {"type": "MultiPolygon", "coordinates": [[[[3.4071743, 45.150179], [3.407036, 45.1502589], [3.4070311, 45.150256], [3.4069969, 45.1502355], [3.4069669, 45.1502177], [3.4071023, 45.1501352], [3.4071743, 45.150179]]]]}, "properties": {"type": "02", "nom": null, "commune": "43118", "created": "2014-08-08", "updated": "2018-06-12"}}, {"type": "Feature", "geometry": {"type": "MultiPolygon", "coordinates": [[[[3.407678, 45.1499965], [3.4076836, 45.1499898], [3.4077703, 45.1500211], [3.4077383, 45.1500607], [3.4076916, 45.1500348], [3.4076918, 45.1500026], [3.407678, 45.1499965]]]]}, "properties": {"type": "02", "nom": null, "commune": "43118", "created": "2014-08-08", "updated": "2018-06-12"}}, {"type": "Feature", "geometry": {"type": "MultiPolygon", "coordinates": [[[[3.4076684, 45.1499588], [3.4077166, 45.1498979], [3.4078007, 45.1499298], [3.4077537, 45.1499919], [3.4076684, 45.1499588]]]]}, "properties": {"type": "02", "nom": null, "commune": "43118", "created": "2014-08-08", "updated": "2018-06-12"}}, {"type": "Feature", "geometry": {"type": "MultiPolygon", "coordinates": [[[[3.4080906, 45.1500934], [3.4079968, 45.1500598], [3.4080898, 45.1499363], [3.4081801, 45.1499704], [3.4080906, 45.1500934]]]]}, "properties": {"type": "02", "nom": null, "commune": "43118", "created": "2014-08-08", "updated": "2018-06-12"}}, {"type": "Feature", "geometry": {"type": "MultiPolygon", "coordinates": [[[[3.4068209, 45.1498407], [3.406812, 45.1497948], [3.4068148, 45.1497876], [3.4068662, 45.149786], [3.4069035, 45.1498446], [3.4068209, 45.1498407]]]]}, "properties": {"type": "02", "nom": null, "commune": "43118", "created": "2014-08-08", "updated": "2018-06-12"}}, {"type": "Feature", "geometry": {"type": "MultiPolygon", "coordinates": [[[[3.4088449, 45.1494958], [3.4088989, 45.1494758], [3.4089226, 45.1495068], [3.4088647, 45.1495267], [3.4088449, 45.1494958]]]]}, "properties": {"type": "01", "nom": null, "commune": "43118", "created": "2014-08-08", "updated": "2018-06-12"}}, {"type": "Feature", "geometry": {"type": "MultiPolygon", "coordinates": [[[[3.4095939, 45.150228], [3.4096279, 45.1502408], [3.4095837, 45.1502971], [3.4095501, 45.1502851], [3.4095939, 45.150228]]]]}, "properties": {"type": "01", "nom": null, "commune": "43118", "created": "2014-08-08", "updated": "2018-06-12"}}, {"type": "Feature", "geometry": {"type": "MultiPolygon", "coordinates": [[[[3.4096279, 45.1502408], [3.4095939, 45.150228], [3.4096375, 45.1501709], [3.4096724, 45.1501841], [3.4096279, 45.1502408]]]]}, "properties": {"type": "02", "nom": null, "commune": "43118", "created": "2014-08-08", "updated": "2018-06-12"}}, {"type": "Feature", "geometry": {"type": "MultiPolygon", "coordinates": [[[[3.4096272, 45.1503289], [3.4096636, 45.1502804], [3.4097363, 45.1503077], [3.4096995, 45.1503566], [3.4096272, 45.1503289]]]]}, "properties": {"type": "02", "nom": null, "commune": "43118", "created": "2014-08-08", "updated": "2018-06-12"}}, {"type": "Feature", "geometry": {"type": "MultiPolygon", "coordinates": [[[[3.4102469, 45.1486504], [3.4103642, 45.1486106], [3.4104347, 45.1487113], [3.4104507, 45.1487343], [3.4103322, 45.1487749], [3.4102469, 45.1486504]]]]}, "properties": {"type": "02", "nom": null, "commune": "43118", "created": "2014-08-08", "updated": "2018-06-12"}}, {"type": "Feature", "geometry": {"type": "MultiPolygon", "coordinates": [[[[3.4103642, 45.1486106], [3.4105437, 45.1485516], [3.4106112, 45.1486531], [3.4104347, 45.1487113], [3.4103642, 45.1486106]]]]}, "properties": {"type": "01", "nom": null, "commune": "43118", "created": "2014-08-08", "updated": "2018-06-12"}}, {"type": "Feature", "geometry": {"type": "MultiPolygon", "coordinates": [[[[3.4063414, 45.1520314], [3.4063063, 45.1519799], [3.4063699, 45.1519582], [3.4064049, 45.1520098], [3.4063414, 45.1520314]]]]}, "properties": {"type": "01", "nom": null, "commune": "43118", "created": "2017-03-28", "updated": "2018-06-12"}}, {"type": "Feature", "geometry": {"type": "MultiPolygon", "coordinates": [[[[3.4064049, 45.1520098], [3.4063699, 45.1519582], [3.4064857, 45.1519188], [3.4065208, 45.1519703], [3.4064049, 45.1520098]]]]}, "properties": {"type": "02", "nom": null, "commune": "43118", "created": "2017-03-28", "updated": "2018-06-12"}}, {"type": "Feature", "geometry": {"type": "MultiPolygon", "coordinates": [[[[3.406042, 45.1521934], [3.4059456, 45.152053], [3.4059472, 45.1520525], [3.4059854, 45.1521082], [3.4059948, 45.1521215], [3.4060064, 45.1521181], [3.4060539, 45.1521895], [3.406042, 45.1521934]]]]}, "properties": {"type": "01", "nom": null, "commune": "43118", "created": "2014-08-08", "updated": "2018-06-12"}}, {"type": "Feature", "geometry": {"type": "MultiPolygon", "coordinates": [[[[3.40535, 45.1520657], [3.4053023, 45.1520769], [3.4052903, 45.1520026], [3.4053308, 45.1519969], [3.40535, 45.1520657]]]]}, "properties": {"type": "01", "nom": null, "commune": "43118", "created": "2014-08-08", "updated": "2018-06-12"}}, {"type": "Feature", "geometry": {"type": "MultiPolygon", "coordinates": [[[[3.4063937, 45.1517066], [3.4064839, 45.1516541], [3.4065863, 45.1517436], [3.4065006, 45.1517947], [3.4063937, 45.1517066]]]]}, "properties": {"type": "01", "nom": null, "commune": "43118", "created": "2014-08-08", "updated": "2018-06-12"}}, {"type": "Feature", "geometry": {"type": "MultiPolygon", "coordinates": [[[[3.4054793, 45.1518377], [3.4055895, 45.1517969], [3.4056662, 45.1518965], [3.4055547, 45.1519375], [3.4054793, 45.1518377]]]]}, "properties": {"type": "01", "nom": null, "commune": "43118", "created": "2014-08-08", "updated": "2018-06-12"}}, {"type": "Feature", "geometry": {"type": "MultiPolygon", "coordinates": [[[[3.4055599, 45.1520542], [3.405585, 45.1520962], [3.4054871, 45.1521254], [3.4054616, 45.1520834], [3.4055599, 45.1520542]]]]}, "properties": {"type": "01", "nom": null, "commune": "43118", "created": "2014-08-08", "updated": "2018-06-12"}}, {"type": "Feature", "geometry": {"type": "MultiPolygon", "coordinates": [[[[3.4059456, 45.152053], [3.406042, 45.1521934], [3.4059528, 45.1522231], [3.4058595, 45.1520826], [3.4059456, 45.152053]]]]}, "properties": {"type": "01", "nom": null, "commune": "43118", "created": "2014-08-08", "updated": "2018-06-12"}}, {"type": "Feature", "geometry": {"type": "MultiPolygon", "coordinates": [[[[3.406361, 45.1524056], [3.4063173, 45.1524226], [3.4062745, 45.15237], [3.4063196, 45.1523517], [3.4063105, 45.1523406], [3.4064214, 45.1522955], [3.4064287, 45.1523047], [3.4064855, 45.1522823], [3.4065297, 45.1523368], [3.406361, 45.1524056]]]]}, "properties": {"type": "01", "nom": null, "commune": "43118", "created": "2014-08-08", "updated": "2018-06-12"}}, {"type": "Feature", "geometry": {"type": "MultiPolygon", "coordinates": [[[[3.4059854, 45.1521082], [3.4059967, 45.1521043], [3.4060064, 45.1521181], [3.4059948, 45.1521215], [3.4059854, 45.1521082]]]]}, "properties": {"type": "02", "nom": null, "commune": "43118", "created": "2014-08-08", "updated": "2018-06-12"}}, {"type": "Feature", "geometry": {"type": "MultiPolygon", "coordinates": [[[[3.405585, 45.1520962], [3.4055599, 45.1520542], [3.4055944, 45.1520438], [3.4056197, 45.1520858], [3.405585, 45.1520962]]]]}, "properties": {"type": "02", "nom": null, "commune": "43118", "created": "2014-08-08", "updated": "2018-06-12"}}, {"type": "Feature", "geometry": {"type": "MultiPolygon", "coordinates": [[[[3.4049497, 45.1521968], [3.4050973, 45.1521688], [3.4051493, 45.1523052], [3.4050016, 45.1523334], [3.4049497, 45.1521968]]]]}, "properties": {"type": "01", "nom": null, "commune": "43118", "created": "2014-08-08", "updated": "2018-06-12"}}, {"type": "Feature", "geometry": {"type": "MultiPolygon", "coordinates": [[[[3.4076371, 45.1507324], [3.40765, 45.150676], [3.4077707, 45.1506898], [3.4077644, 45.1507174], [3.4077886, 45.1507202], [3.4077821, 45.150749], [3.4076371, 45.1507324]]]]}, "properties": {"type": "01", "nom": null, "commune": "43118", "created": "2017-03-28", "updated": "2018-06-12"}}, {"type": "Feature", "geometry": {"type": "MultiPolygon", "coordinates": [[[[3.4087854, 45.1508127], [3.4087935, 45.1508235], [3.408835, 45.1508757], [3.4088221, 45.1508804], [3.4088336, 45.1508962], [3.4088473, 45.1508912], [3.4088876, 45.1508753], [3.4089274, 45.1509262], [3.408816, 45.1509701], [3.4087788, 45.1509229], [3.4087399, 45.1509382], [3.4086838, 45.1508666], [3.4087505, 45.1508409], [3.4087415, 45.1508292], [3.4087854, 45.1508127]]]]}, "properties": {"type": "01", "nom": null, "commune": "43118", "created": "2014-08-08", "updated": "2018-06-12"}}, {"type": "Feature", "geometry": {"type": "MultiPolygon", "coordinates": [[[[3.4097018, 45.1509574], [3.4096434, 45.1510516], [3.4094988, 45.151009], [3.4095591, 45.1509114], [3.4097018, 45.1509574]]]]}, "properties": {"type": "01", "nom": null, "commune": "43118", "created": "2014-08-08", "updated": "2018-06-12"}}, {"type": "Feature", "geometry": {"type": "MultiPolygon", "coordinates": [[[[3.4091635, 45.1508893], [3.4090405, 45.1508363], [3.4090635, 45.1508114], [3.4091866, 45.1508641], [3.4091635, 45.1508893]]]]}, "properties": {"type": "01", "nom": null, "commune": "43118", "created": "2014-08-08", "updated": "2018-06-12"}}, {"type": "Feature", "geometry": {"type": "MultiPolygon", "coordinates": [[[[3.4092104, 45.1508543], [3.4091472, 45.150829], [3.4091795, 45.1507809], [3.4092404, 45.1508052], [3.4092104, 45.1508543]]]]}, "properties": {"type": "01", "nom": null, "commune": "43118", "created": "2014-08-08", "updated": "2018-06-12"}}, {"type": "Feature", "geometry": {"type": "MultiPolygon", "coordinates": [[[[3.4093598, 45.1504774], [3.4094253, 45.1504949], [3.4093771, 45.1505893], [3.4093115, 45.1505731], [3.4093598, 45.1504774]]]]}, "properties": {"type": "01", "nom": null, "commune": "43118", "created": "2014-08-08", "updated": "2018-06-12"}}, {"type": "Feature", "geometry": {"type": "MultiPolygon", "coordinates": [[[[3.4091416, 45.1505841], [3.4090455, 45.1505818], [3.4090467, 45.1505396], [3.4091428, 45.1505411], [3.4091416, 45.1505841]]]]}, "properties": {"type": "01", "nom": null, "commune": "43118", "created": "2014-08-08", "updated": "2018-06-12"}}, {"type": "Feature", "geometry": {"type": "MultiPolygon", "coordinates": [[[[3.4088216, 45.1506047], [3.4087053, 45.150606], [3.4087042, 45.1505243], [3.4088215, 45.1505245], [3.4088216, 45.1506047]]]]}, "properties": {"type": "01", "nom": null, "commune": "43118", "created": "2014-08-08", "updated": "2018-06-12"}}, {"type": "Feature", "geometry": {"type": "MultiPolygon", "coordinates": [[[[3.4091472, 45.150829], [3.4091011, 45.1508107], [3.4091309, 45.1507467], [3.4091887, 45.1507673], [3.4091795, 45.1507809], [3.4091472, 45.150829]]]]}, "properties": {"type": "02", "nom": null, "commune": "43118", "created": "2014-08-08", "updated": "2018-06-12"}}, {"type": "Feature", "geometry": {"type": "MultiPolygon", "coordinates": [[[[3.4086838, 45.1508666], [3.4086743, 45.1508545], [3.4087415, 45.1508292], [3.4087505, 45.1508409], [3.4086838, 45.1508666]]]]}, "properties": {"type": "02", "nom": null, "commune": "43118", "created": "2014-08-08", "updated": "2018-06-12"}}, {"type": "Feature", "geometry": {"type": "MultiPolygon", "coordinates": [[[[3.4088538, 45.1508682], [3.408835, 45.1508757], [3.4087935, 45.1508235], [3.4088124, 45.150816], [3.4088538, 45.1508682]]]]}, "properties": {"type": "02", "nom": null, "commune": "43118", "created": "2014-08-08", "updated": "2018-06-12"}}, {"type": "Feature", "geometry": {"type": "MultiPolygon", "coordinates": [[[[3.408835, 45.1508757], [3.4088473, 45.1508912], [3.4088336, 45.1508962], [3.4088221, 45.1508804], [3.408835, 45.1508757]]]]}, "properties": {"type": "02", "nom": null, "commune": "43118", "created": "2014-08-08", "updated": "2018-06-12"}}, {"type": "Feature", "geometry": {"type": "MultiPolygon", "coordinates": [[[[3.4089717, 45.1512968], [3.4089477, 45.1512681], [3.4090251, 45.1512364], [3.4090706, 45.151253], [3.4089717, 45.1512968]]]]}, "properties": {"type": "02", "nom": null, "commune": "43118", "created": "2014-08-08", "updated": "2018-06-12"}}, {"type": "Feature", "geometry": {"type": "MultiPolygon", "coordinates": [[[[3.4081039, 45.1503926], [3.4080819, 45.1503879], [3.4080679, 45.1503848], [3.4080918, 45.1503327], [3.408131, 45.1503461], [3.4081039, 45.1503926]]]]}, "properties": {"type": "02", "nom": null, "commune": "43118", "created": "2014-08-08", "updated": "2018-06-12"}}, {"type": "Feature", "geometry": {"type": "MultiPolygon", "coordinates": [[[[3.407877, 45.150256], [3.4079305, 45.1502754], [3.4079147, 45.1502985], [3.4078608, 45.1502802], [3.407877, 45.150256]]]]}, "properties": {"type": "01", "nom": null, "commune": "43118", "created": "2014-08-08", "updated": "2018-06-12"}}, {"type": "Feature", "geometry": {"type": "MultiPolygon", "coordinates": [[[[3.4077577, 45.1503889], [3.4077942, 45.1503256], [3.4080679, 45.1503848], [3.4080819, 45.1503879], [3.4080441, 45.150453], [3.4077577, 45.1503889]]]]}, "properties": {"type": "01", "nom": null, "commune": "43118", "created": "2014-08-08", "updated": "2018-06-12"}}, {"type": "Feature", "geometry": {"type": "MultiPolygon", "coordinates": [[[[3.4069272, 45.1518433], [3.406969, 45.1518206], [3.407058, 45.1519034], [3.407016, 45.1519259], [3.4069272, 45.1518433]]]]}, "properties": {"type": "01", "nom": null, "commune": "43118", "created": "2014-08-08", "updated": "2018-06-12"}}, {"type": "Feature", "geometry": {"type": "MultiPolygon", "coordinates": [[[[3.4071357, 45.1523534], [3.4070148, 45.1522117], [3.4070883, 45.1521804], [3.407209, 45.1523221], [3.4071357, 45.1523534]]]]}, "properties": {"type": "01", "nom": null, "commune": "43118", "created": "2014-08-08", "updated": "2018-06-12"}}, {"type": "Feature", "geometry": {"type": "MultiPolygon", "coordinates": [[[[3.4064776, 45.1522727], [3.4064855, 45.1522823], [3.4064287, 45.1523047], [3.4064214, 45.1522955], [3.4064776, 45.1522727]]]]}, "properties": {"type": "02", "nom": null, "commune": "43118", "created": "2014-08-08", "updated": "2018-06-12"}}, {"type": "Feature", "geometry": {"type": "MultiPolygon", "coordinates": [[[[3.4095948, 45.1492935], [3.4096762, 45.1492541], [3.4096643, 45.1492419], [3.4097023, 45.1492236], [3.4097142, 45.1492359], [3.4097515, 45.1492177], [3.4097813, 45.1492484], [3.409747, 45.149266], [3.409782, 45.1493042], [3.4097445, 45.1493224], [3.4097116, 45.1492878], [3.4096284, 45.1493283], [3.4095948, 45.1492935]]]]}, "properties": {"type": "01", "nom": null, "commune": "43118", "created": "2014-08-08", "updated": "2018-06-12"}}, {"type": "Feature", "geometry": {"type": "MultiPolygon", "coordinates": [[[[3.4110976, 45.1495443], [3.4109524, 45.1492402], [3.4110681, 45.1492142], [3.411206, 45.1495198], [3.4110976, 45.1495443]]]]}, "properties": {"type": "01", "nom": null, "commune": "43118", "created": "2014-08-08", "updated": "2018-06-12"}}, {"type": "Feature", "geometry": {"type": "MultiPolygon", "coordinates": [[[[3.4103982, 45.1505746], [3.4103883, 45.1505626], [3.4104669, 45.1505304], [3.4104766, 45.1505425], [3.4103982, 45.1505746]]]]}, "properties": {"type": "02", "nom": null, "commune": "43118", "created": "2014-08-08", "updated": "2018-06-12"}}, {"type": "Feature", "geometry": {"type": "MultiPolygon", "coordinates": [[[[3.4104766, 45.1505425], [3.4106002, 45.1504918], [3.4106423, 45.1505434], [3.4106748, 45.1505301], [3.4107159, 45.1505803], [3.4106817, 45.1505943], [3.4106763, 45.1505877], [3.4105501, 45.1506393], [3.4105119, 45.1505967], [3.4104394, 45.1506259], [3.4103982, 45.1505746], [3.4104766, 45.1505425]]]]}, "properties": {"type": "01", "nom": null, "commune": "43118", "created": "2014-08-08", "updated": "2018-06-12"}}, {"type": "Feature", "geometry": {"type": "MultiPolygon", "coordinates": [[[[3.4111024, 45.1507017], [3.411061, 45.1507038], [3.411035, 45.1506794], [3.4110657, 45.1506651], [3.4111024, 45.1507017]]]]}, "properties": {"type": "01", "nom": null, "commune": "43118", "created": "2014-08-08", "updated": "2018-06-12"}}, {"type": "Feature", "geometry": {"type": "MultiPolygon", "coordinates": [[[[3.4116199, 45.1512652], [3.4115958, 45.1512799], [3.4115823, 45.1512879], [3.4115578, 45.1512667], [3.4115924, 45.151244], [3.4116199, 45.1512652]]]]}, "properties": {"type": "01", "nom": null, "commune": "43118", "created": "2014-08-08", "updated": "2018-06-12"}}, {"type": "Feature", "geometry": {"type": "MultiPolygon", "coordinates": [[[[3.4116516, 45.1510213], [3.4116074, 45.1510233], [3.4116026, 45.1509673], [3.4117257, 45.1509618], [3.4117211, 45.1509183], [3.4117952, 45.1509146], [3.4118058, 45.1510143], [3.4117432, 45.151017], [3.4117457, 45.1510455], [3.411654, 45.1510496], [3.4116516, 45.1510213]]]]}, "properties": {"type": "01", "nom": null, "commune": "43118", "created": "2014-08-08", "updated": "2018-06-12"}}, {"type": "Feature", "geometry": {"type": "MultiPolygon", "coordinates": [[[[3.4110888, 45.1508366], [3.4111459, 45.1508883], [3.4110857, 45.1509218], [3.4110269, 45.1508688], [3.4110888, 45.1508366]]]]}, "properties": {"type": "01", "nom": null, "commune": "43118", "created": "2014-08-08", "updated": "2018-06-12"}}, {"type": "Feature", "geometry": {"type": "MultiPolygon", "coordinates": [[[[3.4110794, 45.1509636], [3.4111406, 45.1510081], [3.410997, 45.1511076], [3.4109356, 45.1510634], [3.4110794, 45.1509636]]]]}, "properties": {"type": "01", "nom": null, "commune": "43118", "created": "2014-08-08", "updated": "2018-06-12"}}, {"type": "Feature", "geometry": {"type": "MultiPolygon", "coordinates": [[[[3.410518, 45.1508016], [3.4105635, 45.1508], [3.4105953, 45.1508302], [3.4105656, 45.1508456], [3.410518, 45.1508016]]]]}, "properties": {"type": "01", "nom": null, "commune": "43118", "created": "2014-08-08", "updated": "2018-06-12"}}, {"type": "Feature", "geometry": {"type": "MultiPolygon", "coordinates": [[[[3.4107816, 45.1509532], [3.4107632, 45.1509604], [3.410744, 45.1509695], [3.4107262, 45.1509798], [3.4106707, 45.1509299], [3.4107275, 45.1509007], [3.4107816, 45.1509532]]]]}, "properties": {"type": "01", "nom": null, "commune": "43118", "created": "2014-08-08", "updated": "2018-06-12"}}, {"type": "Feature", "geometry": {"type": "MultiPolygon", "coordinates": [[[[3.4105646, 45.1509637], [3.4106561, 45.1509168], [3.4106707, 45.1509299], [3.4107262, 45.1509798], [3.41063, 45.1510324], [3.4105585, 45.1509675], [3.4105646, 45.1509637]]]]}, "properties": {"type": "01", "nom": null, "commune": "43118", "created": "2014-08-08", "updated": "2018-06-12"}}, {"type": "Feature", "geometry": {"type": "MultiPolygon", "coordinates": [[[[3.4105567, 45.1510722], [3.4103552, 45.1508862], [3.4104342, 45.1508456], [3.4105646, 45.1509637], [3.4105585, 45.1509675], [3.41063, 45.1510324], [3.4105567, 45.1510722]]]]}, "properties": {"type": "01", "nom": null, "commune": "43118", "created": "2014-08-08", "updated": "2018-06-12"}}, {"type": "Feature", "geometry": {"type": "MultiPolygon", "coordinates": [[[[3.4102943, 45.150908], [3.4103098, 45.1509218], [3.4103516, 45.1509649], [3.4103561, 45.1509727], [3.4102964, 45.1510009], [3.4102344, 45.1509369], [3.4102943, 45.150908]]]]}, "properties": {"type": "01", "nom": null, "commune": "43118", "created": "2014-08-08", "updated": "2018-06-12"}}, {"type": "Feature", "geometry": {"type": "MultiPolygon", "coordinates": [[[[3.4110263, 45.1517961], [3.4108936, 45.1517585], [3.4109223, 45.1517082], [3.4110543, 45.1517459], [3.4110263, 45.1517961]]]]}, "properties": {"type": "02", "nom": null, "commune": "43118", "created": "2014-08-08", "updated": "2018-06-12"}}, {"type": "Feature", "geometry": {"type": "MultiPolygon", "coordinates": [[[[3.4111805, 45.1517965], [3.411165, 45.1518197], [3.4111202, 45.1518056], [3.4111328, 45.1517832], [3.4111805, 45.1517965]]]]}, "properties": {"type": "02", "nom": null, "commune": "43118", "created": "2014-08-08", "updated": "2018-06-12"}}, {"type": "Feature", "geometry": {"type": "MultiPolygon", "coordinates": [[[[3.4109242, 45.1515035], [3.4112341, 45.1515916], [3.4112059, 45.1516414], [3.410897, 45.1515543], [3.4109242, 45.1515035]]]]}, "properties": {"type": "01", "nom": null, "commune": "43118", "created": "2014-08-08", "updated": "2018-06-12"}}, {"type": "Feature", "geometry": {"type": "MultiPolygon", "coordinates": [[[[3.4108936, 45.1517585], [3.4108013, 45.1517324], [3.4108287, 45.1516825], [3.4109223, 45.1517082], [3.4108936, 45.1517585]]]]}, "properties": {"type": "01", "nom": null, "commune": "43118", "created": "2014-08-08", "updated": "2018-06-12"}}, {"type": "Feature", "geometry": {"type": "MultiPolygon", "coordinates": [[[[3.4111202, 45.1518056], [3.4111111, 45.1518201], [3.4110263, 45.1517961], [3.4110543, 45.1517459], [3.4111412, 45.1517702], [3.4111328, 45.1517832], [3.4111202, 45.1518056]]]]}, "properties": {"type": "01", "nom": null, "commune": "43118", "created": "2014-08-08", "updated": "2018-06-12"}}, {"type": "Feature", "geometry": {"type": "MultiPolygon", "coordinates": [[[[3.4106891, 45.1522251], [3.4105213, 45.1521797], [3.4106071, 45.1520234], [3.4107753, 45.1520721], [3.4107429, 45.1521282], [3.4108072, 45.1521468], [3.410769, 45.1522128], [3.4107066, 45.1521949], [3.4106891, 45.1522251]]]]}, "properties": {"type": "01", "nom": null, "commune": "43118", "created": "2014-08-08", "updated": "2018-06-12"}}, {"type": "Feature", "geometry": {"type": "MultiPolygon", "coordinates": [[[[3.41067, 45.1511641], [3.4108457, 45.1510544], [3.4110115, 45.1511887], [3.4108368, 45.151299], [3.41067, 45.1511641]]]]}, "properties": {"type": "01", "nom": null, "commune": "43118", "created": "2015-02-04", "updated": "2018-06-12"}}, {"type": "Feature", "geometry": {"type": "MultiPolygon", "coordinates": [[[[3.4108272, 45.1507903], [3.4110318, 45.1507825], [3.4110388, 45.1508488], [3.4108309, 45.150856], [3.4108272, 45.1507903]]]]}, "properties": {"type": "02", "nom": null, "commune": "43118", "created": "2015-02-04", "updated": "2018-06-12"}}, {"type": "Feature", "geometry": {"type": "MultiPolygon", "coordinates": [[[[3.4054918, 45.15322], [3.4055061, 45.153232], [3.405509, 45.1532343], [3.4055028, 45.1532376], [3.4054989, 45.1532356], [3.4054901, 45.1532404], [3.4054765, 45.1532291], [3.4054918, 45.15322]]]]}, "properties": {"type": "01", "nom": null, "commune": "43118", "created": "2014-08-08", "updated": "2018-06-12"}}, {"type": "Feature", "geometry": {"type": "MultiPolygon", "coordinates": [[[[3.4055245, 45.1524366], [3.4055981, 45.152555], [3.4054775, 45.1525878], [3.4054042, 45.1524702], [3.4055245, 45.1524366]]]]}, "properties": {"type": "01", "nom": null, "commune": "43118", "created": "2014-08-08", "updated": "2018-06-12"}}, {"type": "Feature", "geometry": {"type": "MultiPolygon", "coordinates": [[[[3.4070961, 45.1528246], [3.4071276, 45.1528385], [3.4071071, 45.1528617], [3.4071801, 45.1528936], [3.4071371, 45.1529363], [3.4070247, 45.1529309], [3.4069795, 45.1529113], [3.4068977, 45.1529086], [3.4068592, 45.1529229], [3.4067708, 45.1529187], [3.4067531, 45.152894], [3.4068573, 45.1528559], [3.4069002, 45.152807], [3.4069108, 45.1527342], [3.4070305, 45.1527341], [3.4070283, 45.1527587], [3.4070678, 45.1527595], [3.4070667, 45.1527857], [3.4070877, 45.1527861], [3.4071067, 45.1528125], [3.4070961, 45.1528246]]]]}, "properties": {"type": "01", "nom": null, "commune": "43118", "created": "2014-08-08", "updated": "2018-06-12"}}, {"type": "Feature", "geometry": {"type": "MultiPolygon", "coordinates": [[[[3.4058444, 45.1524919], [3.4059901, 45.1524329], [3.4060239, 45.1524745], [3.4059885, 45.1524889], [3.4060337, 45.1525442], [3.4059243, 45.1525902], [3.4058444, 45.1524919]]]]}, "properties": {"type": "01", "nom": null, "commune": "43118", "created": "2014-08-08", "updated": "2018-06-12"}}, {"type": "Feature", "geometry": {"type": "MultiPolygon", "coordinates": [[[[3.4061706, 45.1527085], [3.4062544, 45.1526752], [3.4063385, 45.1527796], [3.4062547, 45.1528133], [3.4061706, 45.1527085]]]]}, "properties": {"type": "01", "nom": null, "commune": "43118", "created": "2014-08-08", "updated": "2018-06-12"}}, {"type": "Feature", "geometry": {"type": "MultiPolygon", "coordinates": [[[[3.4062065, 45.1525786], [3.4062737, 45.152552], [3.4063178, 45.1526074], [3.406181, 45.1526628], [3.4061877, 45.1526714], [3.4061479, 45.1526871], [3.4061092, 45.1526383], [3.4061478, 45.1526208], [3.4061291, 45.1525973], [3.4061991, 45.1525695], [3.4062065, 45.1525786]]]]}, "properties": {"type": "01", "nom": null, "commune": "43118", "created": "2014-08-08", "updated": "2018-06-12"}}, {"type": "Feature", "geometry": {"type": "MultiPolygon", "coordinates": [[[[3.4057596, 45.1528182], [3.4056827, 45.1527257], [3.4057875, 45.1526825], [3.4058637, 45.1527755], [3.4057596, 45.1528182]]]]}, "properties": {"type": "01", "nom": null, "commune": "43118", "created": "2014-08-08", "updated": "2018-06-12"}}, {"type": "Feature", "geometry": {"type": "MultiPolygon", "coordinates": [[[[3.4060385, 45.1527552], [3.4060879, 45.152808], [3.4060247, 45.1528375], [3.4059737, 45.1527834], [3.4060385, 45.1527552]]]]}, "properties": {"type": "01", "nom": null, "commune": "43118", "created": "2014-08-08", "updated": "2018-06-12"}}, {"type": "Feature", "geometry": {"type": "MultiPolygon", "coordinates": [[[[3.4059092, 45.1528879], [3.405987, 45.1528546], [3.4060401, 45.1529174], [3.4059618, 45.1529505], [3.4059092, 45.1528879]]]]}, "properties": {"type": "01", "nom": null, "commune": "43118", "created": "2014-08-08", "updated": "2018-06-12"}}, {"type": "Feature", "geometry": {"type": "MultiPolygon", "coordinates": [[[[3.4062737, 45.152552], [3.4062065, 45.1525786], [3.4061991, 45.1525695], [3.4062656, 45.1525421], [3.4062737, 45.152552]]]]}, "properties": {"type": "02", "nom": null, "commune": "43118", "created": "2014-08-08", "updated": "2018-06-12"}}, {"type": "Feature", "geometry": {"type": "MultiPolygon", "coordinates": [[[[3.4063384, 45.1524496], [3.4063173, 45.1524226], [3.406361, 45.1524056], [3.4063816, 45.1524318], [3.4063667, 45.152438], [3.4063384, 45.1524496]]]]}, "properties": {"type": "02", "nom": null, "commune": "43118", "created": "2014-08-08", "updated": "2018-06-12"}}, {"type": "Feature", "geometry": {"type": "MultiPolygon", "coordinates": [[[[3.4055245, 45.1524366], [3.4055613, 45.1524252], [3.4056337, 45.1525415], [3.4055981, 45.152555], [3.4055245, 45.1524366]]]]}, "properties": {"type": "02", "nom": null, "commune": "43118", "created": "2014-08-08", "updated": "2018-06-12"}}, {"type": "Feature", "geometry": {"type": "MultiPolygon", "coordinates": [[[[3.4064582, 45.1539792], [3.4065858, 45.153995], [3.4065749, 45.1540129], [3.406647, 45.1540352], [3.4066169, 45.1540845], [3.4065934, 45.1540773], [3.4065699, 45.1541157], [3.4065926, 45.1541227], [3.4065615, 45.1541733], [3.4065391, 45.1541664], [3.4065447, 45.1541571], [3.4064301, 45.1541219], [3.4065073, 45.1539954], [3.4064582, 45.1539792]]]]}, "properties": {"type": "01", "nom": null, "commune": "43118", "created": "2014-08-08", "updated": "2018-06-12"}}, {"type": "Feature", "geometry": {"type": "MultiPolygon", "coordinates": [[[[3.4065858, 45.153995], [3.4064582, 45.1539792], [3.4064768, 45.1539492], [3.406498, 45.1539145], [3.4066135, 45.15395], [3.4065858, 45.153995]]]]}, "properties": {"type": "01", "nom": null, "commune": "43118", "created": "2014-08-08", "updated": "2018-06-12"}}, {"type": "Feature", "geometry": {"type": "MultiPolygon", "coordinates": [[[[3.4065323, 45.1534247], [3.4066385, 45.1533717], [3.4066442, 45.1533775], [3.4066647, 45.1533676], [3.4067033, 45.1534059], [3.4065745, 45.1534684], [3.4065323, 45.1534247]]]]}, "properties": {"type": "01", "nom": null, "commune": "43118", "created": "2014-08-08", "updated": "2018-06-12"}}, {"type": "Feature", "geometry": {"type": "MultiPolygon", "coordinates": [[[[3.4066108, 45.153343], [3.4066385, 45.1533717], [3.4065323, 45.1534247], [3.4064712, 45.1533617], [3.4065444, 45.1533264], [3.40658, 45.1533093], [3.4065686, 45.1532974], [3.4065875, 45.1532881], [3.4066319, 45.1533332], [3.4066108, 45.153343]]]]}, "properties": {"type": "01", "nom": null, "commune": "43118", "created": "2014-08-08", "updated": "2018-06-12"}}, {"type": "Feature", "geometry": {"type": "MultiPolygon", "coordinates": [[[[3.4065663, 45.1529467], [3.406614, 45.1529899], [3.4065616, 45.1530194], [3.4066098, 45.1530622], [3.4065491, 45.1530963], [3.4065938, 45.1531361], [3.4065341, 45.1531697], [3.4064418, 45.1530875], [3.4064966, 45.1530566], [3.4064349, 45.1530017], [3.4063118, 45.1530709], [3.4062897, 45.1530519], [3.4061672, 45.1531239], [3.4060761, 45.1530403], [3.4061356, 45.1530053], [3.4061794, 45.1530442], [3.406242, 45.1530087], [3.4062641, 45.1530283], [3.4063271, 45.1529928], [3.4062831, 45.1529537], [3.406342, 45.1529203], [3.4063961, 45.1529682], [3.4064559, 45.1529344], [3.4065074, 45.15298], [3.4065663, 45.1529467]]]]}, "properties": {"type": "01", "nom": null, "commune": "43118", "created": "2014-08-08", "updated": "2018-06-12"}}, {"type": "Feature", "geometry": {"type": "MultiPolygon", "coordinates": [[[[3.4062671, 45.1532013], [3.4063274, 45.1531652], [3.4063719, 45.1532038], [3.4064642, 45.1531507], [3.406512, 45.1531925], [3.4063584, 45.1532809], [3.4062671, 45.1532013]]]]}, "properties": {"type": "01", "nom": null, "commune": "43118", "created": "2014-08-08", "updated": "2018-06-12"}}, {"type": "Feature", "geometry": {"type": "MultiPolygon", "coordinates": [[[[3.406058, 45.1532323], [3.4061088, 45.1532028], [3.4061871, 45.1532706], [3.4061967, 45.153265], [3.4062503, 45.1533117], [3.4062009, 45.1533402], [3.40615, 45.1532961], [3.4061391, 45.1533024], [3.406058, 45.1532323]]]]}, "properties": {"type": "01", "nom": null, "commune": "43118", "created": "2014-08-08", "updated": "2018-06-12"}}, {"type": "Feature", "geometry": {"type": "MultiPolygon", "coordinates": [[[[3.4061088, 45.1532028], [3.406058, 45.1532323], [3.4060326, 45.1532103], [3.4059942, 45.1532326], [3.4058928, 45.1531448], [3.4059761, 45.1530981], [3.4060739, 45.1531827], [3.4060891, 45.1531734], [3.4061182, 45.1531974], [3.4061088, 45.1532028]]]]}, "properties": {"type": "01", "nom": null, "commune": "43118", "created": "2014-08-08", "updated": "2018-06-12"}}, {"type": "Feature", "geometry": {"type": "MultiPolygon", "coordinates": [[[[3.4055303, 45.1536585], [3.4054428, 45.1536771], [3.4054171, 45.1536149], [3.4054516, 45.1536078], [3.4054228, 45.1535382], [3.4054763, 45.1535272], [3.4055303, 45.1536585]]]]}, "properties": {"type": "01", "nom": null, "commune": "43118", "created": "2014-08-08", "updated": "2018-06-12"}}, {"type": "Feature", "geometry": {"type": "MultiPolygon", "coordinates": [[[[3.4055028, 45.1532376], [3.405509, 45.1532343], [3.4055295, 45.1532527], [3.4054387, 45.1533028], [3.4054147, 45.1532822], [3.4054176, 45.1532802], [3.4054901, 45.1532404], [3.4054989, 45.1532356], [3.4055028, 45.1532376]]]]}, "properties": {"type": "01", "nom": null, "commune": "43118", "created": "2014-08-08", "updated": "2018-06-12"}}, {"type": "Feature", "geometry": {"type": "MultiPolygon", "coordinates": [[[[3.4056255, 45.1531732], [3.4055061, 45.153232], [3.4054918, 45.15322], [3.4054364, 45.1531671], [3.4055837, 45.1530901], [3.4055981, 45.1530864], [3.4056242, 45.1530895], [3.4056837, 45.1531437], [3.4056255, 45.1531732]]]]}, "properties": {"type": "01", "nom": null, "commune": "43118", "created": "2014-08-08", "updated": "2018-06-12"}}, {"type": "Feature", "geometry": {"type": "MultiPolygon", "coordinates": [[[[3.4053951, 45.1529279], [3.4052833, 45.1529684], [3.4052019, 45.1528535], [3.405286, 45.1528236], [3.405331, 45.152887], [3.4053215, 45.1528903], [3.4053345, 45.1529087], [3.4053721, 45.1528953], [3.4053951, 45.1529279]]]]}, "properties": {"type": "01", "nom": null, "commune": "43118", "created": "2014-08-08", "updated": "2018-06-12"}}, {"type": "Feature", "geometry": {"type": "MultiPolygon", "coordinates": [[[[3.4052833, 45.1529684], [3.4053951, 45.1529279], [3.4054226, 45.1529689], [3.4053061, 45.1530001], [3.4052833, 45.1529684]]]]}, "properties": {"type": "02", "nom": null, "commune": "43118", "created": "2014-08-08", "updated": "2018-06-12"}}, {"type": "Feature", "geometry": {"type": "MultiPolygon", "coordinates": [[[[3.4055295, 45.1532527], [3.405509, 45.1532343], [3.4055061, 45.153232], [3.4056255, 45.1531732], [3.4057133, 45.1532527], [3.4056006, 45.1533138], [3.4055896, 45.1533066], [3.4055295, 45.1532527]]]]}, "properties": {"type": "02", "nom": null, "commune": "43118", "created": "2014-08-08", "updated": "2018-06-12"}}, {"type": "Feature", "geometry": {"type": "MultiPolygon", "coordinates": [[[[3.4055913, 45.1534416], [3.4054387, 45.1533028], [3.4055295, 45.1532527], [3.4055896, 45.1533066], [3.4056006, 45.1533138], [3.4056863, 45.1533906], [3.4055913, 45.1534416]]]]}, "properties": {"type": "02", "nom": null, "commune": "43118", "created": "2014-08-08", "updated": "2018-06-12"}}, {"type": "Feature", "geometry": {"type": "MultiPolygon", "coordinates": [[[[3.4058442, 45.1535349], [3.4057506, 45.1535865], [3.4055913, 45.1534416], [3.4056863, 45.1533906], [3.4058442, 45.1535349]]]]}, "properties": {"type": "02", "nom": null, "commune": "43118", "created": "2014-08-08", "updated": "2018-06-12"}}, {"type": "Feature", "geometry": {"type": "MultiPolygon", "coordinates": [[[[3.4070162, 45.1542611], [3.4069947, 45.154295], [3.4070057, 45.1542985], [3.4069644, 45.1543641], [3.4068459, 45.1543262], [3.4069097, 45.1542272], [3.4070162, 45.1542611]]]]}, "properties": {"type": "01", "nom": null, "commune": "43118", "created": "2014-08-08", "updated": "2018-06-12"}}, {"type": "Feature", "geometry": {"type": "MultiPolygon", "coordinates": [[[[3.4070504, 45.1541564], [3.4069677, 45.1541328], [3.4070101, 45.1540564], [3.4069909, 45.154051], [3.4070136, 45.1540102], [3.4071174, 45.1540391], [3.4070967, 45.1540741], [3.4071223, 45.1540817], [3.4070904, 45.154137], [3.4070651, 45.15413], [3.4070504, 45.1541564]]]]}, "properties": {"type": "01", "nom": null, "commune": "43118", "created": "2014-08-08", "updated": "2018-06-12"}}, {"type": "Feature", "geometry": {"type": "MultiPolygon", "coordinates": [[[[3.4076149, 45.1538674], [3.407486, 45.1538586], [3.4075088, 45.1536865], [3.4076387, 45.1536962], [3.4076149, 45.1538674]]]]}, "properties": {"type": "01", "nom": null, "commune": "43118", "created": "2014-08-08", "updated": "2018-06-12"}}, {"type": "Feature", "geometry": {"type": "MultiPolygon", "coordinates": [[[[3.4074994, 45.1535998], [3.4073372, 45.1535869], [3.4073522, 45.1534991], [3.4075143, 45.153513], [3.4074994, 45.1535998]]]]}, "properties": {"type": "01", "nom": null, "commune": "43118", "created": "2014-08-08", "updated": "2018-06-12"}}, {"type": "Feature", "geometry": {"type": "MultiPolygon", "coordinates": [[[[3.4077889, 45.1537019], [3.4076631, 45.1536917], [3.4076857, 45.1535503], [3.4078137, 45.1535605], [3.4077889, 45.1537019]]]]}, "properties": {"type": "01", "nom": null, "commune": "43118", "created": "2014-08-08", "updated": "2018-06-12"}}, {"type": "Feature", "geometry": {"type": "MultiPolygon", "coordinates": [[[[3.407785, 45.1535282], [3.4075363, 45.1535106], [3.4075496, 45.1534177], [3.4077983, 45.1534355], [3.407785, 45.1535282]]]]}, "properties": {"type": "01", "nom": null, "commune": "43118", "created": "2014-08-08", "updated": "2018-06-12"}}, {"type": "Feature", "geometry": {"type": "MultiPolygon", "coordinates": [[[[3.4073616, 45.1534065], [3.4072297, 45.1533966], [3.4072546, 45.1532249], [3.4073892, 45.1532359], [3.4073616, 45.1534065]]]]}, "properties": {"type": "01", "nom": null, "commune": "43118", "created": "2014-08-08", "updated": "2018-06-12"}}, {"type": "Feature", "geometry": {"type": "MultiPolygon", "coordinates": [[[[3.4074073, 45.1532319], [3.4074314, 45.153088], [3.4075547, 45.1530975], [3.4075326, 45.1532415], [3.4074073, 45.1532319]]]]}, "properties": {"type": "01", "nom": null, "commune": "43118", "created": "2014-08-08", "updated": "2018-06-12"}}, {"type": "Feature", "geometry": {"type": "MultiPolygon", "coordinates": [[[[3.4072276, 45.1531616], [3.4069827, 45.1531485], [3.4069946, 45.1530571], [3.4072376, 45.1530724], [3.4072276, 45.1531616]]]]}, "properties": {"type": "01", "nom": null, "commune": "43118", "created": "2014-08-08", "updated": "2018-06-12"}}, {"type": "Feature", "geometry": {"type": "MultiPolygon", "coordinates": [[[[3.4074063, 45.1530844], [3.4072766, 45.1530741], [3.4072927, 45.1529588], [3.4074225, 45.1529679], [3.4074063, 45.1530844]]]]}, "properties": {"type": "01", "nom": null, "commune": "43118", "created": "2014-08-08", "updated": "2018-06-12"}}, {"type": "Feature", "geometry": {"type": "MultiPolygon", "coordinates": [[[[3.4081314, 45.1531187], [3.4080707, 45.1529396], [3.408121, 45.1529307], [3.4081821, 45.1531099], [3.4081314, 45.1531187]]]]}, "properties": {"type": "01", "nom": null, "commune": "43118", "created": "2014-08-08", "updated": "2018-06-12"}}, {"type": "Feature", "geometry": {"type": "MultiPolygon", "coordinates": [[[[3.4075153, 45.1528267], [3.4075191, 45.1528053], [3.4075304, 45.1527413], [3.4076142, 45.1527468], [3.4076157, 45.152735], [3.4076625, 45.1527396], [3.4076544, 45.1527815], [3.4076933, 45.1527854], [3.4076621, 45.1529619], [3.4076211, 45.1529583], [3.4076138, 45.153], [3.407566, 45.1529957], [3.4075776, 45.1529299], [3.4075463, 45.1529269], [3.4075492, 45.1529101], [3.4075239, 45.1529073], [3.4075166, 45.1529492], [3.4074892, 45.1529465], [3.4074995, 45.1528572], [3.4075098, 45.1528582], [3.4075153, 45.1528267]]]]}, "properties": {"type": "01", "nom": null, "commune": "43118", "created": "2014-08-08", "updated": "2018-06-12"}}, {"type": "Feature", "geometry": {"type": "MultiPolygon", "coordinates": [[[[3.4074678, 45.1528542], [3.4074995, 45.1528572], [3.4074892, 45.1529465], [3.4074516, 45.1529429], [3.4074678, 45.1528542]]]]}, "properties": {"type": "01", "nom": null, "commune": "43118", "created": "2014-08-08", "updated": "2018-06-12"}}, {"type": "Feature", "geometry": {"type": "MultiPolygon", "coordinates": [[[[3.4067708, 45.1529187], [3.4068592, 45.1529229], [3.4067918, 45.1529478], [3.4067708, 45.1529187]]]]}, "properties": {"type": "01", "nom": null, "commune": "43118", "created": "2014-08-08", "updated": "2018-06-12"}}, {"type": "Feature", "geometry": {"type": "MultiPolygon", "coordinates": [[[[3.4070247, 45.1529309], [3.4071371, 45.1529363], [3.4071068, 45.1529664], [3.4070247, 45.1529309]]]]}, "properties": {"type": "01", "nom": null, "commune": "43118", "created": "2014-08-08", "updated": "2018-06-12"}}, {"type": "Feature", "geometry": {"type": "MultiPolygon", "coordinates": [[[[3.4075056, 45.152804], [3.4075031, 45.1528255], [3.4074813, 45.1528233], [3.4074855, 45.152802], [3.4075056, 45.152804]]]]}, "properties": {"type": "02", "nom": null, "commune": "43118", "created": "2014-08-08", "updated": "2018-06-12"}}, {"type": "Feature", "geometry": {"type": "MultiPolygon", "coordinates": [[[[3.4075031, 45.1528255], [3.4075056, 45.152804], [3.4075191, 45.1528053], [3.4075153, 45.1528267], [3.4075031, 45.1528255]]]]}, "properties": {"type": "02", "nom": null, "commune": "43118", "created": "2014-08-08", "updated": "2018-06-12"}}, {"type": "Feature", "geometry": {"type": "MultiPolygon", "coordinates": [[[[3.4071276, 45.1528385], [3.4070961, 45.1528246], [3.4071067, 45.1528125], [3.4070877, 45.1527861], [3.4070667, 45.1527857], [3.4070678, 45.1527595], [3.4071075, 45.1527606], [3.4071482, 45.1528128], [3.4071276, 45.1528385]]]]}, "properties": {"type": "02", "nom": null, "commune": "43118", "created": "2014-08-08", "updated": "2018-06-12"}}, {"type": "Feature", "geometry": {"type": "MultiPolygon", "coordinates": [[[[3.4071174, 45.1540391], [3.4071429, 45.1540462], [3.4071223, 45.1540817], [3.4070967, 45.1540741], [3.4071174, 45.1540391]]]]}, "properties": {"type": "02", "nom": null, "commune": "43118", "created": "2014-08-08", "updated": "2018-06-12"}}, {"type": "Feature", "geometry": {"type": "MultiPolygon", "coordinates": [[[[3.4069947, 45.154295], [3.4070162, 45.1542611], [3.4070336, 45.1542664], [3.4070114, 45.1543005], [3.4070057, 45.1542985], [3.4069947, 45.154295]]]]}, "properties": {"type": "02", "nom": null, "commune": "43118", "created": "2014-08-08", "updated": "2018-06-12"}}, {"type": "Feature", "geometry": {"type": "MultiPolygon", "coordinates": [[[[3.4066345, 45.1538204], [3.4066334, 45.1538036], [3.4067651, 45.1537898], [3.406767, 45.1538158], [3.4066345, 45.1538204]]]]}, "properties": {"type": "01", "nom": null, "commune": "43118", "created": "2014-08-08", "updated": "2018-06-12"}}, {"type": "Feature", "geometry": {"type": "MultiPolygon", "coordinates": [[[[3.4067623, 45.1537496], [3.4067651, 45.1537898], [3.4066334, 45.1538036], [3.40663, 45.1537543], [3.4067039, 45.1537517], [3.4067573, 45.1537498], [3.4067623, 45.1537496]]]]}, "properties": {"type": "01", "nom": null, "commune": "43118", "created": "2014-08-08", "updated": "2018-06-12"}}, {"type": "Feature", "geometry": {"type": "MultiPolygon", "coordinates": [[[[3.4066886, 45.1535786], [3.4067123, 45.1535715], [3.4067393, 45.1536165], [3.4067156, 45.1536237], [3.406725, 45.1536393], [3.4066041, 45.1536759], [3.4065674, 45.1536152], [3.4066886, 45.1535786]]]]}, "properties": {"type": "01", "nom": null, "commune": "43118", "created": "2014-08-08", "updated": "2018-06-12"}}, {"type": "Feature", "geometry": {"type": "MultiPolygon", "coordinates": [[[[3.4066886, 45.1535786], [3.4065674, 45.1536152], [3.4065511, 45.1535879], [3.406533, 45.1535579], [3.4066772, 45.1535139], [3.406699, 45.153551], [3.4066755, 45.1535578], [3.4066886, 45.1535786]]]]}, "properties": {"type": "01", "nom": null, "commune": "43118", "created": "2014-08-08", "updated": "2018-06-12"}}, {"type": "Feature", "geometry": {"type": "MultiPolygon", "coordinates": [[[[3.40658, 45.1533093], [3.4065444, 45.1533264], [3.406533, 45.1533146], [3.4065686, 45.1532974], [3.40658, 45.1533093]]]]}, "properties": {"type": "02", "nom": null, "commune": "43118", "created": "2014-08-08", "updated": "2018-06-12"}}, {"type": "Feature", "geometry": {"type": "MultiPolygon", "coordinates": [[[[3.406533, 45.1535579], [3.4065511, 45.1535879], [3.4065326, 45.1535936], [3.4065145, 45.1535636], [3.406533, 45.1535579]]]]}, "properties": {"type": "02", "nom": null, "commune": "43118", "created": "2014-08-08", "updated": "2018-06-12"}}, {"type": "Feature", "geometry": {"type": "MultiPolygon", "coordinates": [[[[3.4067573, 45.1537498], [3.4067039, 45.1537517], [3.4067029, 45.1537362], [3.4067563, 45.1537346], [3.4067573, 45.1537498]]]]}, "properties": {"type": "02", "nom": null, "commune": "43118", "created": "2014-08-08", "updated": "2018-06-12"}}, {"type": "Feature", "geometry": {"type": "MultiPolygon", "coordinates": [[[[3.406498, 45.1539145], [3.4064768, 45.1539492], [3.4064574, 45.1539432], [3.4064784, 45.1539086], [3.406498, 45.1539145]]]]}, "properties": {"type": "02", "nom": null, "commune": "43118", "created": "2014-08-08", "updated": "2018-06-12"}}, {"type": "Feature", "geometry": {"type": "MultiPolygon", "coordinates": [[[[3.4257297, 45.1636306], [3.4257879, 45.1635806], [3.4257615, 45.1635661], [3.4257819, 45.1635476], [3.4262526, 45.163806], [3.4261761, 45.1638757], [3.4257297, 45.1636306]]]]}, "properties": {"type": "01", "nom": null, "commune": "43118", "created": "2014-08-08", "updated": "2018-06-12"}}, {"type": "Feature", "geometry": {"type": "MultiPolygon", "coordinates": [[[[3.4255214, 45.1637763], [3.4256385, 45.1637006], [3.4258648, 45.1638831], [3.4257454, 45.163957], [3.4255214, 45.1637763]]]]}, "properties": {"type": "01", "nom": null, "commune": "43118", "created": "2014-08-08", "updated": "2018-06-12"}}]}